# https://github.com/mikedh/trimesh

o geometry_0
v -0.20666789 -0.05932390 0.01398678
v -0.20249905 -0.04331097 0.02350554
v -0.20527545 -0.05727243 0.03278140
v -0.20058107 -0.02061232 0.02002887
v -0.20209722 -0.06457325 0.01333017
v -0.19656032 -0.07130393 0.02469961
v -0.19966447 -0.06325719 0.02314550
v -0.19944833 -0.04994183 0.00481757
v -0.20061031 -0.02510331 0.00894273
v -0.20035784 -0.02580417 0.02848537
v -0.19994184 -0.05463383 0.04732869
v -0.19864850 -0.02129541 0.03367243
v -0.20013197 -0.00940075 0.02673283
v -0.20112519 0.00362191 0.01392163
v -0.19635725 -0.06640497 0.00548855
v -0.19253942 -0.07959251 0.04328942
v -0.20020817 -0.06577039 0.03015267
v -0.19772997 -0.03686666 0.04332538
v -0.19844495 0.01546004 0.02255093
v -0.20079741 0.00881522 0.01246923
v -0.19761485 0.02316156 0.00539090
v -0.19552964 -0.07032152 0.02076146
v -0.19587423 -0.06383049 0.04554509
v -0.19131099 -0.06014580 0.05341679
v -0.19518222 -0.04486096 0.05412018
v -0.19788365 -0.00413062 0.03409524
v -0.19331539 0.01316007 0.03624725
v -0.19614649 0.01314978 0.00212744
v -0.19473782 0.04153079 0.02256314
v -0.19706546 0.04515836 0.00996193
v -0.19581901 0.06703512 0.00291915
v -0.19176410 -0.07722814 0.01906268
v -0.19064167 -0.04698559 0.00218738
v -0.18922675 -0.04998432 0.06683431
v -0.19682375 -0.00241645 0.00507797
v -0.19572169 0.03051487 0.02382979
v -0.19508135 0.01951552 0.00057209
v -0.19236495 0.02839417 0.03144489
v -0.19427915 0.05652678 0.01727521
v -0.19478250 0.06514259 -0.00786616
v -0.19251142 0.05935092 0.02027583
v -0.19380510 0.08810913 -0.00921050
v -0.19250506 0.09559076 0.00559159
v -0.19322799 -0.08269143 0.02505052
v -0.18910684 -0.04324929 0.06248201
v -0.18495290 -0.02430988 -0.00283963
v -0.19124900 -0.01351935 0.04657704
v -0.19067752 0.00541403 0.04176656
v -0.19315073 0.03710509 -0.00423069
v -0.19387704 0.07096007 -0.01193816
v -0.19039911 0.08328170 0.01784969
v -0.19283198 0.09097511 0.00823536
v -0.19121552 0.09229539 -0.02047262
v -0.18890198 -0.06246196 0.06420515
v -0.18600553 -0.02178334 0.05420041
v -0.18773153 0.02824586 -0.00647776
v -0.18980476 0.04480248 -0.01075569
v -0.19152963 0.09943888 -0.01662640
v -0.18923435 0.11629435 0.00332260
v -0.18687074 -0.07518480 0.06228217
v -0.18237880 -0.06814516 0.00648435
v -0.19018601 -0.05774606 0.00596067
v -0.18674979 0.02180077 0.04008580
v -0.18793796 0.00647900 0.04400520
v -0.18628535 0.04294495 -0.01311661
v -0.18702377 0.07282916 0.02478321
v -0.18755639 0.07303584 -0.02267599
v -0.18327650 0.10686293 0.01939183
v -0.18702056 0.09842637 0.01800592
v -0.18792379 0.11227340 -0.02286984
v -0.18478958 0.13349959 -0.00142620
v -0.18270059 -0.08301988 0.01047553
v -0.18896495 -0.08022779 0.01056861
v -0.17077088 -0.08682895 0.00401998
v -0.18641733 -0.05921287 0.01441432
v -0.19539598 -0.03216915 0.00025212
v -0.18520109 -0.00093269 0.04870281
v -0.18012652 0.03279626 -0.01102092
v -0.18520100 0.05314172 0.03123612
v -0.18761179 0.09399731 0.01899107
v -0.18831728 0.10107625 -0.02683332
v -0.18591291 0.11147920 -0.02859011
v -0.18446457 0.11929582 0.01294364
v -0.18771283 0.11690576 0.00944643
v -0.18188831 -0.08679393 0.04946446
v -0.18222691 -0.08189278 0.06524566
v -0.18029229 -0.05517422 0.06727945
v -0.18440869 -0.06325029 0.02044057
v -0.18179427 -0.04896348 0.01082510
v -0.18095654 -0.03039022 -0.00086393
v -0.18678342 0.00074772 0.00040348
v -0.17583571 -0.01926445 0.05844458
v -0.17698787 0.01409763 0.04478958
v -0.18203172 0.07185862 -0.02775264
v -0.18523577 0.12427510 -0.01889203
v -0.18039592 0.14336391 -0.01021440
v -0.17933410 0.13742939 0.00774326
v -0.17192158 -0.09788416 0.04324811
v -0.18168172 -0.09659614 0.03361434
v -0.17391974 -0.06285067 0.06420635
v -0.17474639 0.00410399 0.00634086
v -0.17474696 0.06674457 -0.02916958
v -0.17956419 0.07184028 0.02967162
v -0.17991802 0.08727433 0.02647918
v -0.18217334 0.08642083 -0.03160774
v -0.17653878 0.11642126 0.01943710
v -0.17656808 -0.09376955 0.05583834
v -0.18739785 -0.07847139 0.05472997
v -0.17293172 -0.07735549 0.04570066
v -0.17999054 -0.06022921 0.03626490
v -0.17796381 -0.05190606 0.03291984
v -0.18113267 -0.02702108 0.05965465
v -0.17996034 0.00828149 0.00027691
v -0.18021092 0.01995988 0.04296058
v -0.18052787 0.01278363 -0.00198037
v -0.17298649 0.04008038 0.03654636
v -0.18173979 0.03756218 0.03721287
v -0.18024498 0.05029301 -0.01896879
v -0.17497694 0.06384322 0.03212336
v -0.17892134 0.07431615 -0.03033200
v -0.17726181 0.11331499 -0.04069179
v -0.17984539 0.09964984 0.02375725
v -0.18145487 0.11771929 -0.03586759
v -0.17953165 0.13321029 -0.02587103
v -0.17084533 0.15831403 -0.00465199
v -0.18562539 -0.08833148 0.04387596
v -0.17090984 -0.07188065 0.00792584
v -0.17067173 -0.03334524 0.03058438
v -0.17480457 -0.03437733 0.00894849
v -0.16479364 -0.02361751 0.06064906
v -0.17261422 0.00005789 0.05026565
v -0.17489162 0.01918739 0.04288602
v -0.17328757 0.03186990 -0.00955125
v -0.17463206 0.07534166 -0.03284927
v -0.17466067 0.07761733 -0.03374633
v -0.17463206 0.07761733 -0.03376113
v -0.17463206 0.07758033 -0.03374633
v -0.17619805 0.07989302 -0.03374633
v -0.16712321 0.14101225 0.01136906
v -0.17345326 0.15568344 -0.01584543
v -0.17220719 -0.08965604 0.06449541
v -0.17642933 -0.07997359 0.06755569
v -0.17517501 -0.07631774 0.02601613
v -0.17020072 -0.05641568 0.05621523
v -0.16985829 -0.04629384 0.05776748
v -0.16913286 -0.04112272 0.05798572
v -0.17520170 -0.01804776 0.00172001
v -0.17890500 -0.00084617 0.00304538
v -0.17733259 0.00202272 0.05002011
v -0.17235638 0.07306599 -0.03272659
v -0.17237538 0.07534166 -0.03374633
v -0.17235638 0.07534166 -0.03375380
v -0.17235638 0.07532527 -0.03374633
v -0.17202629 0.10275804 0.02460817
v -0.16924573 0.14658357 -0.03556740
v -0.17407593 0.15519127 -0.00772457
v -0.18144333 -0.08906448 0.02345863
v -0.16179855 -0.09578108 0.01668270
v -0.16322574 -0.08033203 0.00221063
v -0.17467649 -0.07159680 0.06657074
v -0.16840847 -0.06112276 0.05470290
v -0.16840188 -0.06482930 0.05421153
v -0.17058419 -0.02871622 0.02358382
v -0.16786189 -0.01912858 0.01117453
v -0.16620097 -0.00773694 0.01910371
v -0.17008071 0.07534166 -0.03441275
v -0.17208871 0.08804367 0.02751842
v -0.16291663 0.11277179 0.02030896
v -0.17811824 0.12649830 0.01540613
v -0.17122602 0.13291493 -0.04018640
v -0.17099284 0.16494055 -0.02547501
v -0.16436474 -0.10183369 0.02743003
v -0.15777487 -0.09399156 0.04304927
v -0.16338055 -0.08383621 0.06196518
v -0.16602243 -0.07216771 0.05577390
v -0.16829890 -0.04656944 0.04464423
v -0.16569611 -0.02032710 0.02319919
v -0.17286772 0.00549273 0.00954306
v -0.16367760 0.03710287 -0.00838852
v -0.16402911 0.04799978 -0.01825402
v -0.16208763 0.07048681 -0.03279881
v -0.16769072 0.08198710 -0.03805178
v -0.17362864 0.12204263 -0.04231482
v -0.16879839 0.15460156 -0.03537609
v -0.16803436 0.16592559 -0.00839473
v -0.16264811 -0.08171305 0.00655604
v -0.16478638 -0.07946624 0.01654316
v -0.16996884 -0.05725416 0.05285453
v -0.16739959 -0.00291797 0.05200429
v -0.16655546 0.00763817 0.03915647
v -0.16508795 0.00831110 0.03165667
v -0.16557784 0.01506349 0.03456540
v -0.16626368 0.03046670 0.03521721
v -0.16540019 0.04380560 0.03225802
v -0.17152342 0.04949769 -0.02060099
v -0.16878982 0.04315164 0.03465810
v -0.16747504 0.09110207 -0.04095951
v -0.15994132 0.11010356 0.01935210
v -0.16589953 0.19135329 -0.03346497
v -0.16931899 0.18120241 -0.02663531
v -0.15935196 -0.10991417 0.05034404
v -0.17649949 -0.07829935 0.03055977
v -0.16213405 -0.08236159 0.01900559
v -0.15890716 -0.06895383 0.06192978
v -0.16453673 -0.02742931 0.06083363
v -0.16152734 -0.01482000 0.05591814
v -0.16057076 -0.00828929 0.05015623
v -0.16265061 0.02065257 0.02548562
v -0.15672912 0.04278380 0.01741882
v -0.16107091 0.07386401 0.02578530
v -0.16385335 0.09272131 0.02473680
v -0.16321613 0.11204030 -0.04809169
v -0.16353627 0.15543142 0.00448134
v -0.16364494 0.18465839 -0.00985490
v -0.15718302 0.20288019 -0.04495411
v -0.16804951 0.18002184 -0.01753437
v -0.16449004 0.21305995 -0.02581831
v -0.16126379 -0.08335106 0.05288514
v -0.16211657 -0.07613780 0.05425008
v -0.16120680 -0.03263487 0.06029603
v -0.16299245 -0.02999338 0.03147603
v -0.15929733 0.03427872 0.02004980
v -0.16028935 0.06467468 -0.02851031
v -0.16102536 0.06121397 0.02665176
v -0.15830056 0.09327398 0.02140841
v -0.16224247 0.15985548 0.00346525
v -0.16249108 0.20498924 -0.03002126
v -0.15385312 -0.49716210 0.04254271
v -0.16002358 -0.08958669 0.02675418
v -0.15111089 -0.03423339 0.04028386
v -0.15585268 -0.01498030 0.05163817
v -0.15749337 -0.00630801 0.03725039
v -0.15673360 0.13120018 0.01174355
v -0.16050009 0.16730426 -0.04925375
v -0.15458798 0.17331000 0.00888216
v -0.15620442 0.20329553 -0.04611655
v -0.15962376 0.20166987 -0.01171636
v -0.16175029 0.20496823 -0.01885169
v -0.15770382 0.22063978 -0.01702754
v -0.15825051 -0.49519441 0.03900021
v -0.16328521 -0.48848781 0.05228158
v -0.15388721 -0.49506602 0.06807373
v -0.16216189 -0.48300859 0.04383808
v -0.15947855 -0.10146401 0.05991550
v -0.15263368 -0.09886783 0.04187537
v -0.15459031 -0.09255406 0.03381031
v -0.16317748 -0.08659491 0.06383042
v -0.15972552 -0.00815130 0.02757634
v -0.15489519 -0.01279396 0.03540001
v -0.15663244 0.03707422 0.01103719
v -0.15739994 0.03492279 0.01024962
v -0.15506977 0.03924580 0.00393108
v -0.15369326 0.05726736 -0.01882616
v -0.15855476 0.07374198 0.02336786
v -0.16361739 0.12185363 -0.04912902
v -0.15655932 0.19560081 -0.04760568
v -0.15353300 0.20279384 -0.00103101
v -0.15980430 0.21402851 -0.00447717
v -0.15619865 0.22136858 -0.03484314
v -0.15492921 -0.49545169 0.05305447
v -0.16072822 -0.48800009 0.03488836
v -0.15828934 -0.48180592 0.05549485
v -0.15419874 -0.09768105 0.03039212
v -0.15504587 -0.09115171 0.05167027
v -0.15886982 -0.07171040 0.04486341
v -0.15376686 -0.06418111 0.06312508
v -0.15458712 -0.01182451 0.04402366
v -0.15273815 0.05295167 0.01393974
v -0.15578884 0.05550594 0.01915443
v -0.14861257 0.06636710 0.01197198
v -0.15095983 0.09153628 0.01474302
v -0.15310630 0.07847839 -0.03503904
v -0.15017009 0.12131568 0.00919119
v -0.15947697 0.15664029 -0.04951329
v -0.15299346 0.21090776 0.00539157
v -0.15036345 0.24518661 -0.03356982
v -0.15090516 -0.47987354 0.01578433
v -0.15645990 -0.48075089 0.05708916
v -0.15002491 -0.10274362 0.04843334
v -0.15023647 -0.09976479 0.05321461
v -0.15732434 -0.10441799 0.03628865
v -0.15025714 -0.07460678 0.04523604
v -0.16202125 -0.03932094 0.04038137
v -0.15029299 -0.03723969 0.05525544
v -0.15542711 -0.02595057 0.05817914
v -0.14985746 -0.02371095 0.04204002
v -0.14743222 0.07311479 0.01162806
v -0.15538962 0.12048011 0.01351322
v -0.14982529 0.20030403 -0.05442486
v -0.15145685 0.20340216 0.00197898
v -0.15998326 0.21156475 -0.04719447
v -0.14618468 0.20834224 -0.06133529
v -0.15293743 0.23856221 -0.02799301
v -0.15217702 -0.48598093 0.07270662
v -0.14729169 -0.47340563 0.03271405
v -0.15670693 -0.08253931 0.05191004
v -0.15033793 -0.06424440 0.06172650
v -0.15053938 -0.04034589 0.04611168
v -0.15012921 -0.02325192 0.04881454
v -0.14874481 0.05202544 0.00344525
v -0.15289433 0.11094632 -0.04754533
v -0.15865973 0.14064442 -0.04782766
v -0.14100571 0.14417483 0.01525050
v -0.14792041 0.14290838 0.01247696
v -0.15637539 0.16901192 -0.05366050
v -0.15057220 0.18746407 0.00835035
v -0.14940831 0.21395727 0.00902203
v -0.15100500 0.22478075 -0.00730895
v -0.15371242 0.23257819 -0.02020340
v -0.14928995 0.26298928 -0.01058133
v -0.13768010 -0.49488625 0.08960550
v -0.14577852 -0.48959464 0.08347152
v -0.14613193 -0.48704728 -0.00198816
v -0.14141810 -0.47458389 0.06138114
v -0.14812472 -0.04982084 0.05409744
v -0.15149164 -0.05178558 0.04497650
v -0.14863311 -0.04303491 0.05140256
v -0.14750509 0.05737948 0.00524724
v -0.15459186 0.04301652 -0.00349663
v -0.15867758 0.14755329 0.00831934
v -0.14608148 0.16651025 -0.05740088
v -0.14989258 0.16589974 0.01526506
v -0.14709832 0.18069053 0.01383589
v -0.14194126 0.22045542 0.00548517
v -0.14315020 0.25500441 -0.04429064
v -0.14681843 0.25767040 -0.00276601
v -0.15040660 0.26052603 -0.02546468
v -0.14046797 -0.49786338 0.05213546
v -0.14628433 -0.07432096 0.05471846
v -0.14440835 0.06180610 0.00139990
v -0.14345968 0.08093929 -0.02966580
v -0.13953273 0.21498995 -0.06115989
v -0.15216810 0.21939053 -0.04717323
v -0.14552999 0.24201877 -0.00285834
v -0.14914247 0.24907526 -0.00906307
v -0.15024123 0.25517377 -0.02952435
v -0.14679250 0.27495939 -0.01170139
v -0.12512328 -0.48586839 0.09705543
v -0.13991514 -0.48410568 0.08676210
v -0.14281578 -0.47255501 0.00728126
v -0.14420354 0.08998288 -0.03495887
v -0.14906172 0.12780671 -0.04908491
v -0.14669688 0.14725371 -0.05026108
v -0.14096381 0.18182373 0.01729074
v -0.14166604 0.20200244 0.01136114
v -0.14241633 0.20979714 0.01477087
v -0.14097686 0.23106360 0.00328898
v -0.14435749 0.24552815 0.00007127
v -0.14289820 0.27671427 -0.03760638
v -0.14561464 0.27227965 -0.00172713
v -0.14249809 -0.49097413 -0.00807651
v -0.15015984 -0.49451876 0.01492359
v -0.13210014 -0.48060319 0.08632950
v -0.14121218 -0.32585615 -0.02471279
v -0.14170448 -0.30906978 -0.03030718
v -0.14143220 0.07122625 -0.01550943
v -0.13251412 0.09587082 -0.02626642
v -0.14015405 0.08937702 0.00728438
v -0.13721493 0.09644285 0.00532214
v -0.13463624 0.13783777 0.01251516
v -0.14549927 0.16040762 0.01777694
v -0.14738497 0.17409159 -0.05810202
v -0.13730161 0.25541925 -0.05307762
v -0.13628857 0.25847274 0.01159461
v -0.14230509 0.27158400 -0.04254230
v -0.14219555 0.26912868 0.00503641
v -0.14221883 0.28610533 -0.01786991
v -0.14138030 -0.49398884 0.06753088
v -0.13470419 -0.49421301 0.09024793
v -0.13493288 -0.47674137 -0.02808562
v -0.14062250 -0.47697711 -0.01031320
v -0.13571249 -0.47144970 0.05441395
v -0.13958409 -0.34538981 -0.02294872
v -0.13939676 -0.34204865 -0.03831142
v -0.14039196 -0.31955254 -0.03509587
v -0.13313127 -0.32158348 -0.00002405
v -0.13820593 -0.30120140 -0.03375322
v -0.13898990 -0.30555627 -0.01348378
v -0.13970833 -0.29693213 -0.02837816
v -0.13687004 0.10703589 0.00363749
v -0.14159150 0.18029130 -0.06032812
v -0.13916804 0.23200181 -0.05992856
v -0.13239169 -0.49684736 -0.00853267
v -0.13632333 -0.46468008 -0.00004177
v -0.13064958 -0.46689326 0.04386184
v -0.13561296 -0.46294889 -0.02727023
v -0.13689759 -0.36210528 -0.02693108
v -0.13643113 -0.35079247 -0.02345212
v -0.13492256 -0.34332022 -0.00762394
v -0.13678639 -0.31880760 -0.04442123
v -0.13907422 -0.31978810 -0.01134377
v -0.13361947 -0.30425078 -0.05070937
v -0.13446994 -0.28879800 -0.04467871
v -0.13901578 -0.29438564 -0.01226497
v -0.13740349 -0.28434339 -0.01687632
v -0.13658352 -0.28097326 -0.03310084
v -0.13015248 0.09188239 -0.01043948
v -0.13805303 0.07544988 -0.00158346
v -0.12964825 0.11638969 -0.00243097
v -0.14316653 0.11200126 -0.04295582
v -0.13314998 0.12070935 -0.00000627
v -0.14106005 0.12630235 -0.04425281
v -0.14926322 0.13085620 0.00992020
v -0.13624556 0.16767909 -0.05826773
v -0.13619223 0.17729709 0.01959345
v -0.13320790 0.19936424 0.01596879
v -0.13592753 0.23353240 0.00667182
v -0.13591002 0.28370950 0.00831762
v -0.13440704 0.29497057 -0.03379264
v -0.13231790 -0.49618667 -0.01080800
v -0.13728103 -0.46579430 0.02192882
v -0.13399649 -0.46368760 -0.01184864
v -0.13564412 -0.45500469 -0.01902752
v -0.13199528 -0.43929294 -0.02020820
v -0.13356127 -0.38406578 -0.02094843
v -0.13669127 -0.34947717 -0.03719252
v -0.13427897 -0.39559028 -0.02756439
v -0.13404912 -0.34804535 -0.04318845
v -0.13481282 -0.35186026 -0.01759945
v -0.13029020 -0.35004821 -0.00744209
v -0.13735673 -0.30658823 -0.00591445
v -0.13544630 -0.28398350 -0.00789205
v -0.13533886 -0.26697981 -0.01412490
v -0.13673419 -0.27339342 -0.01825931
v -0.13522831 -0.26110214 -0.02388781
v -0.13127437 0.10771896 -0.03202433
v -0.13378650 0.20987730 0.01885887
v -0.13110638 0.21848008 0.01144460
v -0.13240613 0.28556880 -0.05412863
v -0.12815432 0.29603997 0.00832047
v -0.12662125 -0.50000000 0.05874386
v -0.13532776 -0.46771207 0.04025142
v -0.13229381 -0.45858094 -0.00364760
v -0.13143204 -0.43189663 -0.02529313
v -0.13179129 -0.41852143 -0.02510267
v -0.13210048 -0.41355434 -0.03219158
v -0.13329390 -0.40153661 -0.02836625
v -0.13335498 -0.38747874 -0.03991933
v -0.13012016 -0.31140402 0.00337368
v -0.13068222 -0.30167007 -0.05330101
v -0.13207923 -0.29297161 -0.05003618
v -0.13400823 -0.29647216 -0.00178037
v -0.12575188 -0.28752524 -0.05670693
v -0.13085295 -0.25498635 -0.03557762
v -0.13293190 -0.25493684 -0.01674880
v -0.13123505 0.09911166 -0.00191627
v -0.12564029 0.10581049 -0.02027595
v -0.12841307 0.13648911 0.00718401
v -0.13324443 0.27784657 -0.05859000
v -0.12718767 0.28672993 0.01581311
v -0.14034668 0.29052216 -0.00586477
v -0.13194479 0.30021152 -0.00435112
v -0.12971741 -0.46910632 -0.03286082
v -0.12882644 -0.46072638 0.02869893
v -0.12007861 -0.44385746 0.01048421
v -0.12927856 -0.45087454 -0.00384309
v -0.12563883 -0.45178115 0.01429011
v -0.13075066 -0.43976077 -0.03289878
v -0.12986378 -0.43667728 -0.01603995
v -0.13021314 -0.41572517 -0.01930081
v -0.12726557 -0.42913851 -0.03936764
v -0.12791641 -0.40113050 -0.01241963
v -0.12915608 -0.36787090 -0.04931312
v -0.12989923 -0.34083611 0.00073944
v -0.13604988 -0.32397979 -0.04794892
v -0.13055433 -0.25262198 -0.02903319
v -0.13063905 -0.25794956 -0.00097046
v -0.13091306 -0.24238349 -0.00918226
v -0.12911472 0.09803288 -0.00639873
v -0.12961408 0.13893706 -0.03832945
v -0.13251431 0.12545505 0.00068153
v -0.12447782 0.13820970 0.00417909
v -0.12996420 0.20361988 -0.06884626
v -0.13189554 0.25148168 -0.05985758
v -0.12653689 0.26908594 0.01998968
v -0.13271347 0.27231702 0.01562338
v -0.12628934 0.28860378 -0.05990708
v -0.13101025 0.29380631 -0.04512470
v -0.13370942 -0.48776475 -0.03949068
v -0.12824807 -0.47681081 0.07273163
v -0.12719171 -0.44238693 -0.00592722
v -0.12900029 -0.38975567 -0.01285863
v -0.12616368 -0.39097822 -0.00847347
v -0.12929638 -0.36292848 -0.00834113
v -0.12770404 -0.34871158 -0.00379581
v -0.12264394 -0.33894113 -0.05822599
v -0.12868129 -0.31961846 -0.05666881
v -0.12740611 -0.29403707 0.00754324
v -0.12684292 -0.28193906 0.00862083
v -0.12961690 -0.27511358 0.00492393
v -0.13082978 -0.24889556 -0.02691182
v -0.12896889 -0.24257885 -0.02928179
v -0.12872575 -0.24146216 -0.00087917
v -0.12901697 -0.23617785 0.00334408
v -0.12699193 0.10155814 -0.01213907
v -0.13237876 0.14861988 -0.04631593
v -0.12417319 0.16959752 0.01802404
v -0.12489996 0.19945115 -0.06750564
v -0.12507464 0.22771958 -0.06694629
v -0.11919323 0.23382801 0.01530122
v -0.12948304 0.23491813 0.01054994
v -0.11626822 0.30173483 0.01173140
v -0.12619869 0.30424497 -0.00344316
v -0.12179808 0.30493999 0.00202279
v -0.13552497 -0.49262840 -0.03464885
v -0.11765362 -0.46242657 -0.04407327
v -0.12089068 -0.47621340 0.07335427
v -0.12224641 -0.47540417 0.06972616
v -0.12705630 -0.46884561 -0.03570422
v -0.12709843 -0.45276320 -0.03735010
v -0.12791425 -0.43516320 -0.03680443
v -0.12346512 -0.42694804 -0.00408176
v -0.12543400 -0.41946954 -0.00764913
v -0.12518016 -0.41258579 -0.00734972
v -0.12828009 -0.38269007 -0.04906567
v -0.12557654 -0.34929237 -0.00167597
v -0.13472529 -0.34277233 -0.04552222
v -0.12465797 -0.33173099 0.00685524
v -0.12571785 -0.30027479 -0.05840765
v -0.12481464 -0.24510179 -0.04232939
v -0.12596132 -0.24524030 0.00295730
v -0.12166387 -0.23862427 -0.03826576
v -0.12507759 0.13172823 -0.00519208
v -0.12295270 0.13404416 -0.02938984
v -0.12743814 0.14149445 -0.03817359
v -0.13449381 0.15332362 0.01871720
v -0.12649176 0.17942373 0.01910293
v -0.12149704 0.23889539 0.01568629
v -0.12904316 0.24788089 0.01420256
v -0.12478738 0.25656801 0.01921731
v -0.12706043 0.29829511 -0.04684638
v -0.11291738 -0.49881899 -0.04466299
v -0.10483042 -0.49914873 0.04864477
v -0.11400148 -0.49580806 0.07288011
v -0.11465348 -0.47538567 0.07822846
v -0.11306512 -0.45949253 0.03516019
v -0.12241359 -0.38843083 -0.00401719
v -0.12304688 -0.34855780 0.00026873
v -0.12151613 -0.30759609 0.01046461
v -0.11816550 -0.28094390 0.01670427
v -0.12669550 -0.26573053 -0.05018248
v -0.12007648 -0.27449146 0.01487720
v -0.12687331 -0.25650039 0.00541342
v -0.12428428 -0.22852860 -0.01234676
v -0.12344334 -0.22716776 -0.00682375
v -0.12258864 -0.22458974 0.00263251
v -0.12148269 -0.22741024 -0.02715108
v -0.12311715 -0.21453087 0.00498899
v -0.12521583 -0.21527833 -0.02223049
v -0.11823819 -0.20624182 0.01937062
v -0.12621659 0.11414184 -0.02742109
v -0.12139699 0.13839664 -0.02941356
v -0.12457632 0.14716497 -0.03974722
v -0.12104493 0.16566767 -0.05298639
v -0.12138155 0.20714968 0.02080901
v -0.12366629 0.27111018 -0.06737553
v -0.11283733 0.28465500 0.02421867
v -0.12409908 0.30659395 -0.02828496
v -0.12500191 0.30760300 -0.01598266
v -0.11365791 -0.47114602 0.06108456
v -0.12246905 -0.45432022 0.02284531
v -0.11363047 -0.43742484 0.00759227
v -0.12249218 -0.41621605 -0.04724473
v -0.12308517 -0.39716390 -0.00478373
v -0.12030040 -0.38530621 -0.05551076
v -0.11792037 -0.39109072 -0.00114527
v -0.12140176 -0.34902391 0.00165756
v -0.12094672 -0.33285850 0.00953054
v -0.12364625 -0.25472066 0.01003600
v -0.12738645 -0.23679499 0.00718296
v -0.12214703 -0.23227271 -0.03573603
v -0.11752088 -0.22148554 0.01924645
v -0.12430425 -0.19711833 -0.00915829
v -0.11923362 -0.19182014 0.03038780
v -0.12232309 -0.16077919 0.00579715
v -0.11920854 -0.11538779 -0.00719212
v -0.12117640 -0.10504915 0.00955587
v -0.12132323 -0.07300049 0.00953113
v -0.11963984 -0.09088972 0.02016944
v -0.12143143 -0.06641287 0.00411289
v -0.12046300 -0.06744262 0.01662768
v -0.12091627 -0.05798049 0.01150075
v -0.11618749 0.15479560 -0.03886155
v -0.12531498 0.15331230 0.01584797
v -0.12025160 0.20220187 0.01863984
v -0.11820358 0.24557789 -0.06691962
v -0.11879214 0.27387539 0.02398291
v -0.12393574 0.28298959 -0.06493441
v -0.11957519 0.30058485 -0.05352756
v -0.11808737 0.30279106 -0.05174128
v -0.12477931 -0.49132839 -0.04718918
v -0.11492968 -0.48523638 0.09605990
v -0.11915677 -0.48196536 0.09745124
v -0.12260363 -0.43780500 -0.00045631
v -0.11774022 -0.41392812 -0.00034412
v -0.11219636 -0.40564558 -0.05559889
v -0.11525668 -0.41325223 0.00080275
v -0.11608791 -0.37817922 0.00033876
v -0.11109044 -0.36830050 0.00233579
v -0.12014764 -0.31827542 0.01093534
v -0.11452227 -0.28779647 0.01677738
v -0.11507963 -0.25063834 -0.05496734
v -0.11738314 -0.25157019 0.01858564
v -0.11888418 -0.22440183 -0.03584959
v -0.11359503 -0.20826371 0.03034803
v -0.11774506 -0.20730294 -0.01036021
v -0.11821438 -0.19577295 -0.02925382
v -0.11630791 -0.20252590 0.02443144
v -0.11635870 -0.18805343 -0.00974323
v -0.12010331 -0.16580051 -0.02183262
v -0.11880490 -0.17199700 0.01086760
v -0.12244922 -0.16197723 0.01410917
v -0.12321463 -0.16459823 -0.00765374
v -0.11636177 -0.14092854 0.02463504
v -0.11793780 -0.14136474 0.01216531
v -0.11875819 -0.13746171 0.00980776
v -0.11877475 -0.13089339 -0.01055923
v -0.11857241 -0.13678297 0.00032600
v -0.12088288 -0.12580477 0.00328218
v -0.12037697 -0.12658605 0.01395677
v -0.11872181 -0.12705453 -0.01329595
v -0.11841182 -0.12186179 0.02379779
v -0.11915178 -0.10589724 0.02173327
v -0.11829071 -0.08946934 0.02565363
v -0.12064824 -0.07875838 -0.00654815
v -0.11964400 -0.05024145 -0.00804614
v -0.11875059 -0.07091539 0.02485678
v -0.11763337 -0.06591127 0.02789883
v -0.11994965 -0.04271857 0.01399438
v -0.11934049 -0.03440910 -0.00065566
v -0.11884189 -0.02398303 0.00908073
v -0.11774022 -0.02933932 0.02091518
v -0.11762569 -0.02708345 0.02088654
v -0.11697779 -0.02001180 0.02090507
v -0.11952484 -0.03009676 0.01201339
v -0.11769040 0.14430985 -0.01563747
v -0.11803468 0.14526245 -0.02884387
v -0.11735334 0.17567296 0.01414314
v -0.11715556 0.29616433 -0.06160796
v -0.12143384 0.30769658 -0.00392027
v -0.12266648 -0.49454260 0.01584810
v -0.10706296 -0.49424914 0.06930261
v -0.11611758 -0.49304241 0.00995864
v -0.11215428 -0.45643270 0.03039255
v -0.11190208 -0.44006014 -0.04929738
v -0.11687541 -0.34717685 0.00340897
v -0.10929930 -0.33711994 -0.06652095
v -0.11738160 -0.30181944 -0.06299747
v -0.12002248 -0.26907945 -0.05685350
v -0.11590344 -0.23697294 0.02580503
v -0.11504150 -0.22929338 -0.04603584
v -0.11418761 -0.22425969 0.03458451
v -0.11736793 -0.21591739 -0.04082116
v -0.11318462 -0.20410530 0.03060558
v -0.12500203 -0.19704910 0.00968583
v -0.11722036 -0.18885714 -0.00250356
v -0.11598840 -0.17745154 0.02060315
v -0.11738083 -0.17561215 -0.00860941
v -0.11533367 -0.14716846 -0.00562236
v -0.11547367 -0.14918610 -0.00530072
v -0.11701863 -0.14703040 0.01390591
v -0.11697657 -0.14525703 0.03126062
v -0.11739471 -0.13930322 -0.00504739
v -0.11566484 -0.13392220 0.03089871
v -0.11997882 -0.09629309 -0.00925323
v -0.11569254 -0.07097399 0.03208486
v -0.11796484 -0.06449496 -0.01457443
v -0.11552770 -0.05648999 0.03163524
v -0.11750473 -0.03852512 0.02498516
v -0.11468486 -0.02551601 -0.01840977
v -0.11498697 -0.03236415 0.03056728
v -0.11445053 -0.01815357 0.02913130
v -0.11572669 -0.00996507 0.00218972
v -0.11851858 0.14578244 -0.00825015
v -0.12478518 0.21049725 -0.06592512
v -0.11198490 0.21796791 -0.06618205
v -0.11603887 0.31041133 -0.03944502
v -0.11691561 -0.49883997 -0.01648697
v -0.10707074 -0.40246367 -0.05852823
v -0.11508157 -0.37032968 -0.06022906
v -0.11718043 -0.34064898 -0.06083607
v -0.11819225 -0.34221941 0.00719695
v -0.11343765 -0.31280664 0.01443334
v -0.11615754 -0.23895693 -0.04600008
v -0.11046994 -0.23299846 -0.05264888
v -0.11267401 -0.20593771 -0.03030502
v -0.11123155 -0.19256073 -0.03683343
v -0.11496505 -0.18639606 -0.01565387
v -0.11251324 -0.19166951 0.03977596
v -0.10977846 -0.17041574 -0.03749369
v -0.11373128 -0.15562735 0.03258929
v -0.11304559 -0.14673848 -0.01694561
v -0.11484944 -0.12492677 0.03379724
v -0.11529116 -0.13806643 -0.01912161
v -0.10950497 -0.11157373 0.04184144
v -0.11423613 -0.09966274 -0.02543232
v -0.11363098 -0.10273565 0.03587903
v -0.11595146 -0.08132611 -0.02162179
v -0.11479159 -0.04484658 -0.01869617
v -0.11117781 -0.05230972 0.03820283
v -0.11496054 -0.03465043 -0.01866526
v -0.11612755 -0.01532348 -0.00435447
v -0.11323881 -0.00291311 0.02076034
v -0.11895926 0.15435655 0.00949738
v -0.11313829 0.15967581 0.00153468
v -0.10935339 0.17964794 0.00539183
v -0.10338984 0.26539582 0.02928075
v -0.11361215 -0.49699390 0.08619995
v -0.12534696 -0.49675396 0.02584944
v -0.11768116 -0.48972622 -0.05143365
v -0.10774594 -0.47849187 0.07764174
v -0.12023983 -0.47744384 0.09560274
v -0.10087470 -0.40863577 -0.00248719
v -0.10853881 -0.41134551 0.00079400
v -0.10992683 -0.36176670 -0.06364759
v -0.11352471 -0.24483877 0.02684413
v -0.10705390 -0.21795708 0.04187756
v -0.11008965 -0.21222156 0.03648882
v -0.11244809 -0.19749492 -0.03885964
v -0.11224977 -0.18609628 -0.02766010
v -0.10889972 -0.18450677 0.04447050
v -0.11235241 -0.17874976 -0.02387545
v -0.11018442 -0.17295875 0.03760384
v -0.11046342 -0.16002217 0.03685651
v -0.11402936 -0.15025182 -0.01467864
v -0.11038909 -0.13999766 0.04305400
v -0.11331456 -0.14293501 0.03910960
v -0.11217172 -0.12166832 0.03917880
v -0.11117628 -0.07002286 0.03925454
v -0.11366829 -0.03409551 -0.02194205
v -0.11329537 -0.03830069 0.03433910
v -0.10327023 -0.02179286 0.04467575
v -0.11056160 -0.01170022 -0.02565440
v -0.10926465 -0.00971810 0.03518094
v -0.10942315 -0.00062152 0.03079498
v -0.11199719 0.00224413 -0.01412545
v -0.11318566 0.00855103 0.01089304
v -0.11178421 0.01633108 -0.00739803
v -0.10858487 0.02547215 -0.00567005
v -0.10540262 0.16718172 -0.03297747
v -0.11193792 0.16582394 -0.04427818
v -0.11434629 0.19807456 -0.06599873
v -0.10288619 0.20150478 0.01284585
v -0.11806112 0.21447282 0.01463704
v -0.11394058 0.25622249 0.02431445
v -0.11688222 0.25421047 -0.06849520
v -0.11396354 0.26782978 -0.07234979
v -0.11514429 0.29412076 0.01888719
v -0.11068407 0.31422049 -0.03600110
v -0.11508385 0.31194317 -0.01011585
v -0.10289348 -0.49038291 0.00744001
v -0.10620266 -0.49107686 0.08666813
v -0.11569427 -0.49053785 -0.05379800
v -0.10866655 -0.44395435 0.01231713
v -0.10277925 -0.42458686 0.00045932
v -0.11298799 -0.42069626 -0.05204120
v -0.11109623 -0.38749132 0.00027044
v -0.10908923 -0.33733317 0.01076709
v -0.11377876 -0.31260347 -0.06640986
v -0.11957707 -0.26325703 -0.05698165
v -0.11292879 -0.25960618 0.02601164
v -0.10993715 -0.24058990 -0.05374432
v -0.10351351 -0.23469847 0.04050389
v -0.11411836 -0.21639015 -0.04566107
v -0.11405665 -0.17170936 0.02824471
v -0.11114266 -0.10579595 0.03967899
v -0.11646997 -0.05945890 -0.02007112
v -0.10844226 -0.04270755 0.04079736
v -0.10959839 -0.02227713 -0.03088715
v -0.11055116 0.00424594 -0.01967870
v -0.10802470 0.00397704 0.03185821
v -0.10861467 0.01523708 -0.02177997
v -0.11237336 0.15677708 -0.03309931
v -0.11508084 0.18228650 -0.05980709
v -0.10658383 0.19217208 0.00684672
v -0.10618468 0.20403774 0.01544411
v -0.11040993 0.21162815 0.01456103
v -0.11135435 0.23632585 0.01728310
v -0.10437401 0.24894348 0.02463769
v -0.10639306 0.31292254 -0.04489379
v -0.10329334 0.30849835 0.01022947
v -0.09873839 0.31706133 -0.01254098
v -0.10396955 -0.48600841 0.07547702
v -0.10951224 -0.47632921 0.07590168
v -0.10964949 -0.45114088 -0.05135599
v -0.10231710 -0.46544188 0.03404340
v -0.10738572 -0.45708886 0.02828176
v -0.11215208 -0.44751826 0.01766075
v -0.10587057 -0.41468567 -0.05471137
v -0.10687466 -0.37447089 -0.06346440
v -0.10594632 -0.30408427 0.01859836
v -0.10694075 -0.24460299 -0.05757912
v -0.09090300 -0.20070915 0.05330797
v -0.10444020 -0.17736426 -0.04005868
v -0.10554294 -0.15899320 0.04282947
v -0.10507150 -0.14624001 0.04526108
v -0.10551500 -0.13686399 0.04895970
v -0.11256575 -0.12471697 -0.02761448
v -0.10607936 -0.12045744 0.04550427
v -0.11184909 -0.06200902 -0.02932096
v -0.10838074 -0.04384627 -0.03519187
v -0.10240023 -0.02782040 0.04548035
v -0.10845977 0.01941994 0.01695141
v -0.10872816 0.02523471 0.01099841
v -0.10489391 0.02697431 0.02341522
v -0.10535315 0.04047494 0.00337178
v -0.11052667 0.16524278 -0.00158808
v -0.10483400 0.23705952 0.01606161
v -0.11192066 0.28686142 -0.07007993
v -0.10778449 0.31278446 -0.04353405
v -0.10250549 -0.47759435 0.06485207
v -0.11019344 -0.47055599 0.05866233
v -0.10111411 -0.44551402 0.00898091
v -0.10086890 -0.28824106 -0.06621549
v -0.10604127 -0.27319014 0.02312804
v -0.10425835 -0.24159580 0.03745903
v -0.10106809 -0.18053383 0.05061389
v -0.11327266 -0.13289937 -0.02532531
v -0.10960100 -0.11344223 -0.03376320
v -0.10810783 -0.08927963 -0.03516513
v -0.10279309 -0.07777075 -0.04283300
v -0.10359918 -0.06519669 -0.04000765
v -0.10045522 -0.05709397 0.04948069
v -0.10218197 -0.00374966 0.04190029
v -0.10567284 0.00551524 -0.03285890
v -0.10066605 0.01625850 0.03508129
v -0.10649803 0.02434423 -0.01309103
v -0.10530452 0.03691556 0.01734250
v -0.10498400 0.17473625 -0.00860941
v -0.10139511 0.19108900 -0.00098451
v -0.09860045 0.28042033 0.02735940
v -0.10408618 0.29380631 0.02186759
v -0.10611750 0.30433571 -0.05919845
v -0.10240980 0.30316547 -0.06204602
v -0.09852375 0.31388733 0.00214361
v -0.10639047 -0.47409827 0.06457362
v -0.10055191 -0.46754453 0.03486392
v -0.10125580 -0.46217665 0.02618575
v -0.10431614 -0.44256350 0.00915575
v -0.11132774 -0.42685595 0.00322073
v -0.09923943 -0.40945941 -0.05416280
v -0.09466196 -0.28413308 0.02511259
v -0.10766135 -0.27179983 0.02369922
v -0.09886368 -0.25298625 0.03635576
v -0.10283611 -0.24808343 0.03328238
v -0.09514625 -0.24689122 0.03925016
v -0.09713753 -0.22760977 0.04604805
v -0.10121685 -0.22518748 -0.05559846
v -0.09887906 -0.21141835 -0.05038964
v -0.09796481 -0.20434748 -0.04835502
v -0.09770481 -0.16332354 -0.04203681
v -0.10203914 -0.14030981 -0.03881424
v -0.10258316 -0.12367523 -0.03927663
v -0.11032557 -0.07030065 0.04078663
v -0.10513056 -0.06410683 0.04572644
v -0.10070113 -0.01309616 0.04566096
v -0.10090768 0.03603619 -0.02661023
v -0.10241923 0.04517512 -0.01323632
v -0.10485003 0.17390032 -0.04129136
v -0.10311101 0.17285807 -0.02476419
v -0.09617987 0.18899843 -0.02541178
v -0.10437115 0.19356717 -0.05664711
v -0.10429111 0.23770465 -0.06505217
v -0.09302752 0.32046634 -0.03674222
v -0.09992477 -0.48842072 0.02073860
v -0.10564416 -0.45365581 -0.05139927
v -0.10243413 -0.44796577 -0.05046495
v -0.09706050 -0.45772481 0.01425848
v -0.09838397 -0.43002558 -0.04651089
v -0.09641342 -0.34786129 -0.00039766
v -0.10776776 -0.27461085 -0.06441543
v -0.10304659 -0.21465127 -0.05030012
v -0.09454103 -0.16900145 0.05444303
v -0.09830862 -0.14601476 0.05002790
v -0.09904488 -0.13107617 0.05504868
v -0.09833191 -0.10300782 0.05263886
v -0.09910244 -0.00710271 -0.04903587
v -0.10486212 0.00881893 -0.03390323
v -0.10349634 0.01968653 -0.03289615
v -0.09663385 0.06236322 0.01729751
v -0.09792225 0.06287727 0.01287027
v -0.09840809 0.06137677 -0.00778678
v -0.09714856 0.19358030 -0.04920579
v -0.09267795 0.22343802 0.00514562
v -0.09520672 0.23645133 0.01173689
v -0.10289742 0.27006620 -0.07615419
v -0.09040956 0.28554857 0.02667254
v -0.09558547 -0.48504162 0.04930639
v -0.09722359 -0.47926220 0.05049991
v -0.09830109 -0.47423550 0.04381609
v -0.09634113 -0.46925411 0.01848030
v -0.09721510 -0.46042439 -0.04409054
v -0.10071404 -0.44533128 -0.04809780
v -0.10219876 -0.39064327 -0.00140236
v -0.09364214 -0.37443137 -0.06221609
v -0.09484157 -0.35976198 -0.00300557
v -0.10332421 -0.37166074 0.00047259
v -0.09965271 -0.21701109 0.04783409
v -0.10061877 -0.20988475 0.04670614
v -0.09182335 -0.18898088 0.05533270
v -0.10289445 -0.18931329 0.05032517
v -0.10410873 -0.16980480 -0.04110358
v -0.10424539 -0.14789505 -0.03384013
v -0.09403787 -0.11429264 0.05590640
v -0.09478904 -0.10449359 0.05496512
v -0.09933686 -0.08356687 0.05146971
v -0.10140173 -0.03731182 -0.04665569
v -0.10157105 -0.01549961 -0.04674093
v -0.09411883 0.00766133 -0.05470241
v -0.10080127 0.00576268 0.04106246
v -0.09727120 0.05247306 -0.02424780
v -0.09040919 0.05051834 0.03662395
v -0.09745310 0.06685580 -0.00148293
v -0.09918655 0.07470993 -0.00300778
v -0.09797084 0.06981553 0.01740695
v -0.09893451 0.07488792 0.01142635
v -0.09837661 0.08700469 0.00966060
v -0.09562914 0.19188634 -0.04249738
v -0.09688345 0.19593589 -0.00138102
v -0.09183502 0.20715490 -0.00483940
v -0.09983928 0.24910757 -0.07495756
v -0.10078873 0.25505123 -0.07603481
v -0.10608480 0.28813121 -0.07119535
v -0.09240901 -0.49243352 -0.04674178
v -0.09775884 -0.48594359 -0.05358530
v -0.09730853 -0.49294394 0.04044462
v -0.09466102 -0.48143813 0.01071951
v -0.09588142 -0.47682446 0.02854411
v -0.09540711 -0.48052725 0.03681314
v -0.09659136 -0.46775696 -0.04732636
v -0.09576277 -0.45171684 0.00446831
v -0.09642762 -0.45526579 -0.03239825
v -0.09134918 -0.43328327 -0.01670405
v -0.09507179 -0.41929558 -0.04532002
v -0.09589827 -0.41703176 -0.00802728
v -0.09218038 -0.40885070 -0.01632931
v -0.09167420 -0.38923663 -0.01178761
v -0.09637581 -0.25563756 0.03648343
v -0.09179207 -0.24745728 0.03985935
v -0.09227155 -0.17091529 0.05528212
v -0.09669448 -0.13943155 -0.04412973
v -0.09337284 -0.13399802 0.05515574
v -0.09777373 -0.08451291 -0.04484976
v -0.09799605 -0.04250295 -0.04934496
v -0.09474794 -0.03478881 0.05196184
v -0.09343296 -0.03403404 -0.05609446
v -0.09326015 -0.00939536 -0.05967850
v -0.09482314 0.01092886 -0.05242708
v -0.09909631 0.02458743 -0.03874099
v -0.09108544 0.02535249 0.04262358
v -0.09550008 0.02681410 0.03812929
v -0.09514197 0.05894693 0.02301828
v -0.09194013 0.06802684 -0.02451998
v -0.09499671 0.06552173 0.02330216
v -0.09501714 0.09961137 -0.00991306
v -0.09572901 0.09334797 0.01684026
v -0.09734517 0.20622696 -0.05224984
v -0.10059721 0.22749476 -0.06078851
v -0.10000998 0.25076425 0.03103624
v -0.09467921 0.26940578 0.03165365
v -0.09423570 0.29631761 0.02126910
v -0.09253767 -0.49798408 -0.03419363
v -0.09394342 -0.49792311 -0.02598135
v -0.09388347 -0.49483946 -0.01411804
v -0.09201109 -0.48707998 -0.00362095
v -0.09243602 -0.46809635 -0.00099387
v -0.09128226 -0.45501989 -0.00166316
v -0.09673142 -0.45071241 -0.03177129
v -0.09559815 -0.42737946 -0.00672945
v -0.09147741 -0.43057892 -0.02420529
v -0.09293702 -0.41372481 -0.04496309
v -0.09445345 -0.43560907 -0.03047817
v -0.09214596 -0.39430171 -0.05419204
v -0.09253608 -0.36020371 -0.00536250
v -0.09442075 -0.34032637 -0.06821331
v -0.09909590 -0.33717966 0.00301542
v -0.09143693 -0.32810557 -0.00000233
v -0.09724702 -0.31920695 0.01763499
v -0.08734294 -0.29676223 0.01995203
v -0.09718733 -0.28356659 -0.06602760
v -0.09599830 -0.27328426 -0.06652492
v -0.08961433 -0.25825557 0.03409169
v -0.09665767 -0.24188092 -0.06057160
v -0.09151775 -0.18902794 -0.04795737
v -0.09350523 -0.09450018 -0.04868489
v -0.09805536 -0.08742338 0.05267282
v -0.09103390 -0.07227340 0.05653327
v -0.09200159 -0.05032295 0.05510687
v -0.08251105 -0.01975525 0.05756135
v -0.09195154 0.07581954 -0.02982419
v -0.09708495 0.07540799 -0.01596083
v -0.09379940 0.09552756 -0.01831583
v -0.08886254 0.09293184 0.03376218
v -0.09545011 0.10092063 0.00323282
v -0.09491896 0.19905217 -0.05022155
v -0.09642309 0.23847155 -0.07212427
v -0.10183476 0.24443725 0.02235496
v -0.08672379 0.28975135 -0.07563635
v -0.08832104 -0.48589528 -0.01253780
v -0.08978353 -0.47560811 -0.03964788
v -0.08944058 -0.46698174 -0.00961008
v -0.09166808 -0.46683204 -0.02635609
v -0.09057067 -0.46771222 -0.02568531
v -0.08734351 -0.44796270 -0.01059495
v -0.09184436 -0.43956605 -0.00323146
v -0.09083117 -0.41664448 -0.02741345
v -0.09202506 -0.36933434 -0.00732620
v -0.09170017 -0.21820357 0.05028285
v -0.09662464 -0.15874642 0.04910576
v -0.08726176 -0.15476339 0.05625780
v -0.09676842 -0.11378582 0.05370855
v -0.08987936 -0.09026182 0.05781769
v -0.08848274 -0.01339972 -0.06445516
v -0.09192822 -0.01303336 0.05151913
v -0.09051152 -0.00424670 0.05280604
v -0.09372785 0.03849451 -0.04317265
v -0.09966311 0.04004369 -0.02906807
v -0.08567102 0.03088499 0.04707807
v -0.08600421 0.06095428 0.03631019
v -0.08629861 0.06903584 -0.03686542
v -0.09268110 0.11137988 0.00403716
v -0.09167207 0.11262581 -0.00766214
v -0.09268200 0.18980797 -0.02726106
v -0.09253033 0.19830239 -0.00942953
v -0.09259936 0.23440813 0.01064811
v -0.08742052 0.23872635 0.04492141
v -0.10615253 0.29502037 -0.06762374
v -0.10195284 0.30833924 -0.05589916
v -0.08577509 -0.48400047 -0.03229449
v -0.09068971 -0.47698897 -0.04317779
v -0.08582835 -0.48829293 -0.02376460
v -0.08865650 -0.47781637 -0.03807955
v -0.08909989 -0.47516605 -0.01157254
v -0.09306325 -0.46355867 -0.02582808
v -0.08969882 -0.44161415 -0.01213429
v -0.08928715 -0.44267231 -0.01232636
v -0.09100969 -0.41549569 -0.03019599
v -0.08813664 -0.34368554 -0.00686881
v -0.09221665 -0.32477868 -0.07177993
v -0.09075023 -0.20989558 -0.05297201
v -0.08060012 -0.18458065 0.05674929
v -0.07297350 -0.17738925 -0.05004383
v -0.08779600 -0.10929616 -0.05069291
v -0.08398281 -0.09925643 -0.05401378
v -0.08473258 0.00479953 0.05327087
v -0.07736956 0.01613983 0.05569435
v -0.08443405 0.06079506 0.03820965
v -0.08965912 0.06220591 0.03081253
v -0.08597077 0.06996686 -0.03598106
v -0.08597962 0.10002238 -0.03641814
v -0.08678745 0.08771508 0.03748115
v -0.08738732 0.11169903 -0.02470645
v -0.08605292 0.11885740 0.02011365
v -0.08969375 0.10893103 -0.02158673
v -0.09234894 0.11077043 0.01150800
v -0.08125305 0.16847521 -0.04255006
v -0.08910512 0.18760683 -0.01558117
v -0.08955508 0.19661663 -0.00947352
v -0.08974448 0.21790300 0.00444627
v -0.08445919 0.26125544 0.04045969
v -0.09201989 0.25034079 0.03853566
v -0.09034481 0.31446519 0.00320336
v -0.08086304 0.31167069 0.00576384
v -0.07945140 0.32509395 -0.01083176
v -0.08396464 -0.38232583 -0.03698143
v -0.09093442 -0.38882431 -0.01350766
v -0.08716476 -0.37331024 -0.01767347
v -0.08972512 -0.36539957 -0.06219171
v -0.08593520 -0.34055439 -0.00920990
v -0.08480263 -0.32170022 -0.00374835
v -0.10044254 -0.33368355 0.01118692
v -0.08417655 -0.31662130 0.01435622
v -0.08523018 -0.28092489 -0.06232477
v -0.08878507 -0.27956542 0.02615647
v -0.08748263 -0.21213876 0.05243342
v -0.08679575 -0.18270814 0.05699824
v -0.07865979 -0.15810804 0.05912469
v -0.08802485 -0.14347559 -0.04714983
v -0.08145755 -0.13512430 0.05951502
v -0.08428817 -0.11432806 0.06411822
v -0.07814605 -0.12089781 -0.05284775
v -0.08577722 -0.09705710 0.05989838
v -0.08727502 -0.04092633 0.05716431
v -0.07703052 -0.03447713 0.06033207
v -0.08712167 0.02792171 -0.05776530
v -0.08860296 0.03827154 0.04198111
v -0.08295897 0.11866802 -0.02976917
v -0.07922169 0.10551398 0.04035252
v -0.08533539 0.10946413 0.03100019
v -0.08711725 0.17696188 -0.02301719
v -0.09085505 0.19474080 -0.05502820
v -0.08880935 0.19889848 -0.06199881
v -0.08717594 0.20533407 0.00283133
v -0.09113080 0.22481175 -0.07106902
v -0.08494064 0.21556984 0.02479382
v -0.08728983 0.22560699 0.02335807
v -0.08191916 0.24915528 0.04695328
v -0.09862701 0.26508087 -0.07834274
v -0.08854627 0.30381063 -0.06629523
v -0.09761463 0.30533734 0.01531694
v -0.08504321 0.31507969 -0.05581621
v -0.07478185 0.33140442 -0.04107204
v -0.08883324 0.32317612 -0.01768113
v -0.08671769 -0.38981247 -0.04879526
v -0.08346347 -0.36812720 -0.05562509
v -0.08302639 -0.36561677 -0.02757006
v -0.08091206 -0.34443432 -0.06283631
v -0.08123235 -0.32113636 0.00636009
v -0.08770434 -0.25597012 -0.06383671
v -0.08116670 -0.14907503 0.05794935
v -0.08797830 -0.13240331 0.05664682
v -0.07810589 -0.09507570 0.06735540
v -0.08502761 -0.07091907 0.05977124
v -0.08808499 -0.06340521 -0.05443059
v -0.08753337 -0.04257080 -0.05931129
v -0.08899212 0.01645787 -0.06027322
v -0.09227431 0.05119334 -0.03930145
v -0.08384150 0.08012557 0.04255885
v -0.08133758 0.08404938 -0.04612315
v -0.08716014 0.12272537 -0.01410042
v -0.08716188 0.17876194 -0.03730208
v -0.08502041 0.17060928 -0.02059247
v -0.08716324 0.20148326 -0.00085912
v -0.08253162 0.19743021 -0.06820628
v -0.09565532 0.22648989 -0.06659883
v -0.08227385 0.21797958 -0.07636325
v -0.08396544 0.23954661 -0.08011810
v -0.08801331 0.26960346 0.03493497
v -0.07872192 -0.36306787 -0.04186350
v -0.08044180 -0.35673410 -0.02820782
v -0.08060893 -0.34848517 -0.02235711
v -0.08718875 -0.34006202 -0.06692014
v -0.08095700 -0.33156306 -0.01271856
v -0.08437429 -0.28550494 -0.06337021
v -0.07429679 -0.27963716 -0.05682912
v -0.07839210 -0.23745658 0.04199415
v -0.07735023 -0.12288794 0.06169178
v -0.07938772 -0.09861481 -0.05608732
v -0.07623570 -0.05157399 0.06227329
v -0.08203570 -0.03007136 -0.06606910
v -0.07654678 -0.01593105 -0.07363017
v -0.08908176 -0.00996177 -0.06496125
v -0.07145536 -0.00571912 0.05958325
v -0.08283860 0.00416888 -0.07036181
v -0.08035304 0.00415418 0.05599015
v -0.08175114 0.03632173 -0.06163364
v -0.07154182 0.06039891 0.05084307
v -0.08833241 0.06843013 0.03758902
v -0.08030760 0.12957536 -0.00310740
v -0.08355800 0.16762139 -0.02746979
v -0.08272460 0.16351660 -0.01117216
v -0.08061209 0.15891275 -0.00281304
v -0.07757114 0.16474424 -0.04553398
v -0.08180795 0.17183335 0.00116665
v -0.08543263 0.18842115 -0.00218021
v -0.07611708 0.20001134 -0.07426608
v -0.09200095 0.23342112 0.03432956
v -0.07866862 0.23550498 0.05457441
v -0.07750343 0.28344572 -0.07992837
v -0.07535689 0.30502522 -0.07058758
v -0.07906538 -0.35566756 -0.05503306
v -0.07952594 -0.34323612 -0.02038437
v -0.07941430 -0.28566614 0.02243423
v -0.07513719 -0.16228633 -0.05010978
v -0.08161128 -0.13714808 -0.05068164
v -0.08712568 -0.07553519 -0.05572606
v -0.07780255 -0.02587996 -0.06992334
v -0.07508701 0.03994789 -0.06628048
v -0.08030231 0.03841120 0.04969789
v -0.08175860 0.07056915 -0.04120113
v -0.07488390 0.08140204 0.05109147
v -0.08057686 0.10795776 0.03679548
v -0.07624270 0.12995002 -0.02574966
v -0.08017803 0.13055834 -0.01531884
v -0.08086444 0.14561324 -0.01479701
v -0.08103883 0.15090302 -0.01490797
v -0.07965445 0.15263830 -0.00114800
v -0.08071226 0.16313365 -0.03412538
v -0.08317365 0.20096596 0.01860580
v -0.07840148 0.19480433 0.02684347
v -0.08121600 0.20452598 0.02600867
v -0.08277425 0.22476593 0.04235331
v -0.07850981 0.23476313 -0.08185652
v -0.07574203 0.23096590 0.05780742
v -0.07716288 0.24654524 -0.08474185
v -0.07269765 0.24752955 0.05359453
v -0.06981104 0.26653183 0.04490496
v -0.07812806 0.29275447 0.02401067
v -0.07964911 0.31288514 -0.06132466
v -0.07628468 -0.35343781 -0.03457621
v -0.09046952 -0.31183484 -0.06985214
v -0.08384799 -0.27146226 0.02897801
v -0.08014763 -0.24044153 -0.05960890
v -0.08633600 -0.22990173 -0.05789457
v -0.07027439 -0.20150718 -0.05208604
v -0.07506962 -0.18182665 -0.05027983
v -0.07298795 -0.14438546 0.06079864
v -0.06919215 -0.06672372 -0.06331918
v -0.07264727 -0.06320994 -0.06349787
v -0.07012867 -0.04664254 -0.06846238
v -0.07698218 -0.00258614 0.05793812
v -0.08748416 0.05263216 -0.04508875
v -0.07801959 0.05382942 -0.05499043
v -0.07536748 0.06666056 0.05092336
v -0.08084583 0.06988744 -0.04366321
v -0.07618810 0.09688421 0.04641394
v -0.07583629 0.11934077 0.03172381
v -0.07743245 0.12981062 0.01348630
v -0.07648031 0.15334894 0.01151639
v -0.07809226 0.15519121 0.00533350
v -0.07573348 0.15739444 0.01350738
v -0.07698715 0.16612029 0.01222721
v -0.07986160 0.17407088 -0.05247683
v -0.07651660 0.17414127 0.01639471
v -0.08046917 0.16800141 0.00335564
v -0.07754841 0.18277472 0.02042302
v -0.07438987 0.21285090 0.03785503
v -0.06659646 0.29048449 0.03169195
v -0.08356565 0.32765478 -0.02866321
v -0.08762649 0.32434636 -0.01942730
v -0.07454828 -0.32850054 -0.01881033
v -0.07082123 -0.30190647 -0.05850202
v -0.08063150 -0.26104197 0.03131732
v -0.07860983 -0.21749789 0.04870836
v -0.07471146 -0.11135802 -0.05437881
v -0.07743774 -0.07435127 0.06241005
v -0.07744797 -0.05160836 -0.06445058
v -0.06997533 -0.03928585 -0.07077708
v -0.07850977 -0.00174270 -0.07441367
v -0.07103910 0.03551884 -0.07213639
v -0.06999799 0.10659507 0.04735532
v -0.07377160 0.14005086 -0.03024019
v -0.07566851 0.14143574 0.01684113
v -0.07665130 0.12563846 0.01925505
v -0.07935666 0.21733455 0.03347183
v -0.07806755 0.21901132 0.04002959
v -0.06876213 0.24530546 -0.08819807
v -0.08176617 0.28426763 0.02985846
v -0.07683603 0.30710891 -0.06802165
v -0.06932916 0.31951281 -0.00204692
v -0.07525997 0.33204010 -0.03818412
v -0.07675298 -0.35524023 -0.04994737
v -0.07027009 -0.33414277 -0.02735738
v -0.07218089 -0.33626127 -0.05812275
v -0.06926787 -0.32188976 -0.02245502
v -0.08249921 -0.30093437 0.01975977
v -0.07211509 -0.29484624 -0.05745673
v -0.06895547 -0.26210284 0.02678286
v -0.07993866 -0.24616182 0.03907842
v -0.08311680 -0.20659913 0.05307668
v -0.07919219 -0.15363035 -0.04973900
v -0.06378885 -0.13150655 -0.05369825
v -0.07680781 -0.10986245 0.06430864
v -0.07577085 -0.04440028 0.06212827
v -0.06544674 -0.01413450 0.06128347
v -0.07038540 0.02910918 -0.07483535
v -0.06395942 0.04006724 0.05778598
v -0.07694612 0.10709865 -0.04419846
v -0.07833304 0.12021668 -0.03689311
v -0.07345248 0.15305313 -0.03732939
v -0.07322773 0.16772890 0.02109837
v -0.07268247 0.17460665 0.02474203
v -0.06286120 0.21709129 -0.08616831
v -0.06371254 0.23054145 0.06539091
v -0.08197813 0.26445302 -0.08333861
v -0.07551692 0.30142096 -0.07306915
v -0.06388452 0.30351037 0.02003721
v -0.06776125 0.32533786 -0.05499328
v -0.06819180 -0.34052038 -0.04288434
v -0.07298815 -0.31736532 -0.06241860
v -0.06694605 -0.32487106 -0.02738147
v -0.06432571 -0.30853274 -0.05128822
v -0.06793999 -0.21782620 -0.05480882
v -0.06942020 -0.21122070 0.04731558
v -0.07186507 -0.18846855 -0.04807149
v -0.07222849 -0.07392945 0.06518892
v -0.07468645 -0.00625633 -0.07660228
v -0.06326639 0.06201017 0.05701566
v -0.07332067 0.12358107 0.02744311
v -0.07268866 0.15991515 0.02117358
v -0.07588541 0.19931336 -0.07387999
v -0.07307524 0.44104451 -0.01911605
v -0.07138954 0.43007654 -0.00874725
v -0.07055902 0.43754444 -0.03240912
v -0.07216980 0.44235548 -0.01232795
v -0.07203791 0.44463140 -0.01275402
v -0.06839922 0.46020064 -0.01544339
v -0.07319622 -0.30925971 -0.01087567
v -0.07026640 -0.30418092 -0.00876763
v -0.07155183 -0.30392349 0.01366340
v -0.06553181 -0.29747310 0.01384070
v -0.06232366 -0.26442155 0.02335111
v -0.07891073 -0.23034239 0.04565630
v -0.06708550 -0.21840240 0.04360023
v -0.06859403 -0.21834895 0.04462981
v -0.07342197 -0.16073479 -0.04995669
v -0.06228347 -0.13331044 0.06278306
v -0.06985312 -0.10851628 0.06354631
v -0.06460862 -0.06795274 0.06727249
v -0.06205053 -0.03786913 -0.07489647
v -0.06028514 -0.00973374 0.06228569
v -0.07623179 0.00610044 -0.07679100
v -0.06444385 0.03015227 0.05834730
v -0.06853440 0.08007575 0.05631502
v -0.06568363 0.08977530 -0.05846652
v -0.06790767 0.10016593 -0.05383506
v -0.06611961 0.12789932 -0.03650168
v -0.06869070 0.13674347 0.03296649
v -0.06174470 0.14577241 -0.04562831
v -0.07309493 0.16821434 -0.05712252
v -0.06944569 0.16250992 0.02678062
v -0.05884037 0.17414123 -0.07215525
v -0.06702862 0.19396067 0.04413778
v -0.07309308 0.19796108 0.03717715
v -0.06793232 0.28388587 -0.08418205
v -0.07827339 0.29703259 0.01777656
v -0.06482772 0.30269796 -0.07837372
v -0.06752692 0.31764695 -0.06301787
v -0.06249555 0.40786585 -0.02952720
v -0.06935726 0.42002153 -0.00575530
v -0.06759728 0.41799545 0.00760851
v -0.06790837 0.43201980 0.01305690
v -0.06782524 -0.33006856 -0.05395138
v -0.06786571 -0.32355556 -0.05604045
v -0.06691004 -0.33141220 -0.03209632
v -0.06536349 -0.29914415 -0.01970867
v -0.06037216 -0.28512844 0.01603813
v -0.06397196 -0.26439604 -0.05436599
v -0.06705634 -0.21822020 0.04362657
v -0.06552594 -0.21565224 0.04349184
v -0.06540012 -0.21551673 0.04344980
v -0.05271077 -0.15512942 0.05417316
v -0.06496781 -0.09108019 0.06488373
v -0.07932587 -0.08241753 -0.05900715
v -0.07407851 -0.02944230 0.06046004
v -0.06597564 -0.01291845 -0.08029188
v -0.06045859 0.01090922 0.06142167
v -0.05510063 0.02558289 0.06201351
v -0.07264454 0.04847508 0.05248545
v -0.06270245 0.05258664 -0.06959289
v -0.06440071 0.14010911 0.03759411
v -0.06361480 0.20747006 0.04762843
v -0.06252918 0.21011166 -0.08383913
v -0.07218049 0.21713589 0.05028328
v -0.05954522 0.22191589 0.06734128
v -0.06375998 0.29314572 0.03009251
v -0.06012278 0.32120767 -0.00117591
v -0.05956896 0.33295834 -0.05053209
v -0.06768182 0.41448516 -0.01438261
v -0.06463253 0.41524601 0.01718906
v -0.06429543 0.44616613 0.02092601
v -0.06836371 0.44777808 0.00524950
v -0.06678485 0.45825973 -0.00006417
v -0.06724604 0.46064225 -0.02874209
v -0.06414580 -0.32844794 -0.04051793
v -0.06594151 -0.28821468 -0.04742827
v -0.06295376 -0.29383269 -0.02441680
v -0.06684977 -0.30094337 -0.00937404
v -0.07107727 -0.28209528 0.02212283
v -0.06935310 -0.26986000 -0.05676736
v -0.06272458 -0.27446276 -0.04905361
v -0.05450233 -0.24975006 -0.05357492
v -0.06878243 -0.24620873 0.03384629
v -0.07136124 -0.21535130 -0.05581694
v -0.07123254 -0.19694522 0.05245428
v -0.06059285 -0.17837968 0.05173831
v -0.06374983 -0.15965982 0.05782078
v -0.06961626 -0.11721464 -0.05590411
v -0.06971862 -0.10356431 -0.05847866
v -0.06286944 -0.01502100 -0.08124150
v -0.06241712 0.02359283 0.06066506
v -0.05632364 0.10511966 0.05786943
v -0.06369721 0.10850167 0.05102150
v -0.05717046 0.12194774 -0.04951309
v -0.06785879 0.12259830 0.03372452
v -0.07074616 0.16813707 -0.05924987
v -0.06607763 0.16730322 -0.06334370
v -0.06355417 0.16395770 0.03523075
v -0.06567835 0.17194992 0.03468574
v -0.06187826 0.18061793 -0.07317512
v -0.06695833 0.22577557 0.06383707
v -0.06515213 0.23947008 0.06137925
v -0.06312054 0.31389958 0.01382517
v -0.05442785 0.31095475 -0.07645562
v -0.06173393 0.31468424 0.01410833
v -0.06721498 0.33193380 -0.01254667
v -0.06669412 0.33493030 -0.04277942
v -0.06989394 0.33613357 -0.03471890
v -0.05935251 0.38722616 -0.03267587
v -0.06626416 0.38845101 -0.02107136
v -0.06247554 0.39272368 -0.01131260
v -0.06256114 0.39488330 0.00267765
v -0.06696649 0.41437638 -0.02161527
v -0.06114278 0.40568170 0.00564922
v -0.06442010 0.43893898 0.02370061
v -0.06808956 0.43825895 -0.04072544
v -0.06095868 0.46379220 0.01532144
v -0.06296246 -0.31188071 -0.03788392
v -0.06387510 -0.30255479 0.00253900
v -0.06135628 -0.20161822 0.04588633
v -0.06138631 -0.14743389 -0.05063221
v -0.06369611 -0.10501166 0.06568521
v -0.06297541 -0.04625402 0.06404505
v -0.06287751 0.02870466 -0.08018773
v -0.05714028 0.04010205 -0.07924192
v -0.07445346 0.09411400 0.04945851
v -0.05951735 0.11073286 -0.05312333
v -0.06142338 0.12190776 0.03992341
v -0.05937923 0.15029401 -0.05110240
v -0.06468942 0.16197880 0.03358081
v -0.05860753 0.17765035 0.04962440
v -0.06194628 0.18836986 -0.07627185
v -0.06334937 0.18446600 0.04590112
v -0.07223262 0.21934098 0.05560339
v -0.05672591 0.30765012 -0.07839120
v -0.06125232 0.32761496 -0.05575580
v -0.06195438 0.36493707 -0.02983969
v -0.06125354 0.37400731 -0.03007263
v -0.06039822 0.37796158 -0.01035232
v -0.06815041 0.38896438 -0.00853149
v -0.06162585 0.41010296 -0.03389906
v -0.06419581 0.40904722 -0.00513854
v -0.06576738 0.42375559 -0.03751662
v -0.06087913 0.46725002 0.00760037
v -0.06214595 0.47305021 -0.01303961
v -0.05463628 -0.26943293 -0.04213153
v -0.06021907 -0.23302141 -0.05401986
v -0.06995195 -0.23481119 0.03809633
v -0.05849331 -0.11281540 0.06403169
v -0.05230511 -0.03405175 0.06384716
v -0.06324068 0.00970001 -0.08387485
v -0.06001933 0.08294968 -0.06138527
v -0.05631339 0.09712391 0.06133752
v -0.05138522 0.11639198 -0.05506749
v -0.05705769 0.13114676 -0.04438994
v -0.05697606 0.26814592 0.04831504
v -0.06294197 0.29045853 0.03247418
v -0.05758579 0.27986223 -0.08936530
v -0.05662369 0.29312310 -0.08676254
v -0.05425850 0.33012131 -0.00511594
v -0.06024874 0.34170938 -0.02515854
v -0.05891073 0.35832345 -0.01329438
v -0.05702616 0.37698081 -0.03879056
v -0.06253117 0.36820289 -0.00441406
v -0.05949933 0.38665178 -0.00132053
v -0.06174684 0.39984694 -0.01700814
v -0.05821672 0.40052047 -0.00219054
v -0.05841133 0.39978060 -0.00760385
v -0.05991372 0.40232444 0.00785946
v -0.05735518 0.40216863 0.01351200
v -0.05616622 0.40228233 -0.03074235
v -0.05569169 0.40800828 0.02458432
v -0.05655563 0.41634694 0.03477799
v -0.05958468 0.43024239 -0.05020968
v -0.06742380 0.44897026 -0.04188575
v -0.05866574 0.45035827 0.02997760
v -0.05771574 0.47081557 -0.04087016
v -0.05986419 -0.29073140 -0.01168833
v -0.05797185 -0.28990039 0.01015345
v -0.05629705 -0.19091213 0.04692785
v -0.05454374 -0.17448623 -0.04754290
v -0.07664563 -0.17746885 0.05814953
v -0.05183207 -0.11768776 -0.05646910
v -0.06541443 -0.09329045 -0.06042980
v -0.05289216 -0.09827530 0.06425153
v -0.06123943 -0.06057399 0.06742911
v -0.05996918 -0.04696790 -0.07123680
v -0.05813296 -0.03299725 0.06382962
v -0.04217461 -0.01934310 0.06413370
v -0.05147837 0.05690116 0.06048892
v -0.06645355 0.06543597 -0.05725930
v -0.05793809 0.08405640 -0.06243952
v -0.06882058 0.06916254 0.05607900
v -0.05712331 0.13730733 -0.04583244
v -0.05569066 0.15601894 -0.05987047
v -0.05764421 0.16072229 0.04213905
v -0.05670698 0.16625850 0.04608957
v -0.05325202 0.18374811 -0.07760031
v -0.05166674 0.21547846 0.06304466
v -0.05666965 0.33009434 -0.05519316
v -0.04646026 0.34854269 -0.04046651
v -0.05984752 0.36097610 -0.03077170
v -0.05803656 0.36737302 0.01635914
v -0.05648956 0.36411527 -0.01082207
v -0.05307506 0.36788192 -0.03559209
v -0.05467760 0.37381950 -0.02087013
v -0.05422561 0.37261578 -0.01482273
v -0.06019882 0.36830300 0.00576291
v -0.06160045 0.39341873 0.01379639
v -0.05677599 0.39775899 -0.02210118
v -0.05697417 0.41729420 -0.04594984
v -0.05485656 0.42909086 -0.05594921
v -0.06177920 0.42598519 0.02915847
v -0.05523546 0.44557303 -0.05905826
v -0.05550663 0.43759456 0.03897506
v -0.05858848 0.44985858 -0.05331100
v -0.06062550 0.45864704 -0.04783294
v -0.05876541 0.47705972 -0.00762032
v -0.05624003 -0.30225706 0.06241690
v -0.04834703 -0.26977533 0.01173957
v -0.05699484 -0.30036649 0.06225156
v -0.05443853 -0.25755829 0.06626739
v -0.05286250 -0.24558565 0.06926595
v -0.05868183 -0.22576185 -0.05311648
v -0.05295993 -0.17482699 0.04896025
v -0.05902828 -0.16519633 -0.04943546
v -0.05028911 -0.14916445 0.05391139
v -0.04618485 -0.13526621 0.05400912
v -0.05569640 -0.13357891 0.06054241
v -0.05848715 -0.07426266 -0.06411258
v -0.05702651 -0.06338952 -0.06618591
v -0.04643393 -0.03695828 -0.07894073
v -0.03978815 -0.00738742 0.06367524
v -0.06350139 0.02013904 -0.08254540
v -0.04732993 0.05825918 0.06151308
v -0.04960600 0.07003737 -0.06426213
v -0.04769909 0.09357916 0.06692417
v -0.06322037 0.11555882 0.04456041
v -0.05223985 0.14874290 0.04840678
v -0.04887510 0.16634655 0.05608224
v -0.05128974 0.17379616 0.05647700
v -0.05958298 0.19538561 -0.07950965
v -0.05663744 0.20190910 0.05411047
v -0.05583573 0.20777237 0.05428866
v -0.04763666 0.24482629 0.06317082
v -0.04857678 0.25666416 0.05683446
v -0.04972035 0.32573172 -0.06199221
v -0.04863606 0.34147683 -0.01094509
v -0.05414027 0.35208949 -0.02903741
v -0.05385013 0.34649944 -0.02632467
v -0.05350199 0.35413617 -0.00929896
v -0.05285774 0.34866360 0.01038759
v -0.05625438 0.36076283 0.02364566
v -0.05527672 0.37367454 0.01071371
v -0.05617314 0.38008988 0.01444137
v -0.05482042 0.37988576 0.00259658
v -0.05558755 0.39527813 -0.02651380
v -0.05184992 0.40345421 -0.03952336
v -0.05521481 0.41023245 -0.03738732
v -0.05177090 0.42324755 0.04488790
v -0.05486861 0.45274422 -0.05809979
v -0.05470479 0.47421932 -0.04070082
v -0.04968675 0.47117159 0.02964017
v -0.04907547 -0.27419850 -0.00569916
v -0.04717358 -0.26601729 -0.01492149
v -0.04588588 -0.26509938 -0.02692577
v -0.05252625 -0.27701852 0.07245331
v -0.05419058 -0.25384220 0.05957352
v -0.05187045 -0.21056806 0.05781043
v -0.05891426 -0.22991177 0.03471606
v -0.04598369 -0.20151685 -0.04714367
v -0.05414573 -0.20742208 0.03745405
v -0.05608343 -0.00270400 -0.08644966
v -0.04211532 0.00931654 0.06413435
v -0.04905698 0.04427409 0.06086047
v -0.05141000 0.06301595 -0.06828815
v -0.04143878 0.06408426 0.06787194
v -0.05925104 0.07042927 -0.05941563
v -0.04896672 0.11764438 -0.05500868
v -0.04966673 0.13888222 0.05042089
v -0.05509045 0.16550994 -0.06851763
v -0.05243611 0.28373674 -0.09005490
v -0.03905411 0.29232627 0.03459270
v -0.05543736 0.30088621 0.02526391
v -0.05281201 0.29808211 -0.08684600
v -0.05170223 0.31883812 -0.06827716
v -0.04834605 0.31857634 0.00921688
v -0.05305065 0.34752697 -0.00346494
v -0.05132962 0.35622734 0.00405303
v -0.05227663 0.40119237 0.01670765
v -0.04794238 0.41512057 0.04386097
v -0.05097153 0.44434175 0.04326607
v -0.05280670 0.47515476 0.01818922
v -0.05384037 0.47954139 -0.02865791
v -0.05437934 0.47600475 0.01259015
v -0.05141946 0.48241365 -0.00863470
v -0.05354194 -0.28340107 0.05556346
v -0.05294671 -0.30306259 0.07125795
v -0.04834725 -0.27312931 0.07665153
v -0.05115243 -0.26796263 0.07369142
v -0.06408740 -0.27290982 0.02248480
v -0.04781513 -0.25966030 0.01573583
v -0.05018917 -0.24185531 0.07290148
v -0.03968288 -0.21760602 0.02128693
v -0.05215361 -0.21728499 0.03410082
v -0.05108459 -0.18279456 0.06076970
v -0.06105796 -0.18829384 -0.04755575
v -0.04940837 -0.16260846 0.06744397
v -0.05019879 -0.18830515 0.05678139
v -0.04792497 -0.12211758 0.06000572
v -0.04851506 -0.11557437 0.06090493
v -0.04731527 -0.10259832 0.06256892
v -0.04662875 -0.08686838 0.06357516
v -0.05418644 -0.01547502 -0.08441393
v -0.04619397 0.02260201 0.06347834
v -0.05407637 0.03115985 -0.08405636
v -0.04706291 0.12413515 -0.04946113
v -0.04771098 0.15365741 0.05240488
v -0.05081907 0.22840635 -0.09144794
v -0.04617733 0.23722897 0.06568244
v -0.05602549 0.25085017 -0.09239210
v -0.04906714 0.32748109 0.00057351
v -0.04533806 0.32716712 -0.06246180
v -0.05009294 0.34692645 -0.01985718
v -0.04750816 0.35941005 0.02354232
v -0.04438885 0.38599586 0.02133555
v -0.04708970 0.40247679 0.02032971
v -0.04524937 0.40095064 -0.04383051
v -0.04708535 0.41061410 -0.05698103
v -0.04939160 0.41898316 0.04570244
v -0.04914665 0.42274156 -0.06179604
v -0.04825080 0.42427087 0.04974385
v -0.04754265 0.43677083 0.04926987
v -0.05161865 0.45873442 0.03601115
v -0.04936323 0.46774578 -0.05376964
v -0.05352900 0.47876984 0.01111582
v -0.04545721 -0.30051258 0.07052696
v -0.04906788 -0.29666793 0.06262666
v -0.05164694 -0.27979359 0.00860342
v -0.04843963 -0.26439977 0.06724361
v -0.04970085 -0.23670059 0.05523618
v -0.05625913 -0.24434696 0.02459490
v -0.04312121 -0.22700459 0.02097561
v -0.04802820 -0.23225294 0.07449658
v -0.04722913 -0.22062831 0.07465016
v -0.05022120 -0.19110197 0.06808595
v -0.04705593 -0.17234112 0.07205928
v -0.04973192 -0.14767431 0.06572752
v -0.05558546 -0.08978958 -0.06271773
v -0.04452212 -0.04740966 -0.07378906
v -0.04646502 -0.03501267 0.06153588
v -0.04078167 -0.03260216 -0.08241446
v -0.03883157 0.04185969 0.06303065
v -0.04849223 0.11636103 0.04918312
v -0.03797314 0.14141837 -0.05814249
v -0.05198549 0.14548211 -0.05340286
v -0.05228734 0.19321148 0.05828405
v -0.04148375 0.21079049 0.06066234
v -0.05813560 0.22028859 -0.08828684
v -0.04448889 0.26643088 0.05173298
v -0.05602371 0.28062418 0.04018851
v -0.04519900 0.29589516 -0.08709601
v -0.04483777 0.30416849 0.02347502
v -0.03994963 0.31912655 -0.07098500
v -0.04516419 0.33782092 -0.05403618
v -0.04161561 0.34945202 -0.04329833
v -0.04947481 0.34962079 -0.01376532
v -0.04490182 0.35141066 0.02574199
v -0.04852938 0.35091358 -0.03791477
v -0.04544953 0.35099781 -0.04065860
v -0.04958842 0.35874143 -0.04328534
v -0.04673784 0.38540992 -0.04230744
v -0.05541105 0.39175671 -0.04196793
v -0.03988146 0.43107268 0.05889298
v -0.03852117 0.46436062 0.04814256
v -0.04539100 -0.30062693 0.05072504
v -0.04448536 -0.26726648 0.05161090
v -0.04690354 -0.25537565 -0.04345581
v -0.04501436 -0.26363957 0.07909144
v -0.03730237 -0.24053922 -0.04099303
v -0.04436228 -0.24064286 0.07811320
v -0.04805329 -0.24228024 0.06453020
v -0.03859979 -0.22143692 -0.04612554
v -0.04244772 -0.20879222 0.02866841
v -0.05059550 -0.19074994 0.04392501
v -0.04472000 -0.17184022 0.04360241
v -0.04090076 -0.15703820 0.04309684
v -0.04846396 -0.15887487 0.05033184
v -0.04600208 -0.15372939 0.05425613
v -0.04630167 -0.15163852 0.04946262
v -0.04792247 -0.16080196 0.07070699
v -0.03474415 -0.14122789 -0.04801016
v -0.04809986 -0.12715743 0.05941876
v -0.04523868 -0.12237524 0.07096738
v -0.04513754 -0.11098663 0.06993733
v -0.04485282 -0.10734493 0.07021023
v -0.04420138 -0.06768023 0.06744104
v -0.04707218 -0.07335082 0.06332864
v -0.04751386 -0.06317916 0.06267644
v -0.04647576 -0.04916781 0.06202497
v -0.05071158 0.00931473 -0.08878603
v -0.04944890 0.07897601 0.06798183
v -0.03993030 0.08081752 -0.06922456
v -0.03323039 0.09296317 0.07365266
v -0.05190484 0.09170334 -0.06420748
v -0.04798841 0.18302934 -0.07853721
v -0.04206574 0.19573368 0.06301837
v -0.04973626 0.29369968 -0.08812332
v -0.03907798 0.30376616 0.03157617
v -0.04517027 0.30829343 0.02030427
v -0.04732538 0.32384223 0.00777344
v -0.04344555 0.34460098 0.00005876
v -0.04317332 0.37976280 0.02159057
v -0.04762086 0.39887086 -0.04269317
v -0.04430048 0.40790400 0.03127838
v -0.04239815 0.41801158 0.05133969
v -0.04726196 0.44550183 0.04779665
v -0.04345477 0.45480722 0.04780006
v -0.04435030 0.46628547 -0.06024560
v -0.04006075 0.48364103 -0.04391431
v -0.04360720 -0.29511708 0.05722852
v -0.04539097 -0.28433374 -0.09977645
v -0.04203133 -0.28850567 -0.09741914
v -0.03956085 -0.26233375 0.08150774
v -0.04243595 -0.26248962 0.00520913
v -0.04469974 -0.24219348 -0.09181535
v -0.03773189 -0.22360574 0.08132863
v -0.04385713 -0.24361220 0.01803452
v -0.04918048 -0.24623534 -0.04978249
v -0.04264237 -0.25151742 0.05770851
v -0.04079692 -0.26236358 0.07480374
v -0.04752873 -0.23621543 0.06591217
v -0.04442412 -0.20287164 -0.08873665
v -0.04184200 -0.21428974 0.05808599
v -0.04895907 -0.20015939 0.03642599
v -0.04240381 -0.20689547 0.07768105
v -0.04270434 -0.18157540 0.05963891
v -0.04537560 -0.19325985 0.06548347
v -0.04067559 -0.17628838 0.07815628
v -0.04257843 -0.16079023 -0.04757693
v -0.04480610 -0.16070214 -0.08843327
v -0.04377053 -0.16602845 0.07542016
v -0.03925240 -0.15746771 0.05906957
v -0.04165926 -0.13796186 0.06097020
v -0.04319077 -0.14736187 0.04702953
v -0.04253687 -0.14875263 -0.08118039
v -0.04221506 -0.11892250 0.05327499
v -0.04577583 -0.13116986 -0.05350707
v -0.04421079 -0.09432862 -0.08262489
v -0.04356134 -0.08328194 0.07027133
v -0.04322697 -0.07849815 -0.08292841
v -0.03925054 -0.05080769 -0.07092886
v -0.04471736 -0.04440105 0.06220348
v -0.03692010 0.01964191 0.06363300
v -0.04198098 0.02407099 -0.09051196
v -0.04005413 0.06106139 -0.07519741
v -0.05366797 0.10194423 -0.05878872
v -0.04005389 0.14000754 0.05632812
v -0.04583455 0.14013782 0.05310521
v -0.03970102 0.16617313 -0.07244506
v -0.04039981 0.31675023 0.02455228
v -0.04381092 0.34188247 -0.00324721
v -0.04266333 0.39147630 0.02543069
v -0.03905275 0.41575062 0.04950815
v -0.03985184 0.42149788 0.05564701
v -0.04684339 0.43576574 -0.06719919
v -0.03709570 0.47682598 0.03966200
v -0.03287609 -0.30300161 0.05901663
v -0.03302071 -0.30364874 0.08375378
v -0.04337351 -0.30281472 0.07928719
v -0.04224968 -0.26828501 -0.10201653
v -0.03812806 -0.27153903 -0.10287230
v -0.04000219 -0.25511515 -0.09113709
v -0.04107844 -0.25409180 -0.01337771
v -0.04660506 -0.26408011 0.07078684
v -0.04040514 -0.24465381 0.05171653
v -0.04370745 -0.20479216 -0.09424963
v -0.04036733 -0.21822020 0.07948592
v -0.04139006 -0.21285307 0.07163385
v -0.04471488 -0.20391315 0.05281064
v -0.03864814 -0.19725539 0.02929025
v -0.04036029 -0.20062427 0.07871373
v -0.04242756 -0.18687402 0.03521321
v -0.04534932 -0.19432768 -0.08698013
v -0.03991153 -0.14786290 0.07800253
v -0.04141115 -0.14691232 0.06933863
v -0.04365347 -0.14520480 0.07490464
v -0.04048570 -0.13118140 -0.07950952
v -0.03700025 -0.11881434 -0.05353797
v -0.03921619 -0.09738832 0.06302383
v -0.04387704 -0.14554740 0.06507383
v -0.03239780 -0.12320513 0.08103923
v -0.04175681 -0.11615830 0.07482181
v -0.03875566 -0.09148624 0.07523324
v -0.04093871 -0.07389856 0.07217950
v -0.04072227 -0.08360673 -0.07795886
v -0.04138134 -0.03328631 0.06497040
v -0.03253902 0.07197256 -0.06973520
v -0.03946818 0.07691368 0.07228900
v -0.05719643 0.07658270 -0.06342389
v -0.03310796 0.10648024 -0.06390234
v -0.04010071 0.11388645 -0.05919505
v -0.04083945 0.15345091 0.05682785
v -0.04616328 0.17039704 0.05940593
v -0.04234832 0.31415248 -0.07397324
v -0.04307230 0.32958424 0.01019729
v -0.03402469 0.35676816 -0.04411149
v -0.04159942 0.36172730 0.02033104
v -0.04386183 0.36965498 -0.04939919
v -0.03881108 0.36562586 0.02373953
v -0.04143419 0.36962518 0.02336815
v -0.04028193 0.38354424 -0.05434156
v -0.04158077 0.39564496 0.03042704
v -0.03976418 0.39325729 -0.06050193
v -0.04469724 0.40883160 -0.05939702
v -0.03766802 0.41461921 0.04929566
v -0.04225425 0.44129825 -0.07213810
v -0.03954707 0.44785595 0.05474817
v -0.03461752 0.47319070 -0.06136980
v -0.02958673 0.47998726 -0.05767485
v -0.03770269 0.47921330 -0.05326626
v -0.03931226 0.48910275 0.01373001
v -0.04419863 0.48210457 0.02306280
v -0.02833373 -0.27558932 -0.09181311
v -0.03350276 -0.28723890 -0.10346178
v -0.04258602 -0.25195512 0.05155010
v -0.04475491 -0.25464320 -0.09945926
v -0.03614000 -0.26220769 0.07650635
v -0.04565941 -0.26014024 -0.03469159
v -0.03397613 -0.23628967 -0.01866403
v -0.03943039 -0.24792306 0.01060563
v -0.04061724 -0.23310721 -0.08885415
v -0.03952943 -0.20880295 -0.08639575
v -0.03708985 -0.22903660 0.01512800
v -0.03857006 -0.22420672 0.01799882
v -0.03598453 -0.20553443 0.08133277
v -0.03651103 -0.20173003 0.05977599
v -0.03816954 -0.20001483 0.08003733
v -0.03809627 -0.20001997 0.08008075
v -0.03809166 -0.19775179 0.08003733
v -0.03809166 -0.19773914 0.08003706
v -0.03809166 -0.19546348 0.07996414
v -0.04041855 -0.19073761 0.07842214
v -0.04385728 -0.16908908 0.06742249
v -0.03735641 -0.17940523 -0.04281309
v -0.03073592 -0.18942389 0.06186431
v -0.03706811 -0.17973077 0.03267106
v -0.03753175 -0.15767264 0.07314125
v -0.03940040 -0.12778807 0.06047208
v -0.03944916 -0.10713308 -0.07889222
v -0.03721076 -0.09930389 0.06936846
v -0.04846689 -0.08364759 -0.06370851
v -0.03261558 -0.09097972 0.07914995
v -0.04135866 -0.06395213 -0.06726868
v -0.03677727 -0.06304881 0.07365948
v -0.04131956 -0.04926586 -0.08229891
v -0.03766682 -0.04673661 -0.08397439
v -0.03749012 -0.03614101 0.07048088
v -0.03985954 0.00478666 0.06417564
v -0.04411459 0.04077292 -0.08455196
v -0.04064723 0.05206296 -0.08055778
v -0.05038034 0.05404857 -0.07594888
v -0.04389523 0.11010413 0.05989069
v -0.03772117 0.11439453 0.05403078
v -0.03747795 0.13082437 0.05639961
v -0.04147834 0.18292074 0.06332407
v -0.03540601 0.19873343 0.06491070
v -0.03277611 0.21615824 0.06191441
v -0.04382905 0.23565276 0.06638549
v -0.04077906 0.25929913 -0.09255123
v -0.03839347 0.33614543 0.00530830
v -0.03797614 0.37101391 0.03170104
v -0.03857083 0.39775202 -0.05010301
v -0.03953795 0.40209627 0.03620613
v -0.04005257 0.40965834 -0.06386737
v -0.03541347 0.40864810 0.04725800
v -0.03863911 0.42229176 -0.07284582
v -0.04101274 0.48884398 -0.03081712
v -0.04691006 0.48717368 -0.00819528
v -0.03283679 -0.28379574 0.08361503
v -0.04281684 -0.27852067 0.05798699
v -0.03306204 -0.24612674 0.06152417
v -0.02844193 -0.23248146 -0.08818682
v -0.03529999 -0.23388404 -0.04215054
v -0.03589574 -0.23511451 0.01089236
v -0.03311650 -0.23601928 0.06146211
v -0.03392767 -0.22633176 0.08260838
v -0.04105330 -0.22219519 0.05226352
v -0.03113126 -0.20886408 0.06276295
v -0.03885847 -0.19531755 0.05253657
v -0.02944636 -0.20580316 0.01320744
v -0.03108299 -0.22617683 -0.08772906
v -0.03809117 -0.19773914 0.08003733
v -0.03581598 -0.19773914 0.08116809
v -0.03988494 -0.17419478 -0.04428102
v -0.02778916 -0.17267212 0.06225156
v -0.03575408 -0.16930655 0.08098683
v -0.03577378 -0.16574003 0.03594363
v -0.04003469 -0.16095869 -0.09111098
v -0.02969922 -0.14762303 0.03509033
v -0.02885438 -0.14570133 -0.08120830
v -0.03206880 -0.15546222 0.08224943
v -0.03692105 -0.14254592 0.07950586
v -0.03611778 -0.08204089 0.05042621
v -0.03021028 0.02572788 0.06759393
v -0.03047469 0.06126802 0.07139912
v -0.03404604 0.07412203 0.07363824
v -0.03787664 0.12477200 -0.05317859
v -0.02359886 0.12054975 -0.05580476
v -0.04159535 0.15231134 -0.06387420
v -0.03361997 0.17739080 0.06513616
v -0.03545034 0.22505435 0.06621775
v -0.02714123 0.23788309 0.06446224
v -0.04315622 0.24768265 -0.09330513
v -0.04463065 0.28066751 -0.09192553
v -0.03030526 0.34699833 -0.05077781
v -0.03082025 0.37356091 -0.05544247
v -0.03852975 0.38204473 0.03587240
v -0.04230651 0.45999265 -0.06625666
v -0.03199348 0.47723606 0.04576118
v -0.03524182 -0.30221665 0.07648724
v -0.03476726 -0.26407024 -0.09166030
v -0.04015855 -0.24678770 -0.09016179
v -0.03322466 -0.23803827 -0.02827657
v -0.03091150 -0.23200591 0.08362591
v -0.03918802 -0.25311247 0.00538809
v -0.02725146 -0.20003574 0.08426209
v -0.03326043 -0.22065245 0.07662395
v -0.03774985 -0.18480867 -0.04308810
v -0.02321337 -0.19999014 -0.08556602
v -0.03294619 -0.19208004 0.07638607
v -0.03267551 -0.16976562 0.03094722
v -0.02989542 -0.12882441 0.04042164
v -0.03272541 -0.11452346 0.06117665
v -0.03534249 -0.08433035 0.06138660
v -0.03936275 -0.07689988 -0.08594544
v -0.03949386 -0.07658869 0.06504519
v -0.03146104 -0.07550658 0.07837173
v -0.03731456 -0.04443825 -0.07425636
v -0.02976502 -0.05985308 0.07741758
v -0.03333756 -0.04088755 0.07416695
v -0.03291051 0.00176445 -0.09267290
v -0.03511152 0.00614776 0.06746411
v -0.02881838 0.03466433 0.06464201
v -0.03161580 0.10900089 0.06447995
v -0.03731903 0.18600519 -0.08049751
v -0.03450116 0.23220032 -0.09299129
v -0.03055307 0.27426720 0.04622456
v -0.02890634 0.29337978 -0.08589135
v -0.03620925 0.28662717 0.03872241
v -0.03449467 0.35557300 0.02765940
v -0.03858511 0.37300664 -0.05209048
v -0.03225252 0.36842960 0.04197146
v -0.03416523 0.43381619 -0.07910547
v -0.03573988 0.48680332 -0.04258356
v -0.02529512 0.49645978 0.01287351
v -0.03770827 -0.28784260 0.05312188
v -0.02564725 -0.30444559 0.07922557
v -0.04236476 -0.26601467 0.07409599
v -0.03278989 -0.25929976 0.08345518
v -0.04265086 -0.23982471 -0.09904999
v -0.03877622 -0.25033054 -0.02777002
v -0.03344158 -0.23712762 0.00107945
v -0.03096008 -0.22898249 -0.03784281
v -0.03909188 -0.22504604 -0.09735058
v -0.03270456 -0.22056156 -0.04364698
v -0.03264323 -0.22510026 0.01020592
v -0.02794268 -0.21559952 -0.08685535
v -0.02642289 -0.19069579 -0.08472978
v -0.03345160 -0.17917575 0.02847800
v -0.02781836 -0.18788455 0.01690204
v -0.03677127 -0.15518829 0.05280897
v -0.03032666 -0.15527426 0.06200132
v -0.03097524 -0.14690413 -0.04517888
v -0.03930968 -0.15133977 -0.08061818
v -0.02913373 -0.12479804 0.05545909
v -0.03709805 -0.11234239 0.05311166
v -0.03030229 -0.10739326 -0.07963378
v -0.02429197 -0.11444478 0.03866452
v -0.02682095 -0.10610408 0.08250374
v -0.03288307 -0.07203893 0.06468689
v -0.02721135 -0.09651051 0.07555622
v -0.03008410 -0.07226887 -0.07866749
v -0.03454307 -0.06187398 0.04989235
v -0.03603892 -0.02319698 0.06986252
v -0.02476943 0.02619300 -0.09354243
v -0.02196165 0.05404415 0.06823748
v -0.03659396 0.12023813 -0.05352484
v -0.02484456 0.15170798 -0.06676916
v -0.03063209 0.16527741 0.06403455
v -0.02334477 0.20078439 0.06609497
v -0.03532241 0.19697364 -0.08427440
v -0.02735588 0.28711647 0.04634013
v -0.03482790 0.30025628 0.03774891
v -0.03147854 0.32462996 0.01534809
v -0.03379535 0.34597918 0.01454115
v -0.03156239 0.39482367 0.04625884
v -0.03215530 0.47608230 -0.06020143
v -0.02908099 0.46537292 0.05438593
v -0.02287573 0.47074169 0.05494853
v -0.03424540 0.48160005 0.03742810
v -0.01937358 -0.30488840 0.08181135
v -0.03173406 -0.30014652 0.07767408
v -0.02779363 -0.26001751 0.06143511
v -0.02130964 -0.26079798 -0.08990177
v -0.02199181 -0.24287246 0.07992613
v -0.03048181 -0.21418308 -0.04130514
v -0.03459343 -0.21055277 0.07602075
v -0.03206277 -0.18113375 0.08268154
v -0.02999122 -0.16770832 0.02802804
v -0.02796479 -0.16479979 0.08363328
v -0.02963922 -0.15738314 0.05585665
v -0.02662706 -0.13931082 0.03394265
v -0.03531514 -0.13509613 0.07366456
v -0.02582152 -0.11604458 0.03936797
v -0.02917724 -0.13415284 0.07651537
v -0.03417175 -0.09376729 0.05459024
v -0.02067477 -0.08393104 -0.07874952
v -0.02260166 -0.08568540 0.08262022
v -0.02465673 -0.07092037 -0.05912704
v -0.02388834 -0.08392154 0.04115878
v -0.02367543 -0.06707565 0.06540171
v -0.02537889 -0.05055777 -0.06550112
v -0.02195201 -0.01691410 0.07863057
v -0.04167173 -0.02773755 -0.08428711
v -0.02407662 -0.00082848 0.07698572
v -0.02944077 0.05069428 -0.08464520
v -0.03199893 0.06824519 0.07163055
v -0.03027667 0.07687916 0.07592203
v -0.03988916 0.08351534 0.07205169
v -0.02169747 0.10354125 0.07384390
v -0.02877568 0.11278470 0.05716762
v -0.03337910 0.12941784 0.05794338
v -0.02309724 0.19266859 0.06678364
v -0.01395102 0.25998467 0.05501709
v -0.02657147 0.27216536 -0.08973096
v -0.03038137 0.30801272 0.02541800
v -0.02820649 0.33628941 -0.06044441
v -0.02445573 0.34403750 -0.05350720
v -0.02998652 0.33524445 0.01607209
v -0.03023344 0.34592780 0.03597848
v -0.03156445 0.35210559 0.03413213
v -0.02909645 0.35488904 -0.05545394
v -0.03076532 0.37542796 0.04526217
v -0.02843165 0.40757501 -0.07086187
v -0.02210412 0.44384706 -0.08261815
v -0.02886334 0.44796288 -0.08246635
v -0.03828417 0.45585221 -0.07239554
v -0.03170072 0.49075860 0.02173137
v -0.02150010 -0.28162441 0.08523221
v -0.00979720 -0.27591604 0.05622793
v -0.02930321 -0.27791393 0.08444872
v -0.02026513 -0.24122871 0.08543959
v -0.03169664 -0.24880056 0.05545209
v -0.02611764 -0.21634568 0.06240761
v -0.02822776 -0.22576873 -0.03034019
v -0.02497814 -0.21654046 -0.03278412
v -0.02235488 -0.20605165 -0.01630302
v -0.02950418 -0.22908257 -0.00703073
v -0.02843643 -0.21347985 0.00789261
v -0.02880681 -0.19787061 -0.09370630
v -0.02525709 -0.20580418 -0.03681946
v -0.02306692 -0.19376305 0.00796838
v -0.02447275 -0.19491298 0.08448584
v -0.02515645 -0.18234101 0.01481507
v -0.02671071 -0.17665657 0.01944069
v -0.02331454 -0.17781660 -0.03639660
v -0.02988718 -0.17589156 0.07760783
v -0.02410719 -0.17562261 0.08441931
v -0.02702023 -0.16648793 0.02403656
v -0.02767896 -0.13588291 0.07718148
v -0.03064111 -0.13211216 0.06158974
v -0.02501099 -0.14379145 -0.04124232
v -0.02912678 -0.13243711 -0.04660015
v -0.02132666 -0.14687680 0.06246576
v -0.03913980 -0.15191911 -0.09023956
v -0.03078780 -0.11361134 -0.05201964
v -0.02661510 -0.10984884 0.06204932
v -0.02264634 -0.13029392 -0.08076691
v -0.02428769 -0.11966366 0.08345674
v -0.03006581 -0.10088269 0.04482203
v -0.02502934 -0.06756300 0.07318014
v -0.01695637 -0.03496982 -0.07039541
v -0.02347181 -0.03245613 0.07858845
v -0.02513291 -0.03041410 -0.07906655
v -0.03179051 -0.03289739 0.05463373
v -0.02725511 0.00305591 0.07448967
v -0.02475733 0.04710931 0.06475190
v -0.01384358 0.09639203 -0.06932946
v -0.03491817 0.10355558 0.06959883
v -0.02671280 0.10965162 0.06376789
v -0.02752023 0.14109777 0.06109363
v -0.01747986 0.21186286 0.06375238
v -0.03407516 0.31092817 -0.07742191
v -0.02125596 0.33420703 0.02818533
v -0.03073832 0.39686599 -0.06341311
v -0.02182141 0.38770652 0.05104289
v -0.02868585 0.40491286 0.04980623
v -0.02993927 0.45373467 0.05982059
v -0.02769116 0.49143344 -0.04046579
v -0.02562466 0.48645550 0.03821277
v -0.01827243 0.49611995 -0.03227932
v -0.02957211 0.49664441 -0.01933887
v -0.02821577 -0.29672521 0.06037872
v -0.02664915 -0.28218278 0.08485776
v -0.02103513 -0.27103662 -0.09030896
v -0.03470673 -0.24834111 0.07724556
v -0.02072001 -0.24604437 0.05732153
v -0.01796052 -0.25397357 -0.08840288
v -0.03034303 -0.20392859 0.05568800
v -0.02675837 -0.22918206 0.08447072
v -0.01991187 -0.22765538 0.06450216
v -0.02076367 -0.15903883 -0.08236820
v -0.02516766 -0.13429378 0.03348845
v -0.02369701 -0.12368193 0.03498463
v -0.03299641 -0.11084896 -0.08918061
v -0.02679922 -0.10415938 0.05640596
v -0.02449597 -0.06923659 -0.08644062
v -0.02261554 -0.06216137 -0.07927272
v -0.02101028 -0.00002701 0.05834274
v -0.03304126 0.03642710 -0.08957139
v -0.02236995 0.05134580 0.06530144
v -0.02830643 0.06271969 -0.07817443
v -0.02321599 0.12751454 0.06069784
v -0.02284278 0.14957729 0.06190213
v -0.03050536 0.15733576 0.06220413
v -0.02368099 0.16865419 0.06577988
v -0.03031264 0.20577008 -0.08737317
v -0.01904135 0.22874016 -0.09064493
v -0.02021507 0.24614012 0.06096895
v -0.03060030 0.24861880 -0.09246354
v -0.02363344 0.28765711 -0.08584081
v -0.03243769 0.31901762 0.01830139
v -0.02573100 0.33737743 0.02572612
v -0.01999657 0.33793288 0.04910199
v -0.02769207 0.36343202 -0.06082515
v -0.02622432 0.36314750 0.04675816
v -0.02826969 0.37882644 -0.05639455
v -0.01554903 0.40021744 0.05043320
v -0.02796423 0.42487285 0.06340883
v -0.02237166 0.49287465 -0.03956993
v -0.02366464 -0.26049271 0.06250341
v -0.01760315 -0.21773504 0.08509150
v -0.02330383 -0.21019380 -0.02557277
v -0.02432379 -0.18426932 0.05657166
v -0.02071363 -0.18286505 0.00749662
v -0.02217354 -0.16229196 0.01774979
v -0.02263818 -0.13615516 0.08404319
v -0.02416779 -0.13962121 0.03021184
v -0.02115121 -0.12714393 0.03047846
v -0.02071200 -0.15154923 -0.08164779
v -0.01523501 -0.13590249 -0.08984749
v -0.02264231 -0.10924453 -0.07966371
v -0.02603693 -0.06669982 0.05763469
v -0.02009834 -0.08142168 0.08273833
v -0.01977431 -0.06624951 -0.05735541
v -0.02129689 -0.03303555 -0.08018187
v -0.02718115 -0.04344747 0.04631270
v -0.01775076 -0.02654096 -0.08623517
v -0.02563721 -0.00985836 0.06027184
v -0.01562793 0.05061565 0.07279275
v -0.01195280 0.09980983 0.07766648
v -0.02617852 0.25408578 0.05861399
v -0.02106186 0.32196069 -0.06956515
v -0.02173890 0.35404092 0.04738785
v -0.02275546 0.40634453 -0.07154562
v -0.02518765 0.44456744 0.06414267
v -0.03006205 0.43681079 0.06487258
v -0.01872350 0.49435791 0.02575563
v -0.02753697 0.49722359 0.00901139
v -0.02183248 -0.29623291 -0.09101642
v -0.02383276 -0.27773741 -0.09947803
v -0.01691641 -0.27320912 -0.09523988
v -0.01871163 -0.26105082 0.06316207
v -0.02190756 -0.24164426 -0.09469847
v -0.01928283 -0.24432935 -0.08768605
v -0.01881896 -0.22538899 -0.08569750
v -0.02060864 -0.22098711 0.05774708
v -0.02617696 -0.18387409 0.07836089
v -0.02232490 -0.18096270 -0.09167612
v -0.01990351 -0.17189218 0.07904711
v -0.02017680 -0.19994850 -0.00847464
v -0.02075071 -0.19681971 -0.02090651
v -0.02016279 -0.19610505 -0.00682906
v -0.01853607 -0.17322096 -0.02984848
v -0.02120724 -0.15415454 0.01922908
v -0.01627084 -0.10279569 0.07845838
v -0.02485609 -0.11795145 -0.04584669
v -0.01721583 -0.12160703 0.02595017
v -0.02038974 -0.11348449 0.08390909
v -0.02986776 -0.10573991 -0.05404694
v -0.02227334 -0.09517518 0.06363512
v -0.01938009 -0.11757671 -0.07935555
v -0.02377005 -0.09625316 0.04036519
v -0.02151853 -0.09190376 -0.05222234
v -0.01841053 -0.08453050 -0.08547752
v -0.02478324 -0.08607824 -0.05548767
v -0.01887866 -0.06385896 -0.07840934
v -0.02348599 -0.04660477 -0.08602571
v -0.01613226 -0.05877345 0.08195805
v -0.01788175 -0.04474474 0.03904000
v -0.01725128 -0.03912981 0.08016685
v -0.02492657 0.00073717 -0.09313331
v -0.02014067 -0.02079805 0.04778655
v -0.01802910 -0.00802135 0.07968736
v -0.02176325 0.04760682 0.06624290
v -0.02793091 0.07355312 -0.07105309
v -0.02251916 0.07178738 0.07623360
v -0.01661136 0.12913240 0.06211642
v -0.02354839 0.21925493 0.06198749
v -0.01580795 0.22346088 0.06119350
v -0.01983540 0.28314215 0.04135062
v -0.01964190 0.39983425 -0.06630279
v -0.02644739 0.41562122 0.05861180
v -0.00924378 0.43429938 0.06883223
v -0.01257162 0.49900272 -0.02046278
v -0.01944724 0.50000000 0.00053615
v -0.00796464 -0.29877323 -0.08446212
v -0.01763562 -0.28725034 -0.09472421
v -0.01051660 -0.28509215 0.06206482
v -0.01912089 -0.27468303 -0.08927979
v -0.01414042 -0.26243421 -0.07989746
v -0.01812078 -0.25806549 -0.08783295
v -0.02399899 -0.22860704 0.07914498
v -0.01789412 -0.21636298 -0.09164646
v -0.01825134 -0.18813369 0.06380602
v -0.01811252 -0.18737634 -0.00950628
v -0.01726524 -0.18357408 -0.08374154
v -0.01698789 -0.16358781 -0.02324994
v -0.01712651 -0.16715015 0.08462696
v -0.02409708 -0.17436171 -0.09147941
v -0.02136629 -0.18054308 0.05681627
v -0.01788878 -0.18173461 -0.00929330
v -0.01588186 -0.17860727 -0.08148974
v -0.01988573 -0.17855383 0.00660811
v -0.01782633 -0.17999789 0.06413829
v -0.01447938 -0.15612076 -0.09048568
v -0.01738913 -0.15750200 0.00755696
v -0.01698431 -0.13837926 -0.07836295
v -0.01337073 -0.13115102 0.08413786
v -0.01690529 -0.14279404 0.01506397
v -0.01556968 -0.15808687 0.06519696
v -0.01603483 -0.13152540 0.01880931
v -0.01830809 -0.11493133 0.06445560
v -0.01414607 -0.11784033 0.08427750
v -0.01831658 -0.11939798 0.02871096
v -0.02047077 -0.10571222 0.05609056
v -0.01678831 -0.10844239 0.06516664
v -0.01718982 -0.08606472 0.03442065
v -0.01428647 -0.06087158 0.03392107
v -0.02378939 -0.05339859 0.05897246
v -0.01749856 -0.06177123 0.03711578
v -0.02232080 -0.05868149 0.04142864
v -0.01958523 -0.02975717 -0.07896510
v -0.02113413 -0.02905742 0.04480346
v -0.01856627 0.00367943 0.06059387
v -0.00475810 0.01474623 -0.09510379
v -0.01647513 0.02304584 0.07684775
v -0.01916369 0.08906179 0.07883044
v -0.01876279 0.12907764 -0.05783977
v -0.01694400 0.15053666 0.06238293
v -0.01763181 0.18101721 -0.07562091
v -0.02185838 0.19876313 -0.08386715
v -0.02237095 0.18410188 0.06665800
v -0.02129361 0.26470923 -0.08857819
v -0.01926428 0.26889378 0.05326526
v -0.01419602 0.33052093 0.03198835
v -0.01317466 0.34211087 -0.05186305
v -0.01301123 0.35507452 -0.06397472
v -0.01888365 0.36225012 -0.06796278
v -0.01551127 0.37942195 0.05498156
v -0.01904868 0.38737535 -0.07230046
v -0.00909478 0.49276757 -0.04143787
v -0.01581957 0.49905902 0.01630207
v -0.01978807 0.49666256 -0.02682003
v -0.01260436 -0.29827729 -0.07851239
v -0.01295772 -0.27672467 0.06185633
v -0.01436343 -0.28890589 0.08423930
v -0.01691541 -0.26454467 -0.09506196
v -0.01610558 -0.22159967 -0.09089127
v -0.01591562 -0.23645394 -0.08357681
v -0.01978488 -0.22086309 0.06446081
v -0.01647282 -0.21341443 -0.08346092
v -0.00783443 -0.22363402 0.05592318
v -0.01652130 -0.20586343 0.06391819
v -0.01534605 -0.17747165 -0.07709542
v -0.01597876 -0.15551102 0.08446967
v -0.01693124 -0.15227289 -0.07892930
v -0.01899913 -0.14593410 -0.09140098
v -0.01863907 -0.14690030 0.05639808
v -0.01822758 -0.14228113 0.07868537
v -0.01482290 -0.15253972 -0.02136867
v -0.02117588 -0.15915047 -0.03607655
v -0.01405573 -0.13624464 0.01082109
v -0.01488791 -0.14240922 -0.07003864
v -0.01011421 -0.11261395 0.06626606
v -0.01461896 -0.11634350 -0.06895629
v -0.01739865 -0.13303956 0.05675162
v -0.01684818 -0.10705793 -0.07670394
v -0.01456765 -0.11292548 0.05821928
v -0.01495187 -0.09286430 -0.06866311
v -0.01832726 -0.08612797 0.07701954
v -0.01586617 -0.10703814 0.02858900
v -0.01691178 -0.09480436 -0.07553495
v -0.01452822 -0.09917348 0.06731638
v -0.01812643 -0.08452447 0.03585246
v -0.01248819 -0.07076380 0.06914528
v -0.01696673 -0.08115957 -0.07577270
v -0.01414695 -0.07351415 0.03209087
v -0.01527312 -0.05754232 -0.07016650
v -0.01746431 -0.05881391 0.07043628
v -0.01700544 -0.03494048 -0.07663292
v -0.01207993 -0.05398711 0.07996484
v -0.01885593 0.03131631 -0.09269200
v -0.01330012 0.07045520 -0.07704831
v -0.01484152 0.11191674 -0.06405974
v -0.01518429 0.11762071 -0.05690612
v -0.01514455 0.13767503 0.06259640
v -0.01915652 0.15512373 -0.06711295
v -0.01737435 0.17062335 0.06626592
v -0.00843312 0.18778047 0.06488008
v 0.00038837 0.20933327 0.06071351
v -0.01506945 0.23870575 0.06116673
v -0.02121741 0.27688304 0.05165350
v -0.00518585 0.26732692 0.04451895
v -0.02525829 0.29492271 0.03498012
v -0.01221313 0.32919356 0.03221864
v -0.01031400 0.36556682 0.05804888
v -0.00822345 0.36511889 -0.06980206
v -0.01751893 0.37463841 -0.06567781
v -0.02488417 0.41877106 -0.07755002
v -0.00837363 0.40753308 0.05360950
v -0.01915991 0.42888251 -0.08216131
v -0.01192804 0.45420778 0.06438299
v 0.00325678 0.49306312 -0.03706171
v -0.01775511 0.49252027 0.03142323
v -0.00576351 -0.30150756 0.06231074
v -0.01168133 -0.25280857 -0.07333627
v -0.01395529 -0.24624555 0.08453225
v -0.01409022 -0.24989277 -0.07829959
v -0.01187307 -0.24739099 0.06278820
v -0.01672283 -0.23852517 -0.09311293
v -0.01112807 -0.22232132 0.08348297
v -0.01643838 -0.24538220 0.07942103
v -0.01405921 -0.21897510 -0.07548217
v -0.01354911 -0.19975379 -0.07267822
v -0.01460855 -0.20016041 -0.07540147
v -0.01582369 -0.18865515 -0.08974835
v -0.01564727 -0.19493467 0.08482809
v -0.01575109 -0.20000298 -0.08263055
v -0.01332346 -0.19385698 0.06321540
v -0.01351356 -0.17960601 -0.07118729
v -0.00997666 -0.15378852 0.07603682
v -0.00326677 -0.14216033 -0.09439395
v -0.01393497 -0.13920695 -0.08988468
v -0.01429497 -0.15301818 0.07827027
v -0.01264802 -0.13886248 -0.00654377
v -0.01209079 -0.10940173 -0.06707888
v -0.01192920 -0.12888898 -0.02354348
v -0.01498308 -0.14451952 -0.02598818
v -0.01651318 -0.13188995 -0.03228647
v -0.01923729 -0.10841981 -0.04457349
v -0.01340203 -0.10920710 0.02346101
v -0.00903802 -0.12776557 0.05832146
v -0.01724960 -0.10046097 0.05721771
v -0.01563236 -0.09380136 -0.04684797
v -0.01455784 -0.08078386 -0.08599657
v -0.01919230 -0.07974267 0.05789252
v -0.01352650 -0.06569867 0.07321297
v -0.01210854 -0.05421938 -0.06653379
v -0.01049710 -0.04745992 0.03072022
v -0.01519724 -0.04629429 -0.05938873
v -0.01740673 -0.03664917 0.06117507
v -0.01769784 0.03277910 0.07531890
v -0.01261072 0.04900469 0.07159945
v -0.02598497 0.08089764 -0.07242847
v -0.02240034 0.13683243 -0.06008552
v -0.01481925 0.20488255 -0.08359350
v -0.00993668 0.29160777 -0.07749615
v -0.00963223 0.35138878 0.05425826
v -0.01591004 0.35113260 0.05154702
v -0.01932662 0.38371009 -0.05402858
v -0.00033431 0.41956058 -0.07904875
v -0.01328779 0.46762764 -0.07172716
v -0.00819697 0.48904702 0.04266338
v -0.01220601 0.49711105 -0.02922407
v -0.01489617 -0.30189297 0.05633180
v -0.01032464 -0.29287547 -0.10455723
v -0.00062743 -0.29750392 0.06035217
v -0.01280896 -0.29083702 -0.09321360
v -0.00892946 -0.27648780 0.06310930
v -0.00882815 -0.25446278 0.06444051
v -0.01200128 -0.28856105 -0.10340604
v -0.00954205 -0.21605681 -0.07061113
v -0.01155955 -0.22763385 0.06289484
v -0.01048264 -0.22559869 -0.09719307
v -0.00807683 -0.21490991 0.06322616
v -0.01515912 -0.20266904 0.07883772
v -0.01214274 -0.20314556 0.08395559
v -0.00686540 -0.18227033 0.08125029
v -0.01053511 -0.16098435 -0.06947295
v -0.00907242 -0.15301247 0.06297966
v -0.01081178 -0.14583832 0.06386599
v -0.01080584 -0.14356197 0.06400008
v -0.01121061 -0.12822773 0.00438012
v -0.00952235 -0.12287802 -0.01638296
v -0.01040292 -0.11877153 0.01002452
v -0.01134152 -0.11615912 -0.02954864
v -0.00602881 -0.10564162 0.07004249
v -0.01005079 -0.09879023 0.08177654
v -0.01400936 -0.09645155 0.08355716
v -0.01044365 -0.09757687 -0.06717171
v -0.00868691 -0.09115186 0.01921135
v -0.01015741 -0.08812010 -0.04153607
v -0.00841019 -0.08003775 0.02154686
v -0.01404827 -0.07891059 -0.04932091
v -0.01005850 -0.04303242 0.03098768
v -0.01264508 -0.00640453 0.05133606
v -0.01038014 0.00180221 0.07719734
v -0.01443645 0.01073809 0.06086114
v -0.01144198 0.03120823 -0.09236943
v -0.01616561 0.04486612 -0.08886411
v 0.00175269 0.06379753 0.07669773
v -0.01706638 0.07492223 0.08007856
v -0.01235911 0.08854002 -0.06963719
v -0.01005986 0.13807482 -0.05823507
v -0.01601356 0.21688125 -0.08737362
v -0.00864327 0.26544845 0.05457701
v -0.01082658 0.27036235 0.04994962
v -0.01881262 0.28773430 -0.08353319
v -0.00639838 0.30146137 -0.07379606
v 0.00176067 0.33029261 0.05558068
v -0.00981997 0.37236044 -0.06876670
v -0.00299335 0.38485494 0.07001811
v -0.02245024 0.39008310 -0.06865543
v -0.00689942 0.38926053 -0.07519335
v -0.01626911 0.39582184 -0.07718092
v -0.00373221 0.40768868 -0.07469044
v -0.00745738 0.49436882 0.03072712
v -0.00836455 -0.30279514 0.08003458
v -0.01206459 -0.27816465 0.07630727
v -0.01007604 -0.29268518 -0.07245137
v -0.01297135 -0.30269212 0.08370455
v -0.00313054 -0.28463024 -0.09809767
v -0.01111511 -0.26596016 0.07643282
v -0.00899404 -0.26084086 0.07476208
v -0.00031211 -0.24486338 -0.10162851
v -0.00803619 -0.23947732 -0.07220450
v -0.00596799 -0.24177486 -0.08015868
v -0.00631119 -0.22458948 0.08078576
v -0.00983742 -0.21018165 0.07612085
v -0.01013635 -0.18988888 -0.07075555
v -0.00576892 -0.21375084 -0.07518777
v -0.00956630 -0.18392125 0.05665578
v -0.00800906 -0.18929580 0.06364641
v -0.00796072 -0.20399347 0.08191130
v -0.01102857 -0.18473479 0.08341455
v -0.00634585 -0.17382444 0.08088796
v -0.00735208 -0.15869184 0.06342621
v -0.01051931 -0.16460143 -0.08489659
v -0.00693178 -0.12916777 -0.09312160
v -0.00816457 -0.14228633 0.07420067
v -0.00573520 -0.14142513 0.08019446
v -0.00646025 -0.14321728 0.05657279
v -0.00940155 -0.13588431 -0.06923484
v -0.00879358 -0.10977098 -0.08309723
v -0.00902140 -0.11752427 0.00442377
v -0.00989868 -0.09623933 -0.07942241
v -0.00870819 -0.09847788 0.01605822
v -0.00844699 -0.10213356 -0.07068118
v -0.01019672 -0.09064615 0.07100631
v -0.01094481 -0.09820791 0.07455415
v -0.00838744 -0.07709637 -0.07069211
v -0.01031390 -0.06412623 -0.07837638
v -0.00203221 -0.07135122 0.07047725
v -0.00702723 -0.06312715 0.07727480
v -0.00767364 -0.04964233 -0.07019266
v -0.00518812 -0.05425856 -0.04375783
v -0.00760141 -0.03786097 0.03139921
v -0.00529626 -0.00871769 -0.08123367
v -0.01016966 -0.01314641 0.07793219
v -0.00186719 0.00495921 -0.09360457
v -0.01033233 0.01850438 0.07611230
v -0.01083648 0.05958843 -0.08288770
v -0.01114011 0.07375514 -0.07506450
v 0.00486432 0.07280315 0.08155563
v -0.01465401 0.10933268 0.06037531
v -0.00139837 0.11410291 0.06085454
v -0.01392375 0.16937502 -0.06938393
v -0.01035434 0.19510409 -0.07823583
v -0.01739144 0.23094985 -0.09028885
v -0.01105303 0.23145638 -0.08599789
v -0.01353115 0.26632112 0.05537644
v -0.02000289 0.30856171 -0.07577057
v -0.00890674 0.32758018 -0.06324238
v -0.01642885 0.33117804 0.04404152
v 0.00010203 0.37043381 -0.06933247
v -0.00637348 0.38541913 -0.06343679
v -0.00273135 0.41596353 0.06199799
v -0.01204039 0.46369338 -0.07507396
v -0.00970337 0.48622134 0.04522221
v -0.00687482 -0.30121461 0.06472987
v -0.01670329 -0.29828236 0.07890332
v -0.00552085 -0.29486790 0.05841085
v -0.00776311 -0.29331744 0.05728060
v -0.00305280 -0.29107648 -0.07737435
v -0.00720232 -0.29065508 0.06762982
v -0.01082257 -0.25513685 0.05627747
v -0.00627758 -0.25881955 0.06841974
v -0.01108062 -0.23687585 -0.08867962
v -0.00614234 -0.21688741 0.07050097
v -0.00546084 -0.23603748 -0.07495146
v -0.01061301 -0.21827267 -0.08855885
v -0.00686159 -0.19944765 0.07136313
v -0.00985602 -0.19126233 -0.08620451
v -0.00960599 -0.16608107 0.07577407
v -0.00624160 -0.19810405 -0.09012477
v -0.00932806 -0.21038909 -0.09654650
v -0.00575199 -0.17614613 0.06643607
v -0.00559894 -0.18617088 0.06771658
v -0.00701005 -0.17740411 -0.07592876
v -0.00956510 -0.16019173 0.05671576
v -0.00456433 -0.16892618 0.07918450
v -0.00777071 -0.15156463 -0.07259589
v -0.00558262 -0.16302855 0.06712398
v -0.00630023 -0.13742714 0.07026845
v -0.00821686 -0.13828270 -0.07240698
v -0.01026025 -0.13618177 -0.08284000
v -0.00606728 -0.12750964 0.06828006
v -0.01168850 -0.11476714 0.07718293
v -0.00186086 -0.09258150 -0.08337487
v -0.00969030 -0.09667219 0.06329839
v -0.00594203 -0.09368670 -0.02965061
v -0.01160802 -0.09749956 -0.04026311
v -0.00658765 -0.08416366 0.01536216
v -0.00267643 -0.08808990 0.07406958
v -0.00480496 -0.07441284 -0.08256570
v -0.00801214 -0.06936128 -0.04451340
v -0.00523665 -0.05973696 0.01924786
v -0.00961380 -0.06928005 0.06161567
v -0.00601038 -0.05927437 -0.08185553
v -0.00875090 -0.06309307 0.02574819
v -0.00458231 -0.04943354 0.02031116
v -0.00435065 -0.04727916 -0.08210989
v -0.00779112 -0.03597642 -0.06049075
v -0.00785419 -0.04115462 -0.06897335
v -0.00791836 -0.03773744 0.07718319
v -0.01003163 -0.02032020 -0.08859223
v -0.00909343 -0.03025889 -0.07634692
v -0.00538840 -0.02219528 -0.08235778
v -0.00688839 0.00736507 0.06457560
v -0.00619321 0.00944704 0.07353486
v -0.00511454 0.03221738 0.07247154
v 0.00105130 0.08911911 0.08263033
v 0.00073713 0.14203633 0.05759075
v -0.01435632 0.21596241 -0.08690646
v -0.00110844 0.22792625 0.05550010
v -0.00526349 0.23121113 0.05641973
v -0.00227004 0.24011649 0.05490785
v -0.01429927 0.30936670 0.02871001
v -0.00639196 0.30965206 0.02809911
v -0.00451187 0.32182693 0.03024870
v -0.00532045 0.34601307 -0.06755946
v -0.00520072 0.37132892 0.06138063
v -0.01220209 0.38137332 -0.07768574
v -0.00484633 0.37834749 -0.06445907
v -0.00437623 0.39483762 -0.06435977
v -0.00702928 0.38964021 0.06803702
v -0.01356429 0.46787825 0.05886698
v -0.00410252 0.49074709 0.03939189
v -0.00410024 -0.28178984 0.07688106
v -0.00760532 -0.25060737 -0.07239947
v -0.00735772 -0.26479876 -0.09660728
v -0.00356039 -0.26863456 -0.07695133
v -0.00405716 -0.26981542 0.07818707
v -0.00552312 -0.25525099 0.05957143
v -0.00544368 -0.21607007 0.06733255
v -0.00272335 -0.24653769 0.07603498
v -0.00529168 -0.23458815 -0.07695752
v -0.00553809 -0.21380633 0.06688605
v -0.00560141 -0.20340398 0.06688504
v -0.00617487 -0.20472150 0.05728291
v -0.00523402 -0.21006352 -0.09136388
v -0.00391282 -0.19988976 0.07773121
v -0.00875697 -0.17239840 -0.09394520
v -0.00415196 -0.14434364 -0.08853614
v -0.00632576 -0.15159865 0.06543634
v 0.00219110 -0.14336923 0.06383932
v -0.00558318 -0.11709010 0.06900577
v -0.00575555 -0.12167052 0.08023848
v -0.00264653 -0.10775868 0.06079838
v -0.00230189 -0.11353400 0.07698457
v -0.00401548 -0.10521531 0.07769066
v -0.00515310 -0.09999803 -0.01423893
v -0.00632211 -0.09587093 0.00788349
v -0.00061577 -0.06293513 0.00510509
v -0.00496875 -0.05771366 0.07514292
v 0.00070112 -0.05839132 -0.03240159
v 0.00048820 -0.04566408 -0.03740417
v -0.00378260 -0.03213761 0.07103036
v 0.01602731 -0.02896376 0.04137716
v -0.00569219 -0.00857072 0.07276335
v -0.00589650 0.00391728 0.05327929
v -0.00178782 0.09494872 0.08103350
v 0.00958961 0.10244801 0.07549849
v -0.00364138 0.14984234 0.05951179
v -0.00461999 0.15816285 0.06134687
v -0.00861012 0.16536292 0.06400644
v 0.00038257 0.17954966 0.06254853
v -0.01005665 0.23846418 -0.08513699
v -0.00005911 0.25106871 0.05184478
v 0.00012915 0.25606808 -0.07725915
v 0.00005880 0.26400188 0.04548012
v -0.00009741 0.30666134 -0.06998277
v -0.00287306 0.30812886 0.02616116
v 0.00271469 0.35197112 -0.06070268
v 0.00444130 0.35869864 0.05866659
v -0.00752304 0.38567823 -0.06007848
v -0.00135228 0.40815037 0.05905135
v -0.01444592 0.42514437 0.06473291
v -0.01029907 0.47428289 0.05561534
v -0.00574000 0.48170605 -0.05809920
v 0.00353904 0.49225366 0.03090702
v 0.00185414 0.49902660 -0.01139788
v -0.00306517 -0.26872683 0.06189167
v -0.00008023 -0.24720207 -0.09545781
v -0.00540426 -0.25960878 0.07973626
v -0.00353342 -0.24215657 0.07748884
v 0.00044104 -0.22497211 0.06220037
v -0.00429803 -0.21481018 0.07875317
v -0.00502658 -0.18031158 -0.08964170
v -0.00199331 -0.18468145 0.07355356
v 0.00034581 -0.17355233 0.06144007
v -0.00150836 -0.15302902 0.07021273
v -0.00028819 -0.14320318 -0.09415974
v -0.00005670 -0.15450998 0.06093427
v -0.00091327 -0.13000840 0.07391890
v 0.00131589 -0.10364026 0.07243655
v -0.00079252 -0.07647412 -0.01358088
v -0.00015477 -0.09067300 0.07285353
v -0.00318135 -0.06621040 -0.03767731
v -0.00072271 -0.07731462 0.07042454
v -0.00209166 -0.07799036 -0.00632541
v -0.00171819 -0.04591329 0.07026082
v -0.01106969 -0.06334547 -0.08825924
v -0.01362917 -0.04235022 -0.08679857
v -0.00211414 -0.04413760 0.06091910
v 0.00171541 -0.02008100 -0.08127789
v 0.00056605 0.01643710 0.07225921
v -0.00779264 0.05269388 0.07261083
v -0.00134416 0.10434104 0.06789756
v 0.00047416 0.10768133 0.06067582
v 0.00003105 0.17383736 -0.05969043
v -0.00150403 0.17026407 -0.05977738
v 0.00020821 0.21800433 -0.07347382
v 0.00045800 0.23703404 -0.07672995
v -0.00061175 0.27349249 -0.07474155
v -0.00517035 0.34405226 0.05796947
v -0.00858236 0.35282102 -0.07090697
v 0.00592579 0.39315820 -0.06981701
v -0.00480045 0.42624542 0.06378171
v 0.00082564 0.43908262 0.06917290
v 0.00554272 0.45096484 0.06641605
v 0.00392250 0.48593333 0.04382399
v 0.00016839 -0.29787958 0.06958010
v 0.00154071 -0.26696604 -0.09635150
v 0.00145097 -0.25954935 0.06951416
v -0.00115008 -0.25204754 0.06211536
v 0.00379517 -0.24666831 -0.09444445
v 0.00104002 -0.24217197 0.07074042
v 0.00025534 -0.21392858 0.07081714
v 0.00122969 -0.17236474 0.07014110
v -0.00059622 -0.16088223 0.07035092
v 0.00110860 -0.12808982 -0.08705948
v 0.00043877 -0.10548836 -0.08984774
v 0.00100159 -0.08654830 -0.08871244
v -0.00019126 -0.04723692 0.01198138
v 0.00866044 -0.02165108 0.04565793
v 0.00387287 -0.01467686 -0.08772197
v 0.00457857 0.02219196 0.06186460
v -0.00371648 0.04291388 -0.08984795
v 0.00569592 0.07075608 -0.07728958
v -0.00201706 0.11778007 -0.05294326
v -0.00009642 0.15507117 0.05939423
v 0.00138393 0.16760807 -0.05866255
v -0.00010692 0.19992526 -0.07183866
v 0.00246007 0.19796476 0.06225818
v 0.00162056 0.21809110 0.05845610
v 0.00130334 0.23122509 0.05402486
v -0.00093468 0.25152868 -0.07832991
v 0.00045044 0.28763366 0.03476059
v -0.00529010 0.34290010 -0.05147430
v 0.00358486 0.37664673 -0.06390322
v 0.00577448 0.38866594 0.07003189
v -0.00184963 0.46282104 -0.07601834
v 0.00154121 0.49853072 -0.01628426
v 0.00214758 0.49847493 0.00316167
v 0.00927352 -0.30051625 0.06536444
v 0.00061081 -0.29578751 0.06832507
v -0.00274948 -0.29301381 -0.09889904
v 0.00287051 -0.23833930 0.07086466
v 0.00145034 -0.20424849 -0.09111149
v 0.00352424 -0.21886437 0.07120907
v 0.00454795 -0.19817264 -0.09611401
v 0.00345720 -0.20769292 0.07087450
v 0.00085672 -0.20571791 0.06315329
v 0.00555634 -0.20708764 -0.08907861
v 0.00145046 -0.19018137 0.07031313
v -0.00013165 -0.17876762 -0.08958341
v 0.00344036 -0.16739693 0.07246507
v 0.00022180 -0.13665804 0.07260040
v 0.00373844 -0.12225845 0.06479684
v 0.00081078 -0.11085450 0.07388882
v 0.00324973 -0.09360766 0.07324750
v 0.00561992 -0.07441338 -0.08711939
v 0.00058593 -0.07739267 -0.08837774
v 0.00337950 -0.07831996 -0.01393147
v 0.00172161 -0.06532227 0.06021703
v 0.00011787 -0.06966528 -0.02108883
v 0.00494966 -0.06396407 0.07175150
v 0.00210605 -0.02133836 0.07110392
v 0.00064455 -0.02346604 -0.06876133
v 0.00362296 0.00188701 0.07235008
v 0.00479522 -0.01161723 -0.08850405
v -0.00028531 0.02237123 0.06317741
v 0.01149714 0.01971547 0.05612996
v 0.00538806 0.05094704 0.07086302
v -0.00004640 0.11464125 -0.05537826
v 0.00057664 0.13998145 -0.05341709
v 0.00296198 0.20491838 -0.07391088
v 0.00686667 0.26174548 0.05713999
v 0.00551438 0.26735923 0.04484952
v 0.00162339 0.27439660 0.03948255
v 0.00257635 0.29855987 0.02844345
v 0.00287047 0.33704412 0.05780588
v -0.01232730 0.34693554 -0.05037184
v 0.00152405 0.34675846 -0.05808382
v -0.00062292 0.39570698 0.06829013
v -0.00638682 0.39908805 -0.07613959
v 0.00283746 0.42933056 0.06371371
v -0.00164513 0.46012631 0.06182367
v 0.00032062 0.48083088 -0.05761902
v 0.00334581 0.49663454 0.01592488
v 0.00631782 -0.29590264 0.06223254
v 0.00508836 -0.24125108 0.07280970
v 0.00355786 -0.18117340 -0.08799207
v 0.00644758 -0.16416483 0.07910240
v 0.00227733 -0.15858239 0.06091309
v 0.00435269 -0.14937428 0.07793935
v 0.00434283 -0.15479515 -0.08533172
v 0.00817597 -0.11760774 -0.07767858
v 0.00143215 -0.11759666 0.07496291
v 0.00080422 -0.10052570 -0.08951480
v 0.00671502 -0.11766841 -0.07929120
v 0.00477623 -0.12064017 0.08263939
v 0.00525243 -0.10666298 0.07869014
v 0.00304517 -0.09951591 0.06424182
v 0.00309796 -0.08535959 -0.07944761
v 0.00073219 -0.07295939 -0.00522928
v 0.00695714 -0.08714318 0.08869486
v 0.00559815 -0.07475629 0.01101717
v 0.00305710 -0.07384853 0.08182453
v 0.00063534 -0.07183442 -0.08081399
v 0.00284378 -0.06717229 -0.02750670
v 0.00259407 -0.06277405 0.00626023
v 0.00823811 -0.05389756 0.08798619
v 0.00292224 -0.08364294 0.08256961
v 0.00138749 -0.04466110 -0.03879322
v 0.00356484 -0.04460999 0.01672037
v -0.00123201 -0.03992099 0.06108899
v 0.00075631 -0.03409790 -0.05634100
v 0.00832859 -0.04267722 0.02670476
v 0.00432499 -0.03670141 0.08022904
v 0.01453278 -0.03505951 0.03642966
v 0.00470040 -0.02017964 -0.07596294
v 0.00881474 -0.01315270 0.06023734
v 0.01004807 -0.00424740 0.04949411
v 0.00752908 -0.01058191 -0.08919665
v 0.00512938 0.01314801 0.07325227
v -0.00791936 0.01770039 0.05796474
v 0.00880649 0.03051311 0.07496698
v 0.00522357 0.03808001 0.07189174
v 0.01327706 0.06356980 0.07707668
v -0.00152831 0.09868120 -0.06873540
v 0.01182378 0.14643283 -0.06088609
v 0.00975749 0.15417241 0.06142373
v 0.00149660 0.19607916 -0.07112152
v 0.00468971 0.24588238 0.05535631
v 0.00981269 0.25471497 0.05497535
v 0.00201604 0.25660825 -0.07756884
v 0.00272618 0.29367694 -0.07284536
v 0.01315760 0.30992129 0.02844686
v 0.00214756 0.33090341 -0.05969440
v -0.00077440 0.32819247 0.04748866
v 0.00514614 0.33704412 0.05740197
v 0.00251773 0.40869004 0.05803119
v 0.00943151 0.42927182 0.06323194
v 0.01369601 0.47182298 0.05246850
v 0.00770081 0.49012211 -0.03933698
v 0.01050483 0.49339148 -0.02787129
v 0.00890195 0.49146724 0.02528282
v 0.00587234 -0.29003695 -0.10085461
v 0.00743158 -0.27515268 -0.09268548
v 0.00426017 -0.26975903 0.07123990
v 0.00792849 -0.25192118 0.07943692
v 0.00781292 -0.22167541 0.08014824
v 0.00672923 -0.21714737 0.07803905
v 0.00739449 -0.20130399 0.07901073
v 0.00843325 -0.18628168 0.08063727
v 0.00406049 -0.18176219 -0.09497829
v 0.01019864 -0.16877048 -0.08017439
v 0.00348756 -0.16698882 -0.08733708
v 0.01260325 -0.12437820 0.08446191
v 0.00701672 -0.12381221 0.09345897
v 0.00641663 -0.09525517 0.06308005
v 0.00601543 -0.10499138 0.08716056
v 0.00774307 -0.10155293 -0.01751805
v 0.00469600 -0.08586639 -0.01795959
v 0.01179084 -0.10991621 0.09657339
v 0.00634753 -0.09411148 -0.00754708
v 0.00553251 -0.09078249 0.07776166
v 0.00626859 -0.08713933 -0.02800593
v 0.00314223 -0.07645896 -0.00495281
v 0.00502412 -0.07501340 -0.03324694
v 0.00781615 -0.07552809 0.01821881
v 0.00613826 -0.06645081 -0.04027189
v 0.00570969 -0.06536698 0.01554179
v 0.00483390 -0.08261843 0.07641602
v 0.00736288 -0.04550805 0.07338046
v 0.00590536 -0.01880930 0.07398610
v 0.00577367 -0.03560812 0.08408067
v 0.00705989 -0.02406741 -0.07521078
v 0.00590381 -0.01527936 0.08258824
v 0.00810673 0.01771862 0.07793034
v 0.00760082 0.04327424 -0.09043707
v 0.01579136 0.10555465 0.06220539
v 0.01093846 0.18339257 0.06529129
v 0.01273088 0.21355414 0.06258726
v 0.00680167 0.31033430 -0.07116397
v 0.00016498 0.31725064 -0.06609029
v 0.00742181 0.33704412 0.05673488
v 0.00742209 0.33931923 0.05729064
v 0.00316582 0.34461281 0.05835361
v 0.01863767 0.42530921 0.06251699
v -0.01272430 0.44289541 -0.08404715
v 0.00918703 0.44744605 -0.07712732
v 0.00513258 0.47276565 0.05421564
v 0.00619281 -0.29381675 -0.09340630
v 0.01215884 -0.29104248 -0.08527797
v 0.00786969 -0.29667577 0.08039983
v 0.00893685 -0.27204183 -0.09143636
v 0.01011474 -0.26947042 0.08266706
v 0.00640266 -0.25892395 -0.09386304
v 0.01776156 -0.26715720 -0.09365503
v 0.00941916 -0.24856225 -0.09851133
v 0.00492918 -0.24039498 0.06339226
v 0.00748469 -0.24556570 -0.09203286
v 0.00175345 -0.22210960 -0.09918051
v 0.01451000 -0.23297881 0.08581445
v 0.00843448 -0.21151544 -0.09534502
v 0.01169956 -0.20705512 0.08385041
v 0.00941993 -0.19512334 0.07097301
v 0.01021685 -0.18190342 0.06543759
v 0.01027313 -0.18356614 -0.08176100
v 0.00763472 -0.17128950 0.06696776
v 0.01130965 -0.18559188 0.08327572
v 0.00651865 -0.15356375 -0.09171285
v 0.01012748 -0.15584894 -0.07943875
v 0.00683709 -0.13544391 0.07051417
v 0.00304397 -0.12454356 -0.09265873
v 0.00592130 -0.13094629 0.07206533
v 0.00884883 -0.10795674 -0.00820567
v 0.01009727 -0.11342024 0.00146960
v 0.00586615 -0.09079119 -0.00387924
v 0.00944508 -0.09667459 0.01338264
v 0.00792818 -0.09129106 0.01117898
v 0.00943987 -0.08765057 -0.07336802
v 0.01236557 -0.07107267 0.06653489
v 0.01123802 -0.09220702 -0.07253145
v 0.00543391 -0.05749717 0.05966587
v 0.01005246 -0.03813837 -0.08404804
v 0.00670882 -0.06295128 -0.07541472
v 0.01030055 -0.05356688 -0.07296890
v 0.00962673 -0.04142018 -0.05728666
v 0.00903223 -0.03946576 0.02982513
v 0.01459100 -0.05298948 0.09301402
v 0.00764991 -0.02507334 -0.07205331
v 0.01117350 0.00045389 0.08552369
v 0.00969749 0.06956080 0.08003733
v 0.00495281 0.19714272 -0.07463810
v 0.01457841 0.33770820 0.05395566
v 0.00772485 0.34159544 0.05728060
v 0.00858260 0.38685364 -0.07581022
v 0.00920099 0.40520245 0.05254374
v 0.01256047 0.41228676 0.05698005
v 0.01072221 0.43129450 -0.07990013
v 0.00996548 0.46075135 0.06206594
v 0.01098434 0.48733005 0.03354988
v 0.00974800 0.49550188 -0.01841656
v 0.01451568 -0.27672386 -0.09512231
v 0.01539373 -0.24429278 0.08575731
v 0.00966069 -0.22714752 0.06797659
v 0.00568148 -0.20168243 0.06098455
v 0.00526341 -0.22280800 -0.09130792
v 0.01256841 -0.22172187 -0.08526147
v 0.00824049 -0.16526417 0.05878938
v 0.01750240 -0.16075951 0.06293417
v 0.01315157 -0.14372750 0.08355229
v 0.00828815 -0.14581496 0.06045126
v 0.01143223 -0.13866125 -0.08730126
v 0.01299580 -0.14885877 0.06420311
v 0.02077129 -0.12088972 0.08165470
v 0.01138880 -0.11680239 0.05933973
v 0.00969137 -0.11224277 -0.01312620
v 0.00978361 -0.10784586 -0.02454549
v 0.00801893 -0.10143796 -0.07519368
v 0.01507489 -0.10825364 0.09859576
v 0.00912939 -0.09588616 -0.03199855
v 0.01143387 -0.10771782 0.07404891
v 0.01117150 -0.07942014 0.02411767
v 0.01300512 -0.07760324 0.09401748
v 0.01174907 -0.06773981 -0.04734792
v 0.01115135 -0.06797055 0.02624265
v 0.01216581 -0.06436446 0.09238985
v 0.01143340 -0.06021576 0.07313203
v 0.00951687 -0.04966658 -0.04921324
v 0.01162306 -0.05430993 0.05696340
v 0.01280678 -0.05944198 0.03003164
v 0.01124252 -0.04782002 -0.05307754
v 0.01315996 -0.03005910 -0.07388951
v 0.01210529 -0.03944760 -0.06154819
v 0.01225719 -0.03398225 0.03612766
v 0.01230105 -0.02335588 0.08887761
v 0.01253756 -0.02253163 0.04462530
v 0.01650079 0.00308699 0.08880299
v 0.00643421 -0.00453028 0.04966146
v 0.00367113 0.08285740 -0.07321572
v 0.00866723 0.09441385 0.08168308
v 0.01688746 0.10717890 0.06067974
v 0.01870448 0.13536371 0.06283839
v 0.01188439 0.20522921 -0.08159998
v 0.01835624 0.20167445 0.06551820
v 0.01477107 0.22366679 0.05963789
v 0.01187206 0.26691198 0.05469147
v 0.01351808 0.28918785 0.03851452
v 0.01037419 0.30180863 0.03097094
v 0.00398171 0.37636036 0.06126489
v 0.00577969 0.37816951 -0.06388166
v 0.02016360 0.37807027 0.05126950
v 0.01345613 0.37903950 0.05595563
v 0.01796501 0.40057033 -0.06564483
v 0.00971822 0.43800181 0.06655839
v 0.01458645 0.47636995 0.04724493
v 0.01680258 0.48366091 0.03379981
v 0.01444440 0.49362090 -0.00543455
v 0.01602893 -0.29448980 0.08534911
v 0.01607501 -0.29310730 0.06573739
v 0.00901069 -0.29102781 0.06870195
v 0.01672798 -0.27807945 0.08677413
v 0.00497429 -0.27269170 -0.10269501
v 0.01594453 -0.29217041 0.05900810
v 0.01836316 -0.26627219 -0.08242293
v 0.01002789 -0.22551757 0.07269014
v 0.01403557 -0.24445137 0.06476716
v 0.01110223 -0.24388427 0.08339710
v 0.01806138 -0.22777008 -0.09055349
v 0.01222535 -0.21419641 0.07696618
v 0.01127203 -0.20309027 0.06538177
v 0.01622340 -0.17902754 0.07919046
v 0.01382332 -0.18854608 -0.07977404
v 0.01309628 -0.18368599 0.07723885
v 0.01097776 -0.18492761 -0.09006706
v 0.01533795 -0.17446049 -0.07850687
v 0.01513014 -0.16096175 0.08526647
v 0.01371745 -0.14699312 -0.07730834
v 0.01414964 -0.13607199 -0.00802102
v 0.01495954 -0.12835245 -0.02508000
v 0.01359145 -0.13067770 -0.01540594
v 0.02316116 -0.12888741 0.09316463
v 0.01192515 -0.11717337 0.01090087
v 0.00907577 -0.10159151 -0.08416976
v 0.01189291 -0.09427585 0.02092168
v 0.01161752 -0.10037959 -0.08354504
v 0.00905218 -0.09675293 -0.07352877
v 0.01484083 -0.09432761 -0.04258401
v 0.01494490 -0.07778716 0.09566210
v 0.01439528 -0.07258151 -0.07231691
v 0.01789094 -0.05279843 0.03677318
v 0.02225107 -0.00773679 -0.09191528
v 0.02216259 -0.02127490 0.04584793
v 0.01453875 -0.01054057 0.06238353
v 0.01062962 0.02034542 0.06112862
v 0.01874961 0.04247124 0.08163445
v 0.01143353 0.07001141 0.08087512
v 0.01982696 0.07907648 0.08583557
v 0.03027055 0.07606065 -0.07044171
v 0.00802201 0.11008417 -0.06564053
v 0.01417603 0.13031444 0.06212014
v 0.01978153 0.15212943 0.06249079
v 0.01385010 0.17621212 -0.07095598
v 0.02067622 0.17771116 -0.07497054
v 0.00298815 0.34123895 -0.05246082
v 0.02016048 0.34927675 0.04765055
v 0.01223038 0.35048661 0.05285547
v 0.01061127 0.37440598 -0.06880704
v 0.00939413 0.44283092 0.06694429
v 0.01937064 0.47794932 -0.04954668
v 0.01101116 0.49510464 0.00267145
v 0.01335652 -0.29938728 0.08076913
v 0.01597036 -0.27498612 0.07985663
v 0.02842709 -0.28191292 0.06342975
v 0.01900150 -0.24381706 0.08563700
v 0.02539972 -0.21762937 0.06278482
v 0.01860426 -0.22020793 0.06356727
v 0.01579315 -0.19870757 -0.08002510
v 0.01506198 -0.19895449 0.07825525
v 0.01771970 -0.20314999 -0.08768287
v 0.01925976 -0.20004773 0.06335190
v 0.01529435 -0.15666823 0.05752762
v 0.01505115 -0.15628800 -0.08593372
v 0.01580876 -0.14814796 -0.00805018
v 0.01439977 -0.14387453 0.07743984
v 0.01516598 -0.14328861 -0.00728043
v 0.01643855 -0.14033140 -0.02102798
v 0.01166650 -0.11928886 0.00742552
v 0.01323035 -0.11649737 -0.02837883
v 0.01622972 -0.11088701 -0.03700918
v 0.01418082 -0.11486786 0.01794969
v 0.01043243 -0.08543847 0.06566217
v 0.01665974 -0.07857238 -0.04942830
v 0.01980371 -0.07693926 0.06503105
v 0.01724348 -0.07159834 0.03365856
v 0.01699127 -0.07184405 0.07545809
v 0.01617075 -0.06563439 0.03345703
v 0.01341291 -0.06350666 0.05700625
v 0.01921931 -0.03432863 0.05978443
v 0.01826340 -0.03781725 0.06985738
v 0.01363405 -0.02992566 -0.08411176
v 0.01519338 0.01931482 0.08497434
v 0.01887731 0.03603334 0.08345775
v 0.02726426 0.08939817 0.08574779
v 0.01309182 0.09734912 -0.06809406
v 0.01839180 0.09064882 -0.06874084
v 0.01326593 0.11693642 -0.05506456
v 0.01702746 0.15975280 -0.06732477
v 0.01400537 0.16782799 0.06516137
v 0.01249352 0.22828276 -0.08596887
v 0.01775434 0.23496832 -0.08963009
v 0.01458539 0.26490867 -0.08457991
v 0.01353359 0.29691994 -0.07775198
v 0.01139502 0.32927078 0.03293944
v 0.01580211 0.40033075 0.04987310
v 0.01115829 0.40279710 0.05119709
v 0.02368571 0.41729257 -0.06817497
v 0.00949199 0.47253871 -0.06231996
v 0.02151757 0.48782656 -0.02680687
v 0.01583678 -0.29556522 -0.08883997
v 0.01554812 -0.29653418 0.08003771
v 0.01757938 -0.27806872 0.08672568
v 0.01399797 -0.26668641 0.06499183
v 0.01467270 -0.23517655 0.05843472
v 0.01701410 -0.24568538 -0.08357500
v 0.02657532 -0.24512963 0.06338540
v 0.02244416 -0.22891891 -0.08012874
v 0.01572930 -0.23221993 -0.08369461
v 0.02230292 -0.21609683 0.07881611
v 0.01894255 -0.21779834 0.08534587
v 0.01803193 -0.19468838 0.08462133
v 0.02075862 -0.17688371 0.06311341
v 0.01537219 -0.18608348 0.08522317
v 0.01583887 -0.16411807 0.07948679
v 0.01768954 -0.15452473 0.00318975
v 0.01889993 -0.15048195 -0.07671718
v 0.01802437 -0.15348244 -0.02076352
v 0.01669210 -0.15387614 -0.01152161
v 0.01734972 -0.14765520 0.00701529
v 0.01659569 -0.14539866 -0.01781662
v 0.01733108 -0.14189254 0.01119495
v 0.02415983 -0.13553910 0.06729827
v 0.01921288 -0.10840348 -0.07369886
v 0.01767036 -0.10234430 0.08069298
v 0.01731830 -0.09870066 -0.04367016
v 0.01304212 -0.10180752 0.05854828
v 0.02190992 -0.08848489 0.09981122
v 0.01643455 -0.09244198 0.09804139
v 0.01877677 -0.08020318 -0.05091496
v 0.02015610 -0.05756874 -0.05763657
v 0.02044278 -0.04628278 0.06593420
v 0.01824511 -0.05333995 -0.05783802
v 0.01538801 -0.05767532 -0.07265713
v 0.01161521 -0.04200050 0.05799634
v 0.02394139 -0.02150299 0.09399062
v 0.01579901 -0.02314176 0.09092187
v 0.01835438 0.01677422 0.05898886
v 0.01929661 0.01065342 0.05324743
v 0.01927764 0.01768919 0.08706713
v 0.02197105 0.05339451 0.07999808
v 0.01326965 0.05726840 0.07181929
v 0.01677124 0.10261128 0.07467458
v 0.01937160 0.16172151 -0.06871653
v 0.02132831 0.19115730 0.06668518
v 0.02043880 0.23999526 0.06216884
v 0.01940881 0.27855742 0.04344261
v 0.01967519 0.26975051 -0.08667823
v 0.01276316 0.30593598 0.02968511
v 0.01316268 0.34987083 -0.06103648
v 0.01782278 0.37463647 -0.07202807
v 0.02300481 0.38165787 -0.06206667
v 0.01478437 0.43784717 -0.07818334
v 0.03658558 0.45327300 -0.05736377
v 0.01729354 0.46415859 0.05805047
v 0.03164281 0.46413448 -0.04973603
v 0.02070674 0.47612634 0.04137568
v 0.02542435 0.47867444 -0.04213296
v 0.01608960 0.48826423 0.02198843
v 0.01390357 0.48897719 -0.03762004
v 0.01281477 0.49378923 0.00635985
v 0.01658063 -0.24059394 -0.09283316
v 0.01776998 -0.26222256 0.08028676
v 0.01983932 -0.24648409 -0.08182428
v 0.02250311 -0.20222403 0.06309220
v 0.01583073 -0.18985108 -0.08739238
v 0.02737560 -0.18156612 -0.07764758
v 0.01907016 -0.17633520 -0.01314237
v 0.02323611 -0.17416847 0.08495548
v 0.01819476 -0.16970184 -0.01465922
v 0.02074766 -0.17383398 0.00383502
v 0.02587327 -0.17116834 0.07725868
v 0.02136612 -0.14338611 -0.03155471
v 0.01701852 -0.15764067 -0.00410677
v 0.02191073 -0.15531689 0.06383584
v 0.01520906 -0.14373988 0.08407249
v 0.02093975 -0.15235072 0.01421793
v 0.01457549 -0.12490565 -0.08560646
v 0.01850984 -0.12910362 0.02095934
v 0.01971897 -0.12910935 -0.03361366
v 0.01748629 -0.12798771 0.06392072
v 0.01980160 -0.12019949 0.02709519
v 0.02354577 -0.12712172 -0.08733279
v 0.02072224 -0.11543240 -0.08613068
v 0.02184097 -0.10133867 -0.04778460
v 0.01435792 -0.12010012 0.06459405
v 0.01999867 -0.10341706 0.10051205
v 0.01981091 -0.08411799 0.07227548
v 0.01866986 -0.07947558 0.07621203
v 0.02895157 -0.07529107 -0.07595713
v 0.02107585 -0.08167981 0.06610131
v 0.02170368 -0.06449194 0.03896314
v 0.01654890 -0.05769916 -0.08275356
v 0.02227421 -0.06941149 -0.07509127
v 0.02173631 -0.06518459 0.06884734
v 0.02397615 -0.04389912 -0.06854830
v 0.02065790 -0.04004899 0.04030583
v 0.02060037 -0.01326434 0.04802984
v 0.01960413 -0.01340420 0.05950579
v 0.01950097 0.00266030 0.05160550
v 0.02738339 -0.02340075 0.09543781
v 0.02630749 0.02629905 0.08773305
v 0.02189581 0.05857359 0.08056424
v 0.02637527 0.17237128 0.06605663
v 0.02107585 0.27332526 0.05058095
v 0.02357044 0.31783718 0.02265483
v 0.02636210 0.32441297 -0.06894813
v 0.01923147 0.33269185 0.03148292
v 0.02211733 0.34696758 -0.05407095
v 0.01564059 0.35426193 -0.06794461
v 0.02609859 0.38729337 -0.06702184
v 0.02489734 0.39161897 0.04898690
v 0.02063610 0.39402807 -0.05672133
v 0.01751658 0.44831881 -0.07367741
v 0.03142039 0.45708171 -0.05673888
v 0.01776365 0.48915693 0.01387584
v 0.02290827 0.48911530 -0.01250181
v 0.02416117 -0.28442079 -0.07918760
v 0.01249882 -0.26920316 0.05924611
v 0.01773843 -0.21211179 0.05761629
v 0.02761891 -0.19856767 0.07717010
v 0.03009703 -0.19245088 0.08242490
v 0.02109103 -0.19477831 -0.02208947
v 0.01923283 -0.18450560 -0.08810388
v 0.02028752 -0.17493933 0.00205125
v 0.02235522 -0.16120651 0.01323366
v 0.02731700 -0.14296490 -0.07612807
v 0.02431049 -0.14310166 0.02456355
v 0.02447521 -0.11653055 0.06606503
v 0.02302860 -0.12922747 0.08102506
v 0.02558472 -0.09366639 0.06582316
v 0.02036298 -0.10919425 0.08419018
v 0.03049527 -0.09271014 -0.07505529
v 0.02341237 -0.09469745 0.03698041
v 0.01883899 -0.09367672 0.03196298
v 0.02534324 -0.08158367 0.04049325
v 0.02147855 -0.05415555 0.06958879
v 0.02119583 -0.04982038 0.06865897
v 0.02577244 -0.03851551 -0.07903437
v 0.01750787 -0.03533038 -0.07466401
v 0.02512085 -0.00853538 0.05547034
v 0.00284181 0.01733452 -0.09568991
v 0.02159291 0.00952434 0.05732622
v 0.02264411 0.06375684 -0.07892713
v 0.01731982 0.10096755 -0.06832421
v 0.02160745 0.15109220 -0.06528986
v 0.01975248 0.20102058 -0.08314615
v 0.02484787 0.20442338 0.06511156
v 0.02380755 0.29672164 -0.08239628
v 0.02335195 0.36113954 0.04890031
v 0.02928340 0.39529482 -0.06177822
v 0.02294114 0.40471125 -0.05873362
v 0.01388282 0.44521484 0.06607489
v 0.02396538 0.46646482 0.05273651
v 0.02390246 0.47411087 0.04201903
v 0.02081322 -0.29696283 -0.08308398
v 0.02697980 -0.25399673 0.06359950
v 0.02445109 -0.25704113 -0.07965925
v 0.02346170 -0.19150589 -0.00320040
v 0.02696468 -0.18611957 0.01281938
v 0.02636483 -0.18373664 0.06464665
v 0.02512537 -0.18098466 0.07772879
v 0.02477796 -0.17248264 0.06581131
v 0.02944823 -0.16605550 -0.07665400
v 0.03185640 -0.14646751 0.08254535
v 0.02218055 -0.12943599 0.07801496
v 0.03025576 -0.13398111 0.09039415
v 0.02241567 -0.11564088 0.07794545
v 0.02552527 -0.12425721 0.06868332
v 0.02695025 -0.12323043 0.07004550
v 0.03745046 -0.11196010 0.05990073
v 0.02793245 -0.11755493 0.08762057
v 0.03799175 -0.12741347 -0.05119844
v 0.02264766 -0.11147461 0.03365092
v 0.03103906 -0.10797346 0.10258972
v 0.02902703 -0.09111456 0.04259051
v 0.02293507 -0.07360322 -0.08545474
v 0.02422282 -0.06048345 -0.05961712
v 0.02709009 -0.06116960 0.09856481
v 0.02996067 -0.04324065 -0.07969393
v 0.02654406 -0.04355687 0.09694520
v 0.02615844 -0.03446611 0.09600039
v 0.02462750 -0.02477130 -0.08736830
v 0.02590993 -0.00767045 0.05219412
v 0.02190249 0.00971582 0.05489497
v 0.02745096 0.04277191 0.08291520
v 0.01453422 0.06089924 -0.08216019
v 0.01044044 0.07806922 -0.07351561
v 0.02632363 0.10436872 0.07614671
v 0.03023760 0.14933087 0.06119087
v 0.03038116 0.15506557 -0.06734394
v 0.02102782 0.20842829 -0.08611268
v 0.03257039 0.19932029 0.06545196
v 0.02478396 0.26694959 0.05035793
v 0.02740718 0.30508062 -0.08001873
v 0.02566253 0.32163560 0.01952136
v 0.02670324 0.33889607 0.02393494
v 0.02279442 0.33877751 0.04558770
v 0.03150121 0.35399935 -0.06091434
v 0.03013746 0.35718185 0.03929788
v 0.02985849 0.39738300 0.04609347
v 0.02870876 0.42353842 0.05964983
v 0.03574488 0.43507734 0.05976363
v 0.02418902 0.44758511 -0.07051784
v 0.02712500 0.48234677 -0.03369410
v 0.02776673 0.48473361 -0.02061987
v 0.02256588 -0.28214848 -0.09622965
v 0.02797321 -0.27019188 0.08462297
v 0.02745354 -0.26399183 -0.09523492
v 0.03127883 -0.22836393 0.07675143
v 0.02511322 -0.22298159 -0.07926540
v 0.02756224 -0.21216075 -0.00954603
v 0.03164570 -0.20942160 0.08228628
v 0.02864865 -0.21090408 -0.00250455
v 0.02382704 -0.19815882 -0.01396203
v 0.02871308 -0.18399580 0.07404722
v 0.02781665 -0.19411211 0.01079768
v 0.03358037 -0.17477672 0.08223248
v 0.02019704 -0.16056666 -0.07714916
v 0.02697849 -0.15401840 0.07616826
v 0.02609061 -0.14500321 0.07548051
v 0.03148705 -0.13801908 0.08496611
v 0.02625031 -0.12768908 0.05846543
v 0.02906254 -0.12334914 0.03732812
v 0.03366412 -0.12411662 0.08566596
v 0.02880868 -0.13014518 -0.04446554
v 0.01993358 -0.12240471 -0.07425422
v 0.03055432 -0.11940269 -0.07467451
v 0.02667516 -0.11069020 0.08733796
v 0.02859653 -0.11163772 -0.07458799
v 0.02642725 -0.09210224 0.06655985
v 0.02798406 -0.10021624 -0.05268265
v 0.03126165 -0.06963096 0.04521671
v 0.02615524 -0.02935862 0.04564956
v 0.02894914 -0.03340519 0.09638043
v 0.03105172 -0.03242560 0.05377735
v 0.02948933 -0.00713260 0.09315072
v 0.02404713 0.07103398 0.08444881
v 0.03461625 0.10991228 0.06412213
v 0.03139095 0.21550104 0.06245449
v 0.02984188 0.25142497 0.05968429
v 0.02359128 0.25521088 0.05749756
v 0.02253247 0.28523335 -0.08539376
v 0.02490903 0.28575650 0.03995005
v 0.03423877 0.34520346 -0.05197567
v 0.02942405 0.34323838 0.03507766
v 0.02770337 0.35077414 0.03949768
v 0.02661317 0.38296777 -0.06778444
v 0.02514803 0.45539767 0.05949188
v 0.02343722 0.48638108 0.00410426
v 0.02957041 0.48293057 -0.01467384
v 0.04916816 -0.27889282 -0.09122172
v 0.03071354 -0.26488894 0.06391656
v 0.03179600 -0.23968683 0.07698166
v 0.02937352 -0.24198747 0.05709676
v 0.03224787 -0.22523071 -0.07773623
v 0.02462720 -0.22916761 -0.09193080
v 0.03065360 -0.24322231 0.05718188
v 0.02986976 -0.22365667 0.05712925
v 0.03057819 -0.22559372 0.08336940
v 0.03022509 -0.22469255 -0.02150667
v 0.03027262 -0.20207602 0.07055082
v 0.02922152 -0.21667857 0.05725407
v 0.02772208 -0.21798567 -0.03322395
v 0.03129471 -0.21286218 0.00763854
v 0.03623803 -0.20462793 -0.07641216
v 0.02377989 -0.18690781 0.05675890
v 0.02209014 -0.16899356 -0.02844875
v 0.02871712 -0.18505077 0.06826339
v 0.02815930 -0.18560529 0.07466159
v 0.02747917 -0.17395963 0.05777838
v 0.02802323 -0.17953376 0.06865897
v 0.02470315 -0.18017377 0.01076665
v 0.02724860 -0.16706441 0.01914332
v 0.03248722 -0.15885025 0.02892372
v 0.02826153 -0.15414672 0.02585410
v 0.02590998 -0.13938361 -0.03828274
v 0.02485488 -0.16314168 0.05790450
v 0.03503029 -0.10644290 0.06675941
v 0.01853567 -0.12257873 0.10206435
v 0.03146324 -0.07713253 0.10030717
v 0.02910310 -0.08637773 -0.05646009
v 0.03268304 -0.07257569 0.04597672
v 0.03053387 -0.05273252 -0.06625642
v 0.03503238 -0.04340387 0.05425594
v 0.03364523 -0.03879842 0.04929214
v 0.02749504 0.22825225 -0.09229310
v 0.02911591 0.29219905 0.03584667
v 0.03490866 0.32976273 0.00952732
v 0.02888860 0.35379314 0.03867988
v 0.03179164 0.36332041 0.03918582
v 0.03076274 0.37473121 0.04466370
v 0.03161849 0.38232869 0.04522050
v 0.03300222 0.40348932 0.04429869
v 0.02802973 0.40888453 0.05379698
v 0.02643441 0.44405723 -0.07218193
v 0.02755742 0.47713721 -0.04070496
v 0.02786816 0.48061892 0.01278968
v 0.02729185 0.48018724 0.02115376
v 0.04321074 -0.28770578 -0.08619683
v 0.04446014 -0.27599594 -0.07339457
v 0.04273927 -0.25434807 -0.07454049
v 0.02160038 -0.26036412 0.07961762
v 0.03654100 -0.26042390 0.06093964
v 0.03209217 -0.25139216 -0.07734126
v 0.02999950 -0.24500293 0.06475420
v 0.03328497 -0.21820898 0.00838628
v 0.03352869 -0.25277624 0.06938244
v 0.03326411 -0.22378898 0.00206915
v 0.03190740 -0.22268897 0.07243099
v 0.03761266 -0.17692347 0.02757452
v 0.03291058 -0.15303604 0.03154550
v 0.03219109 -0.13224536 0.06710052
v 0.03318648 -0.10749538 -0.07462398
v 0.02239519 -0.10333740 0.07355586
v 0.03545168 -0.10875617 0.04580972
v 0.03051631 -0.10085888 0.04281116
v 0.03459354 -0.07593807 -0.06139987
v 0.03085682 -0.05914034 0.09875248
v 0.02659394 -0.05513256 0.04318696
v 0.03549112 0.00025137 -0.09210270
v 0.02009796 0.01549483 -0.09496355
v 0.03623777 0.00916904 0.08903167
v 0.03505636 0.02096822 0.08677101
v 0.03465377 0.05267546 -0.08274036
v 0.04163963 0.07000412 -0.06767375
v 0.03626223 0.08632136 -0.06646768
v 0.03683862 0.11559812 -0.06076278
v 0.03522519 0.17059068 -0.07455865
v 0.03081613 0.18241099 -0.07883699
v 0.03389957 0.19285090 0.06602194
v 0.03636052 0.21544625 -0.08971765
v 0.03745275 0.30273455 0.03151200
v 0.03225430 0.30722162 0.02522007
v 0.03567314 0.35957298 0.02161143
v 0.03427560 0.37220883 0.03961342
v 0.03776940 0.42926323 -0.06201051
v 0.03593647 0.47225234 0.02955944
v 0.03450124 0.47733089 -0.02062655
v 0.03193435 0.47922683 -0.00093022
v 0.03466027 0.47711548 -0.00057982
v 0.04063313 -0.29580650 -0.07907166
v 0.03440299 -0.29007512 0.07668248
v 0.03780929 -0.28957903 0.08210279
v 0.03411685 -0.27958933 0.05754483
v 0.03385426 -0.28241146 -0.07552110
v 0.03210034 -0.29113549 0.06205627
v 0.03446689 -0.27861071 0.07480039
v 0.03472349 -0.24561664 0.08265871
v 0.03325161 -0.23534137 -0.02520529
v 0.03389268 -0.23283145 -0.01439309
v 0.03296113 -0.22305840 0.05974006
v 0.03721986 -0.22981387 0.08061816
v 0.04316211 -0.21870656 -0.07565757
v 0.03416171 -0.20182814 0.08017760
v 0.03277471 -0.20710564 0.01263300
v 0.03773851 -0.18092893 -0.07565428
v 0.03450388 -0.18368118 0.07938900
v 0.02451249 -0.15537097 -0.09005694
v 0.03609100 -0.18478884 0.06954274
v 0.03046646 -0.16204499 0.06499050
v 0.03958906 -0.17289625 0.03121758
v 0.03667403 -0.14541166 0.08244037
v 0.03499401 -0.14382154 0.03639470
v 0.03300983 -0.13865778 -0.07490034
v 0.03404381 -0.13183627 0.03945115
v 0.02519702 -0.12705052 0.10277212
v 0.03619317 -0.12585071 -0.07414386
v 0.03450196 -0.12196603 0.06636813
v 0.02902254 -0.11414951 0.03958599
v 0.04102894 -0.10634004 -0.05753087
v 0.02021576 -0.09178284 -0.08575991
v 0.03593761 -0.09320851 0.04704152
v 0.03697470 -0.05402600 -0.07695263
v 0.04076263 -0.06167275 0.09699932
v 0.02874435 -0.03888099 -0.07595272
v 0.03266964 -0.03533739 0.09612907
v 0.03175222 0.00110873 0.09187406
v 0.02684182 0.03249152 -0.09261014
v 0.03436789 0.08763790 0.08473440
v 0.03731823 0.09480046 0.08103638
v 0.03462049 0.10229430 0.07707689
v 0.03210636 0.11111508 0.05832516
v 0.02206689 0.12206936 -0.05590515
v 0.03218073 0.13759701 -0.05860613
v 0.03889780 0.23412684 0.06652538
v 0.02772558 0.23905769 -0.09238891
v 0.04837084 0.24435732 -0.09327898
v 0.03616328 0.32977450 -0.06458055
v 0.03503557 0.33283564 0.00823891
v 0.02824011 0.33505952 -0.06132649
v 0.03437841 0.34867540 0.01160110
v 0.03403429 0.35018086 -0.04812719
v 0.02929273 0.37768763 -0.05934563
v 0.04443806 0.38996851 -0.05953167
v 0.03070169 0.45321223 0.05705772
v 0.03077368 0.46383977 0.05028474
v 0.04032888 0.45782697 -0.04718799
v 0.03184085 0.47297990 0.03553475
v 0.03247075 0.47452119 0.02966600
v 0.03655384 0.47395423 -0.02289757
v 0.03814475 0.47364378 0.01272781
v 0.03558666 -0.28569809 0.07205571
v 0.04051899 -0.28795069 -0.07255914
v 0.03452783 -0.26717269 0.07158367
v 0.03674227 -0.23281610 0.00541668
v 0.03075404 -0.22497255 -0.03523149
v 0.03141740 -0.18995033 -0.09151713
v 0.03496542 -0.19483934 0.06786544
v 0.03637404 -0.20729686 0.07671486
v 0.03830663 -0.19903822 -0.07598987
v 0.03804152 -0.19821459 0.02117548
v 0.03476156 -0.18386605 0.02273255
v 0.03164032 -0.16465925 -0.03863531
v 0.03865596 -0.16885576 -0.07514952
v 0.03697069 -0.16427915 0.07093824
v 0.03130522 -0.15081277 -0.09060547
v 0.03737539 -0.15002778 0.07802133
v 0.03717760 -0.12082099 0.06332549
v 0.04061730 -0.12992735 0.04552950
v 0.03669101 -0.12033252 -0.08676388
v 0.03141201 -0.12357911 0.10387781
v 0.04368087 -0.10437795 -0.07333404
v 0.03208058 -0.08307925 0.05941390
v 0.03224695 -0.06066456 0.05838986
v 0.03565896 -0.07976872 0.10000060
v 0.04840300 -0.07750770 -0.06557398
v 0.03820344 -0.05528889 0.04979957
v 0.03460820 -0.05200958 -0.06849092
v 0.03578514 -0.04605820 0.04952028
v 0.03732061 -0.04770660 0.05171253
v 0.03508320 -0.01445229 0.09316681
v 0.03535214 -0.03104541 -0.08555522
v 0.03526322 0.07815278 0.08524331
v 0.03704557 0.15110235 0.05867176
v 0.04200513 0.24738438 0.06167186
v 0.04313685 0.32190627 0.01822866
v 0.03356631 0.36045319 -0.05985503
v 0.03581454 0.38682643 0.04121965
v 0.03807645 0.40267384 0.03607881
v 0.04308568 0.41332740 -0.05279721
v 0.03267971 0.41754684 -0.06277148
v 0.03703574 0.41474259 0.04600621
v 0.03775577 0.42371005 0.05618430
v 0.03815790 0.47258735 -0.02327419
v 0.04214646 -0.28925282 0.07748710
v 0.03830621 -0.26247510 0.08065602
v 0.03679214 -0.24490376 -0.02542986
v 0.03852987 -0.24639069 -0.01558627
v 0.03960104 -0.25413007 0.06971420
v 0.03796201 -0.23951712 -0.03796543
v 0.03963001 -0.24481638 -0.00751026
v 0.04354967 -0.25087854 0.00620120
v 0.03971556 -0.23698190 0.07669792
v 0.03384261 -0.22913289 -0.00703753
v 0.03842938 -0.23402759 0.06978466
v 0.03919490 -0.22870103 0.07627058
v 0.02832766 -0.21757065 -0.03590519
v 0.03155611 -0.19473532 -0.03797276
v 0.03805089 -0.21963076 0.07161048
v 0.03630279 -0.21308722 0.01453448
v 0.04173350 -0.20604280 0.02224976
v 0.04956005 -0.19949241 -0.07576776
v 0.03626979 -0.18897790 -0.03903848
v 0.02960833 -0.17875595 -0.03567299
v 0.04206230 -0.15707259 -0.07413846
v 0.03705417 -0.15461290 0.06893153
v 0.03254215 -0.13996086 -0.04479301
v 0.04351137 -0.14308912 0.06924937
v 0.04264792 -0.13778783 -0.05114448
v 0.03991399 -0.14094561 0.08669668
v 0.03734640 -0.14417830 0.07009654
v 0.04333011 -0.09719996 0.10041428
v 0.03756113 -0.09400790 -0.08619513
v 0.04331854 -0.08297052 -0.07322146
v 0.04297699 -0.08704716 0.09932633
v 0.04112754 -0.04846726 -0.07436447
v 0.03953050 -0.03836781 0.09454235
v 0.03312505 0.01991433 -0.09325065
v 0.04080410 0.12453230 -0.05345071
v 0.03662897 0.13338096 0.05755807
v 0.03218546 0.16547027 0.06435541
v 0.05155913 0.20963313 0.05788863
v 0.02921981 0.25434646 -0.09167132
v 0.03337622 0.25804421 0.05620885
v 0.03075367 0.27359444 0.04590094
v 0.03942803 0.27531236 -0.09206022
v 0.04357791 0.37834984 -0.05129804
v 0.04123884 0.45424214 0.04785445
v 0.04011512 0.47288975 -0.00244137
v 0.04140360 -0.28871575 0.06555627
v 0.03977188 -0.27767572 0.06338120
v 0.03956437 -0.24259080 0.07835370
v 0.04280137 -0.24840072 -0.04161730
v 0.04464142 -0.24562706 -0.07426723
v 0.03427367 -0.23370957 -0.09323481
v 0.04321462 -0.13757531 -0.08663861
v 0.03763029 -0.16017656 0.03335980
v 0.04510755 -0.14293025 -0.07356788
v 0.04310706 -0.12046400 0.06834178
v 0.04155013 -0.12618352 -0.08619858
v 0.04324123 -0.11413204 0.05902057
v 0.03620549 -0.12114223 0.04436668
v 0.03740616 -0.11352061 0.10250445
v 0.04731610 -0.11795182 0.05261245
v 0.03912106 -0.09322212 0.05988117
v 0.04549522 -0.08383191 0.05301856
v 0.04270644 -0.07526787 0.05538181
v 0.04308513 -0.06734437 0.05307416
v 0.02990178 -0.05531919 -0.08609636
v 0.04329821 -0.05617475 -0.06937714
v 0.03963806 -0.05664740 0.05272926
v 0.04229985 -0.03640265 -0.08292282
v 0.04212823 0.01068624 0.08562183
v 0.04417540 0.03132179 0.08006927
v 0.04039853 0.05002151 0.07533649
v 0.04753091 0.07752872 0.07714294
v 0.04480408 0.09246024 0.07799591
v 0.04142257 0.10026434 0.07495819
v 0.05097327 0.10802414 -0.05833043
v 0.04084206 0.10585867 0.06971999
v 0.04673275 0.12340305 -0.05174927
v 0.04190737 0.17286751 0.06256223
v 0.04160480 0.18642764 0.06365267
v 0.03743865 0.23214111 0.06720757
v 0.02902951 0.27740523 0.04555784
v 0.03421174 0.29500970 -0.08627851
v 0.03932693 0.28964555 0.03606968
v 0.04278307 0.31042054 0.02455608
v 0.04159432 0.32632041 0.01452169
v 0.04278536 0.35497388 -0.05582253
v 0.04525687 0.34825289 0.01805711
v 0.04576967 0.38690519 0.01964267
v 0.04063458 0.37274057 0.01773186
v 0.03990388 0.37430787 0.02404926
v 0.03962147 0.39848727 0.03224820
v 0.04610977 0.41068316 0.02343011
v 0.03500361 0.44344532 0.05715347
v 0.03638506 0.44996011 0.05477137
v 0.04456481 0.46175405 0.03494169
v 0.04875553 -0.26744232 -0.01489847
v 0.04133330 -0.23215990 0.01408868
v 0.04825495 -0.20679705 -0.07557052
v 0.04126684 -0.18564396 0.07466754
v 0.04519189 -0.18144999 -0.07552843
v 0.03756166 -0.15751423 -0.04402995
v 0.04321981 -0.16124074 0.07242009
v 0.04466469 -0.14394686 0.09705678
v 0.04833437 -0.13786544 0.08061408
v 0.04026923 -0.13445789 0.10316896
v 0.04109089 -0.13611585 0.07639515
v 0.04990146 -0.12121106 0.05397166
v 0.04833930 -0.12217490 -0.07496378
v 0.04712997 -0.12488399 -0.08287770
v 0.04250836 -0.10007264 0.05139320
v 0.04666032 -0.06397361 -0.06753825
v 0.04723275 -0.07954272 0.09740864
v 0.04390054 -0.07202777 0.05184090
v 0.04097132 -0.04897185 -0.08377580
v 0.04454854 -0.02670545 0.09087498
v 0.04849583 0.01924008 0.08091295
v 0.04135233 0.03783484 -0.08694953
v 0.04318439 0.07000432 -0.06689954
v 0.04560936 0.07487961 0.07814840
v 0.05271850 0.14186120 -0.05074443
v 0.03863389 0.13714704 -0.05611554
v 0.04759996 0.16335614 0.05733635
v 0.02693318 0.21812586 0.06222271
v 0.04332867 0.23554027 -0.09306779
v 0.04614646 0.26649585 0.05105413
v 0.03572996 0.28115225 0.04138156
v 0.04195139 0.34166056 0.00129846
v 0.04159268 0.34528941 -0.00027857
v 0.04074119 0.37094811 -0.05914179
v 0.05508810 0.37114638 0.01496447
v 0.04655517 0.42550728 0.04854403
v 0.04355024 0.42968947 -0.05568740
v 0.04162814 0.43384793 -0.05763512
v 0.04994440 0.44126859 0.04290146
v 0.04289971 0.44229966 -0.05522978
v 0.04502190 0.45171759 -0.04452915
v 0.03905332 0.46738610 0.03736566
v 0.04357031 0.45481098 0.04528960
v 0.04313521 0.46987063 -0.00793850
v 0.05030849 0.46219900 0.01056373
v 0.04527831 -0.28614682 -0.07596521
v 0.04235899 -0.25184992 -0.00821624
v 0.04782199 -0.25557876 -0.04331087
v 0.04816955 -0.24372223 -0.09188009
v 0.04752684 -0.24355756 0.01602859
v 0.04390636 -0.18989186 0.02888312
v 0.04835920 -0.17334917 0.08752023
v 0.04901607 -0.16409007 0.07082275
v 0.04698902 -0.15659328 0.08796039
v 0.05103064 -0.14601293 -0.05218067
v 0.04752881 -0.13001662 0.06866188
v 0.04470832 -0.13495769 -0.08551870
v 0.05004738 -0.11837663 0.10126643
v 0.04790480 -0.12035536 -0.07499443
v 0.04226959 -0.10304741 -0.05866136
v 0.04356288 -0.09508533 -0.08424182
v 0.05085459 -0.09940235 0.09868889
v 0.04486074 -0.07957432 -0.07311580
v 0.04602960 -0.05082596 -0.08000803
v 0.04555923 -0.05549675 -0.07294550
v 0.05135402 -0.06133495 0.09324075
v 0.04510937 0.02851608 0.08034995
v 0.04220554 0.05316626 0.07621130
v 0.04610826 0.10947677 0.06029500
v 0.03806766 0.11348688 0.05523320
v 0.04397892 0.14253715 0.05519739
v 0.04927169 0.15500264 0.05241735
v 0.04561565 0.15250252 0.05451763
v 0.04636956 0.19760677 -0.08331076
v 0.04700903 0.24980763 0.06047775
v 0.04700907 0.30600289 0.02143755
v 0.03766661 0.30836958 -0.07913741
v 0.04315877 0.34732831 -0.01108400
v 0.04781388 0.36517668 -0.03554485
v 0.04685416 0.36941946 -0.04293061
v 0.04435697 0.39993203 0.01694714
v 0.04898689 0.44964689 -0.03706201
v 0.04462491 0.46579880 -0.01942354
v 0.04631024 0.46593159 0.00540142
v 0.04967472 -0.24784186 -0.08304076
v 0.04651134 -0.26231566 -0.00239290
v 0.04881119 -0.26647171 -0.01176675
v 0.04734569 -0.26345551 0.00341915
v 0.04116644 -0.19067816 -0.04087843
v 0.04657625 -0.21395753 0.02348327
v 0.04920935 -0.16444618 -0.07801051
v 0.04846315 -0.16974030 0.03840653
v 0.05291316 -0.15785955 0.07180431
v 0.05156780 -0.15318200 0.07500345
v 0.05013581 -0.15346551 -0.05014501
v 0.04527614 -0.14065772 0.05952501
v 0.04675535 -0.13277003 -0.08389858
v 0.04908157 -0.11631349 -0.07764954
v 0.04434696 -0.09885059 0.05637293
v 0.04762759 -0.05685694 -0.07657942
v 0.05264604 -0.04847832 0.09077229
v 0.04783248 -0.03031712 -0.08274148
v 0.04726810 0.01551965 -0.09004084
v 0.05623242 0.04045952 0.07228917
v 0.04274075 0.05740855 -0.07688426
v 0.06015747 0.16332351 -0.06432503
v 0.04939732 0.16579552 -0.07053059
v 0.05584524 0.21898128 0.06549084
v 0.04686329 0.29515651 -0.08792664
v 0.04857055 0.34232944 -0.04918311
v 0.04391579 0.35995722 0.02004902
v 0.04657733 0.36072618 -0.04643888
v 0.04787122 0.37109485 -0.05146765
v 0.04998320 0.39108792 -0.05045531
v 0.04870211 0.41949716 0.03977809
v 0.04968838 0.45145980 -0.03277684
v 0.04310305 0.46299693 -0.03238502
v 0.04897382 0.46077326 0.02631701
v 0.05103550 0.45910874 -0.01096550
v 0.04983529 -0.27755299 -0.08540853
v 0.04756432 -0.25108728 -0.04535084
v 0.05112684 -0.23972608 -0.08984741
v 0.04740416 -0.26151380 -0.07491732
v 0.05321173 -0.24740337 -0.05067567
v 0.04870479 -0.24230064 -0.04805122
v 0.05418751 -0.23846151 0.02000650
v 0.04893388 -0.22471718 0.02145821
v 0.04638215 -0.21827966 -0.09172215
v 0.05225020 -0.20144661 -0.07812681
v 0.04955436 -0.19706021 -0.09023886
v 0.04821634 -0.17135260 -0.08697842
v 0.04940254 -0.17502622 -0.07826613
v 0.05408356 -0.18761538 0.03838464
v 0.04404075 -0.17738707 0.03348143
v 0.04518097 -0.18687920 0.07239892
v 0.04830883 -0.16610689 -0.07644115
v 0.05006086 -0.15861386 0.06825850
v 0.04681851 -0.14874686 -0.07396204
v 0.04983991 -0.14827983 0.09045601
v 0.04936767 -0.15179858 -0.07856040
v 0.04390193 -0.11936448 -0.05544416
v 0.04844374 -0.09717072 -0.07539767
v 0.04836212 -0.07984195 -0.07764504
v 0.05880531 -0.03737877 -0.07635798
v 0.03731648 0.03752381 -0.08921573
v 0.04517170 0.04489252 0.07489759
v 0.05761492 0.03194544 0.06737826
v 0.04971723 0.08422672 0.07464752
v 0.04879114 0.10734002 0.06140995
v 0.05616397 0.12208579 0.04419540
v 0.05520089 0.12864657 -0.04578849
v 0.04364419 0.15059480 -0.06178948
v 0.05455260 0.15975359 0.04841235
v 0.05524195 0.23339681 0.06605568
v 0.05577797 0.30005351 -0.08525047
v 0.05007934 0.33519173 -0.00656708
v 0.05134040 0.33942252 -0.01125093
v 0.04997132 0.36196956 0.01812419
v 0.04942154 0.38389620 -0.03603587
v 0.05190167 0.39328673 -0.03916053
v 0.04613337 0.39913896 -0.04636396
v 0.05266907 0.40072364 -0.02638212
v 0.04773537 0.40773404 -0.04218887
v 0.05262307 0.41564274 0.02356290
v 0.04863164 0.43174577 -0.04723402
v 0.05104886 0.45136908 0.03718662
v 0.05074914 0.45047691 -0.03086220
v 0.05108323 0.45622930 0.03069456
v 0.05387018 0.45249385 -0.01942112
v 0.04955829 0.46202201 0.01972008
v 0.04732255 -0.26647773 -0.02508965
v 0.05026832 -0.25596339 0.01437247
v 0.05076928 -0.25037694 -0.07522047
v 0.05184956 -0.20576847 -0.09050450
v 0.05133245 -0.22314200 -0.07588124
v 0.05251455 -0.19454351 -0.08521806
v 0.05061737 -0.19412918 -0.08983689
v 0.05275887 -0.18475577 0.09088493
v 0.05137702 -0.16925988 0.08184516
v 0.05124683 -0.16440089 0.07910988
v 0.04335481 -0.15191083 0.06294829
v 0.06128741 -0.16674101 0.04801134
v 0.05204715 -0.14744872 0.09151442
v 0.04752607 -0.14216425 0.04682369
v 0.04969812 -0.14129296 0.10455723
v 0.05432517 -0.13040604 0.05475586
v 0.05473371 -0.12198462 0.10052258
v 0.05699992 -0.06510089 0.09172862
v 0.05856271 -0.03921752 0.08783762
v 0.06088127 -0.01133111 -0.08358988
v 0.05011537 0.00450352 0.08402601
v 0.04655623 0.04857877 0.06137433
v 0.05586750 0.06855516 -0.06150039
v 0.05557120 0.09335914 0.06469682
v 0.05639985 0.15647322 0.04567541
v 0.04864758 0.19085503 0.06096639
v 0.05356387 0.22549674 0.06666365
v 0.04979666 0.31978488 0.00924764
v 0.05313050 0.34670660 0.00376392
v 0.05054114 0.35081410 -0.03210822
v 0.04698950 0.35711670 -0.02297700
v 0.05149073 0.35861537 0.01533247
v 0.05304830 0.37265554 0.00685454
v 0.05095370 0.38379222 0.01784634
v 0.05191902 0.38436168 0.01072738
v 0.05562025 0.40020603 0.00330955
v 0.05711089 0.42201731 0.02483260
v 0.05164959 0.43644360 -0.03875452
v 0.05569626 0.42922834 0.03251327
v 0.05211057 0.46001649 0.01812416
v 0.05416834 0.45851940 0.00669996
v 0.05771616 -0.28650713 0.00110467
v 0.05254468 -0.26554006 0.01192105
v 0.05598294 -0.26259640 -0.04820498
v 0.04408626 -0.22218013 -0.04634704
v 0.05307579 -0.21425310 -0.07919797
v 0.05286473 -0.22666183 -0.08917870
v 0.05739667 -0.21957758 0.02980484
v 0.05526651 -0.22370255 -0.05039578
v 0.05309086 -0.18765628 -0.04422580
v 0.06274494 -0.19675851 -0.04820726
v 0.05747830 -0.16741832 0.08309329
v 0.05665996 -0.17046782 0.04350736
v 0.05506600 -0.15679486 0.04721201
v 0.05244712 -0.15790702 0.07415036
v 0.05209268 -0.15643203 0.09657914
v 0.04905350 -0.09618990 -0.06008584
v 0.05720557 -0.09265661 0.09514490
v 0.05355860 -0.05909121 -0.06841543
v 0.05463497 -0.05046148 -0.07192370
v 0.05288547 0.02103399 -0.08749355
v 0.06287541 0.06759817 0.07176457
v 0.05655572 0.07089283 0.06421503
v 0.05537637 0.07533654 -0.06333312
v 0.06093331 0.07827110 -0.06177543
v 0.05157482 0.08675538 0.07310303
v 0.05196796 0.10439786 0.06177391
v 0.05104991 0.11551659 0.04808799
v 0.05456407 0.13746482 0.04678047
v 0.05907633 0.16256486 0.04305342
v 0.05436166 0.32599854 -0.06098710
v 0.04911586 0.34721085 -0.01839979
v 0.04549743 0.35043785 -0.04106981
v 0.05758100 0.34426159 -0.02950263
v 0.05294681 0.35252193 -0.01056146
v 0.05079800 0.37693843 0.02452762
v 0.05238258 0.39419103 -0.02686212
v 0.05339936 0.39421216 0.02074046
v 0.05204429 0.41125965 0.01732594
v 0.05137004 0.43161449 0.04115031
v 0.05552075 0.42681527 -0.02908403
v 0.05590497 0.45072123 0.02775656
v 0.05745400 0.45015880 -0.01319036
v 0.05601491 -0.27932301 -0.03065344
v 0.05622412 -0.27751672 -0.03406600
v 0.05805535 -0.27888682 -0.03594024
v 0.05728060 -0.27843726 0.00910382
v 0.05504757 -0.22772604 0.02550101
v 0.06061319 -0.21738353 0.03439345
v 0.05710742 -0.20304772 0.03699924
v 0.06247178 -0.17180958 0.08943045
v 0.05744627 -0.16669360 0.06697645
v 0.05691706 -0.14689867 -0.05243611
v 0.04867240 -0.15239502 0.09891333
v 0.05659102 -0.13409206 0.05751405
v 0.06277819 -0.09524415 0.09348825
v 0.05842733 -0.04730764 0.08943338
v 0.05443690 -0.01493627 0.08590353
v 0.05861100 0.02512841 0.07140128
v 0.04801329 0.03998410 -0.08385514
v 0.05673588 0.03077699 0.07164919
v 0.05991596 0.04723820 0.07221023
v 0.04973042 0.06521222 0.07223257
v 0.05988096 0.08249921 0.06087825
v 0.05752470 0.08920333 0.06401964
v 0.06340874 0.11993970 0.03804146
v 0.06782810 0.16774735 -0.06295637
v 0.05108945 0.17402467 -0.07489416
v 0.05295503 0.16881809 0.05498352
v 0.05803021 0.25349194 0.05667564
v 0.06694483 0.27343383 0.04231819
v 0.05498795 0.29814959 -0.08558628
v 0.05752586 0.28793785 0.03549816
v 0.05360556 0.31220904 0.01595922
v 0.05461751 0.32184285 0.00129478
v 0.05977946 0.33915287 -0.04465322
v 0.05850144 0.36885798 -0.02646745
v 0.05761833 0.36617866 -0.01088331
v 0.05425856 0.36843607 0.01230498
v 0.05514850 0.37736204 -0.02138842
v 0.05944984 0.38562775 -0.00542570
v 0.05674800 0.40066099 -0.01456849
v 0.05874642 0.41914609 0.01379299
v 0.05630799 0.41542390 -0.01469149
v 0.05871980 0.42387882 -0.01729986
v 0.05964553 0.44670135 0.01990062
v 0.05648477 0.44967020 -0.01667002
v 0.05902293 0.45081258 -0.00481544
v 0.05945219 0.45145419 0.00449241
v 0.06136535 -0.28949520 -0.01246175
v 0.06987540 -0.28582785 0.01594573
v 0.05942052 -0.20905186 -0.05151434
v 0.05774479 -0.20231062 -0.05001695
v 0.06185845 -0.19687523 -0.04767443
v 0.06038743 -0.18268234 0.08834174
v 0.05786010 -0.17430942 0.04337822
v 0.07181305 -0.15025654 -0.05059092
v 0.06239491 -0.07399305 0.09145777
v 0.05330492 -0.00878968 -0.08722817
v 0.05982263 0.01327300 0.07319521
v 0.05844742 0.02488585 0.06287328
v 0.06302776 0.03522442 -0.07796112
v 0.06319970 0.03275340 0.05690116
v 0.05651867 0.05405016 0.07436281
v 0.04804228 0.09865186 -0.05803920
v 0.06165028 0.10935199 0.05160812
v 0.05886318 0.11276627 -0.05237116
v 0.06082321 0.14354785 0.04147175
v 0.06510836 0.17491880 -0.06915932
v 0.05321895 0.18282820 0.05788437
v 0.05520716 0.19736183 0.05667944
v 0.05407724 0.20694965 0.05596093
v 0.06137305 0.20838536 0.05203899
v 0.05826620 0.24714960 0.06001827
v 0.05335706 0.26820135 0.04914497
v 0.05823532 0.26796529 0.04828927
v 0.06645035 0.28541508 0.03543004
v 0.05369117 0.30396178 0.01991051
v 0.05644787 0.32849744 -0.00471769
v 0.05621036 0.36293659 -0.01764040
v 0.05796999 0.37231860 -0.01396493
v 0.05850960 0.38483325 -0.01098960
v 0.05837727 0.38706177 -0.02660014
v 0.05563328 0.39373526 -0.01360359
v 0.05825369 0.39368358 -0.00336386
v 0.06160873 0.39662722 -0.02101770
v 0.06090584 0.39808261 -0.01825107
v 0.05941569 0.42922464 0.01848589
v 0.06325120 0.43629834 0.00206341
v 0.05712499 0.45093748 0.02279658
v 0.06440609 -0.29348347 0.00663882
v 0.06619067 -0.28782001 -0.04126914
v 0.06109835 -0.26088598 -0.05338060
v 0.06505957 -0.24844472 0.02588598
v 0.06110190 -0.22278577 0.03225985
v 0.06355945 -0.20827533 0.03921075
v 0.06521403 -0.21159960 -0.05440243
v 0.06206281 -0.20108534 0.04005050
v 0.05866012 -0.17706041 0.06587731
v 0.06414317 -0.18006361 0.06209289
v 0.06363676 -0.16166481 0.05238122
v 0.05569285 -0.16034983 0.09011284
v 0.07305948 -0.15956607 -0.05216021
v 0.06809392 -0.17595266 -0.04868688
v 0.06288848 -0.14049543 0.07731946
v 0.06041702 -0.12827024 -0.05587388
v 0.06561693 -0.14175813 0.09708507
v 0.06228728 -0.10760989 0.09484666
v 0.06365097 -0.04403289 0.08464503
v 0.06316405 -0.04849494 -0.06966792
v 0.05951857 -0.02800864 0.08566929
v 0.06004607 -0.00077315 0.07748099
v 0.06346191 -0.01901356 0.07599667
v 0.06012364 0.00746892 -0.08597770
v 0.06023428 0.01486446 0.06409570
v 0.06185837 -0.00401581 0.07508843
v 0.07185471 0.02027194 0.05923982
v 0.06144475 0.05034728 0.06483371
v 0.06038809 0.07147649 -0.06002664
v 0.06490813 0.11381777 0.04557223
v 0.06183019 0.17914721 0.04773843
v 0.06524868 0.18726251 0.04621318
v 0.06618112 0.20427589 -0.08105731
v 0.05259230 0.22843280 -0.09199899
v 0.06581694 0.21886317 0.06260361
v 0.06401304 0.23152663 0.06440370
v 0.06769864 0.33749765 -0.02501458
v 0.05939608 0.44170511 -0.01773282
v 0.06140070 0.44451952 -0.00399009
v 0.06209495 0.44468248 0.00166229
v 0.06414849 -0.29131821 -0.03007717
v 0.07054523 -0.27719399 -0.05253839
v 0.06848165 -0.27012825 0.01855627
v 0.06267039 -0.25811538 0.02001603
v 0.06999744 -0.23988152 0.03202257
v 0.06358936 -0.23393765 0.02976336
v 0.06698354 -0.17615896 0.05093501
v 0.06336252 -0.15104416 0.05703865
v 0.06097390 -0.14531940 0.06090782
v 0.06146546 -0.14397284 0.10027577
v 0.06736092 -0.13540092 -0.05450433
v 0.06407800 -0.12542564 -0.05500381
v 0.05233997 -0.09191920 -0.06210321
v 0.06309856 -0.08463651 -0.06214084
v 0.06279053 -0.01741138 0.06824805
v 0.07000630 -0.00080900 -0.08077122
v 0.06006644 0.05168161 -0.07158169
v 0.06465109 0.10117725 -0.05254388
v 0.06315602 0.11926391 0.06807456
v 0.06759243 0.16156450 -0.05622673
v 0.06863779 0.18873547 -0.07419422
v 0.06197567 0.19370714 0.05087661
v 0.07034087 0.24757828 0.05540735
v 0.06217817 0.26193115 -0.09047700
v 0.05687718 0.31070262 -0.07696284
v 0.06723031 0.32980990 -0.05121818
v 0.05912007 0.33471259 -0.01135484
v 0.05635294 0.33852658 -0.01387866
v 0.06473047 -0.31529126 -0.04359312
v 0.06755047 -0.30093658 -0.01967847
v 0.06497579 -0.32020465 -0.03580469
v 0.06606425 -0.29905561 -0.00472193
v 0.06186131 -0.29452300 0.00168400
v 0.06430804 -0.28933182 -0.03491719
v 0.06729221 -0.28710738 -0.04545019
v 0.06663477 -0.25380489 0.02572642
v 0.07589561 -0.19756220 -0.05181334
v 0.06118946 -0.18306698 -0.04815957
v 0.07105383 -0.17346659 0.06458024
v 0.06143378 -0.16392134 0.09915335
v 0.06653418 -0.05809541 0.07084162
v 0.06680758 -0.04083004 0.07795784
v 0.06738595 -0.04570569 0.07798357
v 0.06955822 -0.02364265 -0.07649492
v 0.06231182 -0.00165592 0.06650376
v 0.06852832 0.04966498 -0.06658982
v 0.06184347 0.04161175 0.05665927
v 0.06692887 0.04656337 0.06648111
v 0.06527031 0.09299488 0.05628024
v 0.06529141 0.12305776 0.07990585
v 0.06969842 0.14873657 -0.03973306
v 0.07145128 0.16118552 0.02709456
v 0.07240666 0.21123119 0.04148007
v 0.06549906 0.28882319 -0.08522812
v 0.06149005 0.29322663 0.03104973
v 0.06923862 0.30304390 0.01717852
v 0.06444041 0.31391019 0.01335342
v 0.07807753 0.31471348 0.00172239
v 0.06582948 0.32466850 -0.00505102
v 0.06734750 -0.31223613 -0.02270368
v 0.06990410 -0.30435631 -0.05558069
v 0.06707893 -0.29884341 -0.02090239
v 0.06499251 -0.29400554 -0.02707641
v 0.07031778 -0.29810554 0.00974421
v 0.06556055 -0.19484441 0.04496891
v 0.07017513 -0.18102856 0.05183193
v 0.06968681 -0.16890964 0.05877065
v 0.06650756 -0.17236747 0.07995766
v 0.06304740 -0.15606810 0.08952326
v 0.06408953 -0.15737025 0.09911388
v 0.07091153 -0.13782831 0.09422934
v 0.07138056 -0.11194315 0.09018686
v 0.06737487 -0.08771150 0.08976739
v 0.06875280 -0.09840272 0.09046710
v 0.06921668 -0.06164332 0.06793883
v 0.07032774 -0.06954447 0.08083595
v 0.06935196 -0.06002238 0.07778291
v 0.07299561 -0.00043455 0.06237376
v 0.06646347 0.02132835 -0.08057880
v 0.06810160 0.02861944 0.06769580
v 0.07429442 0.03129908 0.05308349
v 0.08066130 0.03077734 0.06619640
v 0.06848853 0.10434046 0.04821637
v 0.06455727 0.12993462 -0.03831895
v 0.07248712 0.19181083 0.03792670
v 0.06954154 0.19097750 0.04167393
v 0.05778318 0.25100547 -0.09227336
v 0.06856424 0.25959918 -0.08885327
v 0.07128121 0.26004088 0.04829910
v 0.05383564 0.28424999 -0.09028810
v 0.05432152 0.31711820 -0.07087436
v 0.06719591 0.33801749 -0.03746724
v 0.06452767 -0.32788295 -0.04330041
v 0.07412215 -0.29204479 0.01577065
v 0.07022253 -0.27402580 0.01832947
v 0.05788337 -0.23625834 -0.05237593
v 0.06878661 -0.21981253 0.03901303
v 0.07344900 -0.20268184 0.04813553
v 0.08205087 -0.19033562 0.05561479
v 0.07146025 -0.07442039 0.07881033
v 0.07496346 -0.03470624 0.06522707
v 0.07545859 0.00495424 0.05985864
v 0.06878549 0.02399056 -0.07788526
v 0.06917790 0.05060107 0.05541275
v 0.07598826 0.05758232 0.08666715
v 0.06902210 0.07668339 -0.05814356
v 0.07220707 0.08137504 0.05100359
v 0.06035717 0.12173886 -0.05092635
v 0.06965990 0.12766723 0.08234368
v 0.07488596 0.12261532 0.02267494
v 0.06881994 0.13359487 0.07294887
v 0.06804394 0.13501863 0.03476657
v 0.07195856 0.14715914 0.02793494
v 0.07053571 0.16749428 0.02856201
v 0.06866401 0.23008011 0.06280502
v 0.06412342 0.24091826 0.06137628
v 0.07768644 0.26109254 -0.08585600
v 0.07316745 0.28684315 0.03235580
v 0.07874397 0.29678503 0.02030446
v 0.08209872 0.30978224 0.00788345
v 0.06712791 0.33630553 -0.02014700
v 0.06873853 -0.33890736 -0.04727288
v 0.07364954 -0.33320639 -0.02469722
v 0.06820772 -0.32350597 -0.05425000
v 0.07423566 -0.30709532 -0.00742294
v 0.07216548 -0.21746124 -0.05545186
v 0.07169227 -0.22096384 0.03967338
v 0.08100501 -0.19314374 0.05404534
v 0.07250678 -0.15916665 0.08073615
v 0.07081115 -0.16182053 0.09061515
v 0.07212258 -0.15749429 0.06474505
v 0.07786230 -0.13418952 0.08408147
v 0.07391749 -0.09322875 0.07977705
v 0.07472017 -0.11937695 0.07477713
v 0.06707828 -0.06814148 0.08582682
v 0.07158456 -0.07144900 0.06751815
v 0.07194509 -0.07658938 0.07900434
v 0.07299858 -0.01094567 -0.07753487
v 0.07328745 0.04011065 -0.06712846
v 0.06883758 0.04120308 0.06271359
v 0.08878175 0.06817068 0.05651298
v 0.06989454 0.10234367 0.06445967
v 0.07409533 0.09488790 0.07743612
v 0.07534849 0.10186158 0.06014643
v 0.07378046 0.11507976 0.08316334
v 0.07916399 0.11328568 -0.04186874
v 0.07739209 0.10625999 0.05888461
v 0.07312059 0.13015448 0.02658082
v 0.07935701 0.13695872 -0.02008327
v 0.07821993 0.18927027 0.02673239
v 0.07650912 0.19881175 -0.07419656
v 0.07875197 0.21541363 0.03597598
v 0.06373807 0.22514199 -0.08812517
v 0.06918977 0.29355508 0.02879850
v 0.06791973 0.33718678 -0.03770798
v 0.07615000 -0.30991131 -0.01040851
v 0.07013455 -0.30532873 -0.00103416
v 0.07527825 -0.30923578 -0.01097584
v 0.08022215 -0.27604327 -0.06008100
v 0.07406461 -0.26334819 0.02581489
v 0.06951906 -0.22586100 0.03820394
v 0.07646282 -0.17272989 0.06604886
v 0.07176701 -0.15174797 0.07174846
v 0.07912429 -0.14374861 0.08366105
v 0.07645608 -0.13049261 0.06698874
v 0.07155121 -0.11710664 0.09140298
v 0.07456489 -0.10791358 0.06712812
v 0.07521116 -0.10763908 0.08165809
v 0.06887699 -0.07156516 0.06934535
v 0.08583388 -0.08185934 0.06225299
v 0.07634477 -0.04902741 -0.06539708
v 0.08458266 -0.04129108 -0.06223996
v 0.08100655 -0.01586121 0.05999563
v 0.07531275 0.04590948 -0.06293712
v 0.07549464 0.05537620 0.04798219
v 0.07488759 0.06760613 0.07549856
v 0.07979631 0.08017156 0.04172755
v 0.07604082 0.08109468 0.04656361
v 0.06849739 0.08752999 -0.05622073
v 0.07871243 0.09229714 0.04157424
v 0.06666835 0.10046351 0.07255179
v 0.07399342 0.09858329 0.04392637
v 0.07637527 0.09354387 -0.04958411
v 0.07353409 0.11229889 0.03815153
v 0.07560199 0.15227246 0.01886694
v 0.07666622 0.16433327 -0.04776697
v 0.07716332 0.16522150 0.01560265
v 0.07309483 0.17722552 0.02803759
v 0.07505418 0.24545300 -0.08603419
v 0.07319515 0.30066735 -0.07733019
v 0.07504800 0.32605711 -0.00939125
v 0.07471731 0.33267325 -0.02155582
v 0.06958354 0.33723527 -0.03394939
v 0.07814058 -0.35458046 -0.03556681
v 0.08415638 -0.35072243 -0.02083067
v 0.07340916 -0.34116736 -0.03031618
v 0.08391936 -0.33575544 -0.01317625
v 0.07937309 -0.30131975 0.01438441
v 0.07597020 -0.23385422 0.03911770
v 0.08099589 -0.21490701 0.04794204
v 0.07545437 -0.16951133 0.05624259
v 0.08205965 -0.16458693 0.08459290
v 0.08202037 -0.15572761 -0.04808689
v 0.07870771 -0.16739954 0.08698180
v 0.07797900 -0.14117575 0.07495738
v 0.07747577 -0.12927730 0.08238452
v 0.08002118 -0.11675589 -0.05412534
v 0.07281558 -0.07526601 0.06743385
v 0.07105912 -0.02153859 0.06571901
v 0.08197876 -0.02563681 0.06054916
v 0.08249967 -0.00409684 -0.07167040
v 0.07696585 0.04777683 0.06925052
v 0.07766327 0.05655326 0.05004357
v 0.07568036 0.07200912 0.07125746
v 0.07825826 0.08835893 0.07935722
v 0.07312034 0.10448518 -0.04830864
v 0.07796032 0.12758219 -0.03333275
v 0.07860810 0.12495726 0.01313418
v 0.07891508 0.13076054 0.08095761
v 0.07860278 0.12559325 0.01221337
v 0.07652149 0.16875081 0.01781311
v 0.08813612 0.19604933 -0.06298898
v 0.08206540 0.21858723 0.03292908
v 0.07626466 0.22202484 0.05447796
v 0.07762382 0.23030183 0.05675093
v 0.08724155 0.25966993 0.04037108
v 0.07464895 0.33078060 -0.04359138
v 0.07931773 -0.35545927 -0.05317657
v 0.07647171 -0.34076267 -0.05862972
v 0.07814232 -0.32452810 -0.06463160
v 0.07379620 -0.30745327 -0.06062450
v 0.08038704 -0.25407684 0.03139498
v 0.08072575 -0.16079682 0.07874583
v 0.08025366 -0.15448131 0.08459888
v 0.07898803 -0.14789806 0.07799234
v 0.07937638 -0.14206547 0.06234288
v 0.08036612 -0.08942948 -0.05783252
v 0.07463291 0.02341185 0.05959022
v 0.07728973 0.01924165 0.06048980
v 0.08681849 0.05598192 0.08881904
v 0.07736674 0.06225193 0.04086272
v 0.08014703 0.07146686 0.03898596
v 0.07189700 0.07047197 0.05146198
v 0.08024336 0.07079031 0.07664428
v 0.07966480 0.07936225 -0.05068329
v 0.07695324 0.09628802 0.06264512
v 0.07710405 0.11986696 0.02649079
v 0.08538374 0.12353634 0.07966896
v 0.08081783 0.13278298 -0.00433430
v 0.07999837 0.15457658 0.00330978
v 0.08093452 0.14720607 -0.01764514
v 0.08467916 0.18236849 -0.05459276
v 0.08034874 0.17575991 0.01272308
v 0.08345235 0.19926488 0.02169508
v 0.08241487 0.21021128 0.02960371
v 0.08453935 0.22979309 0.04926378
v 0.08556680 0.31008327 -0.06225547
v 0.09267298 0.31410626 -0.05283556
v 0.07884565 -0.35855123 -0.04339163
v 0.08155711 -0.35916328 -0.03163569
v 0.08221735 -0.34608206 -0.02100107
v 0.08419382 -0.32613173 -0.00866660
v 0.08050045 -0.31681052 0.00583752
v 0.08130032 -0.31096041 -0.06582173
v 0.07907126 -0.26992917 0.02607425
v 0.07142294 -0.23676266 -0.05652649
v 0.08273212 -0.14997445 0.05974893
v 0.08828276 -0.13052864 -0.04854096
v 0.08391445 -0.09471589 0.06324510
v 0.07796367 0.00821004 -0.07474432
v 0.08342875 0.02410848 -0.06455781
v 0.08642542 0.03201243 0.07835006
v 0.07998445 0.02633093 0.06829742
v 0.07745169 0.04995731 0.06323184
v 0.08489377 0.04303427 -0.05450376
v 0.08535223 0.06517202 -0.03606749
v 0.07469232 0.06781980 -0.04878326
v 0.08224536 0.07102916 0.07818073
v 0.08110698 0.10047653 0.08366738
v 0.09006009 0.10228807 0.08002232
v 0.08216290 0.09941632 0.03385701
v 0.08245714 0.11585423 0.02137517
v 0.08487229 0.11345722 -0.03496867
v 0.08177211 0.12542866 0.00398802
v 0.08439390 0.13234325 0.07515188
v 0.08093266 0.13104208 -0.01333127
v 0.08306275 0.19027805 0.01613701
v 0.08218227 0.20525675 0.02766293
v 0.08013070 0.24495107 0.05090931
v 0.08279065 0.29236671 -0.07656532
v 0.08017511 0.29993701 0.01531184
v 0.08571643 0.30677074 -0.06575486
v 0.08437552 0.30663621 -0.06613056
v 0.08388136 0.31213728 0.00521953
v 0.09400808 0.31764948 -0.04492893
v 0.08264228 -0.37181029 -0.04310374
v 0.08170640 -0.36565185 -0.04979332
v 0.08247999 -0.36986673 -0.03748307
v 0.08346664 -0.32928458 -0.06793340
v 0.09562127 -0.33342600 -0.07028249
v 0.08221498 -0.31635636 -0.00489013
v 0.09826771 -0.32547203 0.01464673
v 0.08626156 -0.31632182 0.01171620
v 0.08828742 -0.29427719 0.02141054
v 0.07076686 -0.25639662 -0.05881492
v 0.08916257 -0.25564554 0.03247053
v 0.08226969 -0.16130581 0.05997842
v 0.08522284 -0.12598269 0.06376269
v 0.08275858 -0.10664929 0.06399127
v 0.10300850 -0.11542521 -0.04274153
v 0.07740418 -0.06143674 -0.06262022
v 0.08632858 -0.06114433 0.06117589
v 0.08242304 -0.02243253 -0.06856975
v 0.08900771 -0.02294528 0.05611481
v 0.08271290 0.01029012 0.06046880
v 0.08819165 -0.00353291 -0.06611807
v 0.08375196 0.00369837 0.06533930
v 0.08415302 0.02829191 -0.06166206
v 0.08442461 0.03093912 0.06153810
v 0.08902191 0.03320820 -0.05299705
v 0.08758780 0.04603098 0.08121277
v 0.07657919 0.03730772 0.05069907
v 0.07751262 0.04435160 0.04825699
v 0.07942352 0.05959228 -0.04962151
v 0.08512758 0.06553321 0.08836311
v 0.08484837 0.07230016 0.07984509
v 0.08613066 0.09446800 0.02826461
v 0.08812061 0.11001823 0.01307739
v 0.07448691 0.12682997 0.06191494
v 0.08589812 0.12061309 0.00684650
v 0.08452702 0.12653911 -0.01498482
v 0.08522090 0.12588125 -0.01493787
v 0.08356657 0.12787382 0.06585639
v 0.08258838 0.15466556 -0.01685972
v 0.08321352 0.16885012 -0.00210215
v 0.09270883 0.19095482 -0.04936193
v 0.08320761 0.18238847 0.00747331
v 0.07959290 0.20110919 -0.07332999
v 0.07758276 0.20886472 -0.07793005
v 0.08342320 0.22274059 0.04046015
v 0.08426534 0.27564174 -0.08107884
v 0.08513762 -0.34168226 -0.01400799
v 0.07927319 -0.28495690 -0.05977671
v 0.08538938 -0.25385809 -0.06313830
v 0.08223946 -0.25038305 0.03287847
v 0.09065721 -0.24104920 0.04086525
v 0.08016883 -0.17464791 0.05811845
v 0.08880951 -0.13177127 0.06140445
v 0.08429293 -0.10187272 0.06323318
v 0.08805374 -0.09487098 -0.05448703
v 0.07873193 -0.07825621 -0.05924217
v 0.09010159 -0.03857236 0.05700583
v 0.08843677 0.01873198 -0.06002925
v 0.08776762 0.00424773 0.07080254
v 0.09093798 0.02002923 0.07940900
v 0.08503880 0.01975083 0.05125806
v 0.08461008 0.03365972 0.07620017
v 0.08961846 0.05113799 0.03408723
v 0.08624458 0.06507304 0.02859117
v 0.08549573 0.07944256 0.03427856
v 0.08628492 0.08640726 0.02849719
v 0.09397911 0.10867735 0.07321531
v 0.08560736 0.16822325 -0.01676112
v 0.08947950 0.18649474 -0.01176062
v 0.08824403 0.18247953 -0.01047094
v 0.08553250 0.18907253 0.00297818
v 0.08754033 0.23485187 0.04586765
v 0.08806409 0.25009450 0.04282214
v 0.08267567 0.32317588 -0.00973566
v 0.08794367 -0.49365237 -0.03468945
v 0.09028759 -0.47212395 -0.01904191
v 0.08773919 -0.39206171 -0.04116084
v 0.08805085 -0.39291841 -0.03657173
v 0.08937380 -0.39764294 -0.04318038
v 0.08417917 -0.37765652 -0.04616639
v 0.08503767 -0.37870073 -0.03532347
v 0.09040254 -0.39336935 -0.02251673
v 0.08919654 -0.38924962 -0.05048406
v 0.08730029 -0.37788761 -0.02456616
v 0.09053482 -0.38438439 -0.01722325
v 0.09954438 -0.39780214 -0.05765201
v 0.09137419 -0.37012285 -0.01044725
v 0.08791039 -0.35037780 -0.01203690
v 0.08789782 -0.34692469 -0.06465230
v 0.09130690 -0.33997005 -0.00414110
v 0.09070376 -0.32623670 -0.00021777
v 0.08927145 -0.28285426 -0.06408450
v 0.09069904 -0.28612727 0.02581647
v 0.09960393 -0.22811392 0.04404153
v 0.08085021 -0.17615382 -0.04929626
v 0.08901276 -0.10426253 -0.05246874
v 0.08871027 -0.08809415 0.06026660
v 0.08547914 0.01147867 0.05629873
v 0.09663745 0.01160028 0.08172262
v 0.08828572 0.02749873 0.04365233
v 0.09185847 0.03087662 -0.05020623
v 0.08330002 0.01976785 0.05727652
v 0.08954023 0.03481917 0.05816811
v 0.09020875 0.05540387 0.02923559
v 0.09778352 0.06444076 0.08860959
v 0.08855364 0.07527187 -0.03897641
v 0.08543941 0.07831669 -0.04454841
v 0.08249552 0.07240593 0.06255095
v 0.09224572 0.10669886 0.07819376
v 0.08248758 0.12714148 -0.02559167
v 0.08952983 0.11859823 -0.01079607
v 0.08841953 0.17680492 -0.02791399
v 0.09158718 0.19853643 -0.06008485
v 0.09036923 0.19199455 -0.00968976
v 0.08996940 0.20674077 0.00107423
v 0.08854542 0.21547461 0.02168677
v 0.08916715 0.22589077 0.02358617
v 0.08323360 0.22753146 -0.07919588
v 0.09389092 0.23538184 0.03580333
v 0.09775028 0.25029877 0.03384972
v 0.08509689 0.26501349 0.03889270
v 0.08837613 0.28016463 0.03034767
v 0.08529803 0.28650314 0.02782659
v 0.08948739 0.32145187 -0.01107638
v 0.09111276 -0.49270636 -0.01638302
v 0.09168176 -0.46589407 -0.01948309
v 0.09079244 -0.46133119 -0.01653487
v 0.09052971 -0.44487950 -0.00617243
v 0.08953847 -0.39973044 -0.03667081
v 0.08432220 -0.35891339 -0.05905553
v 0.09177436 -0.35378656 -0.00675286
v 0.07784357 -0.29143551 0.01742018
v 0.09624863 -0.27149224 0.02812000
v 0.08766371 -0.22565149 -0.05500845
v 0.08794915 -0.20530052 -0.05134895
v 0.09769788 -0.20624854 0.04980289
v 0.08729851 -0.17133881 -0.04886746
v 0.10871773 -0.16592957 -0.03588250
v 0.08575666 -0.15402827 0.05886741
v 0.08794729 -0.15307738 -0.04809462
v 0.09523448 -0.10586655 0.05588900
v 0.09513304 -0.08444507 0.05588879
v 0.10137127 -0.05356314 -0.04648038
v 0.09115792 -0.05520221 0.05783357
v 0.08541753 -0.03264026 -0.06423429
v 0.09265134 -0.02616807 0.06229439
v 0.08534630 -0.01851995 -0.06748618
v 0.08734202 -0.00459378 0.06786123
v 0.08334851 0.00577103 0.05512222
v 0.09273830 0.01221756 0.04734205
v 0.08988474 0.02406586 0.04345029
v 0.09495120 0.03552990 0.03472452
v 0.09297242 0.04027031 0.03393934
v 0.08990353 0.05198792 -0.04198451
v 0.09457846 0.04850190 -0.03575174
v 0.09149408 0.05333712 0.05795864
v 0.09660066 0.06505344 0.05411092
v 0.09210285 0.06707667 0.01530449
v 0.08933268 0.06985129 0.02431388
v 0.09392045 0.07772052 -0.03061110
v 0.08937044 0.10360058 0.06622569
v 0.08875761 0.08983976 -0.03851155
v 0.09048643 0.09157480 0.02109276
v 0.08804519 0.09706467 -0.03675101
v 0.09175467 0.10173897 0.00991091
v 0.09066265 0.11079491 -0.02164079
v 0.08870763 0.11013357 0.06571715
v 0.08879321 0.11806063 0.07099298
v 0.09004597 0.11220016 -0.02076100
v 0.08910412 0.11691029 0.00017130
v 0.09324417 0.18782596 -0.03587730
v 0.09185994 0.22487532 0.00506968
v 0.09423060 0.32046118 -0.03462464
v 0.09140500 0.32227710 -0.01835191
v 0.09181476 -0.48145106 -0.00202552
v 0.08795145 -0.48354265 -0.03976136
v 0.09529729 -0.47960898 0.01099826
v 0.08902795 -0.45015234 -0.01017281
v 0.09264632 -0.44116789 -0.00384391
v 0.09314086 -0.43678916 -0.02267737
v 0.09270552 -0.42664626 -0.02530445
v 0.09144972 -0.40526378 -0.02527277
v 0.09615558 -0.41684625 -0.01087604
v 0.09062788 -0.39159998 -0.05174934
v 0.09318039 -0.40791181 -0.01852544
v 0.09301571 -0.38890234 -0.01282878
v 0.09310119 -0.37017956 -0.06171743
v 0.10090072 -0.35720116 -0.06607736
v 0.09255815 -0.33109549 -0.00093776
v 0.09195621 -0.31307927 0.01645310
v 0.08576196 -0.26297835 -0.06370956
v 0.10132407 -0.07852831 0.05104704
v 0.09456164 -0.06454486 0.05573856
v 0.09323687 -0.03360114 -0.05726406
v 0.09501992 0.00387416 0.04761164
v 0.09413298 0.01902447 0.04075880
v 0.09445690 0.04011400 -0.04191656
v 0.09534179 0.05282054 0.02328040
v 0.08807296 0.06625053 -0.02782632
v 0.09573355 0.05519401 -0.02340922
v 0.09881105 0.04900770 0.02037521
v 0.09270103 0.06599271 -0.00782262
v 0.09337788 0.06761619 0.00428634
v 0.09531406 0.07706968 0.01506827
v 0.09559572 0.08071823 0.07981545
v 0.09439439 0.09085549 0.00506391
v 0.09205568 0.10072786 -0.02327166
v 0.09307048 0.10350060 -0.00387103
v 0.09834830 0.20732507 -0.05278743
v 0.09003625 0.21812566 -0.07069559
v 0.09373815 0.22438762 0.00238244
v 0.09358249 0.23294400 0.02998914
v 0.09175473 0.24534869 -0.07892419
v 0.09673709 0.26047024 -0.07932485
v 0.09455026 0.27296826 -0.07881238
v 0.09704039 0.28141865 0.02804979
v 0.11168717 0.30225116 -0.06185434
v 0.09371284 0.31779656 -0.00509700
v 0.09400398 -0.49127117 -0.00922175
v 0.09428260 -0.46668512 0.00055051
v 0.09693169 -0.46006233 -0.03157895
v 0.09597385 -0.45945114 0.00597549
v 0.09948722 -0.44889766 0.00762668
v 0.09651137 -0.43422976 -0.03435729
v 0.09302968 -0.41594237 -0.03560503
v 0.09565992 -0.39828330 -0.00962875
v 0.09687254 -0.35949931 -0.00264497
v 0.09901878 -0.36992073 -0.06383482
v 0.10072668 -0.29230279 0.02520266
v 0.08449722 -0.27378818 0.02859253
v 0.10605624 -0.25611272 0.02948074
v 0.09054618 -0.24188405 -0.06069336
v 0.08994516 -0.23135908 0.04340048
v 0.10946949 -0.22074112 -0.05036819
v 0.09485716 -0.19550627 -0.04831456
v 0.10485516 -0.19267710 0.04878999
v 0.09194413 -0.17928649 0.05587739
v 0.09764244 -0.16647178 0.05321069
v 0.09459225 -0.16218050 0.05482217
v 0.09968840 -0.07466399 0.05210006
v 0.09634920 -0.03083343 0.06985097
v 0.09249804 -0.01102822 -0.06162388
v 0.09836888 0.00583732 0.07819293
v 0.09467211 0.00068903 -0.05609563
v 0.09821875 0.01779212 -0.04460799
v 0.09034728 0.02386189 -0.05534020
v 0.09872735 0.04869930 0.08028580
v 0.09605704 0.03912853 -0.03911386
v 0.09529475 0.07369543 -0.02213507
v 0.09598205 0.07851171 0.01155165
v 0.09628431 0.07817138 0.06749257
v 0.09790812 0.08517098 -0.01075843
v 0.09701899 0.08568556 -0.01921996
v 0.09375774 0.09329031 -0.02263678
v 0.09381855 0.09876805 -0.01283151
v 0.09720254 0.09158995 0.07446607
v 0.09477471 0.19668487 -0.00914965
v 0.09829201 0.22993822 0.00907978
v 0.10162137 0.24377307 0.02413941
v 0.09064756 0.27057970 0.03381810
v 0.09461427 0.29572767 0.02184653
v 0.09869017 0.31772345 -0.03661693
v 0.09833244 -0.49496192 -0.00988948
v 0.10159056 -0.49020758 0.00573357
v 0.09817079 -0.48644468 0.00804376
v 0.09726896 -0.47526395 0.03153129
v 0.09780139 -0.44535461 -0.03178877
v 0.10106967 -0.42742977 -0.04887930
v 0.09750220 -0.42775887 -0.04293568
v 0.09778216 -0.42895132 -0.00372782
v 0.09897188 -0.40362293 -0.05491432
v 0.09862971 -0.41511977 -0.00668647
v 0.10383948 -0.33775163 0.00370907
v 0.09342132 -0.31179601 -0.06951229
v 0.10230506 -0.32944852 -0.07191218
v 0.10011857 -0.26547006 0.03041088
v 0.09085868 -0.22929846 -0.05577952
v 0.09240954 -0.22008915 -0.05459999
v 0.10013998 -0.21595196 0.04613828
v 0.10286453 -0.21861379 -0.05192883
v 0.10003091 -0.17275077 -0.04496611
v 0.09999704 -0.14889938 0.05012404
v 0.10062679 -0.10838605 0.05181430
v 0.09807862 -0.10462056 -0.04604571
v 0.09033729 -0.07053372 -0.05401788
v 0.09835399 -0.07666825 -0.04757043
v 0.09656937 -0.06909897 -0.05018404
v 0.10100058 -0.05268560 0.04945254
v 0.09944129 -0.05414713 0.06738057
v 0.10002548 -0.03429443 0.07215814
v 0.09404390 -0.02582344 0.05360141
v 0.10287021 -0.00409159 0.07847170
v 0.09584551 -0.00487436 0.04995460
v 0.09420358 0.02160599 0.05700445
v 0.09843832 0.04014864 -0.03235918
v 0.10034762 0.04270346 0.02135167
v 0.09833562 0.05566473 0.06378436
v 0.09896331 0.05337505 -0.01374298
v 0.09619895 0.06110482 -0.00018301
v 0.09860512 0.07605335 -0.00124953
v 0.09610537 0.06968456 0.08163824
v 0.09762151 0.08074991 0.00292982
v 0.10173127 0.07535942 0.07594027
v 0.09548688 0.09283270 -0.00640898
v 0.09861515 0.19310038 -0.00978573
v 0.09934460 0.20023362 0.00676502
v 0.09352132 0.20732005 -0.00524888
v 0.09689446 0.23892815 0.01382584
v 0.10176366 0.25996202 -0.07736040
v 0.10373133 0.26121935 0.02982916
v 0.09867451 0.31707698 -0.01092183
v 0.09834586 -0.49137098 -0.05010464
v 0.09617060 -0.48904479 0.04574677
v 0.09626263 -0.47979698 0.02051087
v 0.08833331 -0.48407683 -0.04477675
v 0.10355154 -0.44844794 -0.04985844
v 0.09812984 -0.44755527 -0.03288903
v 0.10277283 -0.44208947 0.00660526
v 0.10168361 -0.41375327 -0.00314404
v 0.10544287 -0.33642119 0.00846114
v 0.10157664 -0.30700529 0.02155816
v 0.10782245 -0.29000568 0.02436258
v 0.10556222 -0.17305686 -0.04278515
v 0.09600315 -0.13026001 0.05649306
v 0.10122164 -0.04391216 0.04819574
v 0.10032818 -0.02776852 -0.05079174
v 0.10483515 -0.03669674 0.04481058
v 0.10213324 -0.01276288 -0.04566692
v 0.10278811 0.00377379 -0.03995160
v 0.10072442 0.00252011 0.04086295
v 0.09713037 0.01149338 0.04051318
v 0.10098867 0.03649392 0.02289640
v 0.10039492 0.03617237 -0.03005582
v 0.09895669 0.03893089 0.02542118
v 0.10093793 0.05252270 0.00047446
v 0.09948915 0.05181779 -0.01512622
v 0.10043163 0.05268505 0.00881880
v 0.09651260 0.18908249 -0.03158401
v 0.09700944 0.19781896 -0.05269586
v 0.10601537 0.20835507 0.01153587
v 0.10217455 0.22963661 -0.06230208
v 0.09598272 0.25634316 0.03489953
v 0.10417189 -0.49828818 0.04681523
v 0.09736420 -0.48126003 0.05207479
v 0.10281952 -0.45824409 0.02390294
v 0.10100421 -0.39271447 -0.00363260
v 0.10805337 -0.40454111 -0.05692389
v 0.10665631 -0.39075336 -0.00039396
v 0.10141760 -0.34778574 0.00131530
v 0.10627630 -0.33421403 0.01091951
v 0.09966547 -0.28758478 -0.06609745
v 0.10846105 -0.27339047 0.02530200
v 0.10601729 -0.18868437 0.04886977
v 0.10198431 -0.15633015 -0.03667452
v 0.10432005 -0.13748294 0.05050899
v 0.10604341 -0.12663780 -0.03616185
v 0.10623351 -0.10151645 0.04658028
v 0.10597068 -0.06174624 0.04514522
v 0.09985617 -0.06036274 0.06424158
v 0.10141888 -0.03192001 -0.04804282
v 0.10361804 -0.02886501 0.04653689
v 0.10941874 -0.00963020 0.07865002
v 0.10415076 -0.01026457 -0.04206541
v 0.10311683 -0.00380861 0.04141861
v 0.10356364 0.01289334 0.03099549
v 0.10175472 0.00504154 0.03586350
v 0.10309914 0.01140877 -0.03655904
v 0.10256981 0.02294449 0.02926779
v 0.10449782 0.02859310 0.02130405
v 0.10348886 0.03458105 0.06591459
v 0.10080179 0.04275666 -0.02121211
v 0.10265786 0.03900038 -0.02015335
v 0.10528667 0.03613074 -0.01033640
v 0.10148518 0.04505359 0.01442528
v 0.10356987 0.03409054 0.07974369
v 0.11013415 0.06742704 0.06578285
v 0.10300010 0.06762255 0.08003733
v 0.10126014 0.18156952 -0.03193288
v 0.09909843 0.18957207 -0.04208404
v 0.10159434 0.18856098 -0.00755114
v 0.10109111 0.20779994 -0.05254509
v 0.10562325 0.21373659 0.01005412
v 0.10452465 0.23804688 -0.06378122
v 0.10828793 0.29740411 -0.06691682
v 0.10409285 0.30275616 0.01750208
v 0.10141212 0.31694505 -0.02420618
v 0.10550366 -0.48306605 0.07520090
v 0.10778970 -0.40946323 0.00016062
v 0.10577484 -0.28393412 0.02512237
v 0.10777304 -0.21772552 0.04070028
v 0.10433178 -0.20251626 -0.04337341
v 0.10965535 -0.18665296 0.04582516
v 0.11241288 -0.15961173 0.03712763
v 0.10268037 -0.12825280 0.05123852
v 0.10647728 -0.10560945 -0.03796298
v 0.10561106 -0.07709303 0.04674349
v 0.10604235 -0.06275373 -0.03928382
v 0.09831697 -0.00639012 0.06017584
v 0.10678954 -0.01178691 0.03688459
v 0.10413109 0.01457692 -0.03173179
v 0.11160970 0.00759359 -0.01776005
v 0.10368486 0.01884233 -0.02872719
v 0.10462061 0.04081762 0.00306788
v 0.10544386 0.04292177 0.06971367
v 0.10383214 0.05618024 0.07379058
v 0.10747581 0.06496144 0.08406934
v 0.10432973 0.07022265 0.07151155
v 0.10089770 0.18571356 -0.01072143
v 0.11012503 0.20811620 -0.06032824
v 0.10495602 0.24805430 0.02468007
v 0.10989641 0.30971515 -0.05086344
v 0.11943720 0.31179860 -0.03043066
v 0.09545235 -0.49846146 -0.02367219
v 0.10251008 -0.49562711 0.03949695
v 0.10585127 -0.49190944 0.02215527
v 0.11162135 -0.47824788 0.08211949
v 0.10306312 -0.46722275 0.03705521
v 0.10431817 -0.33888662 -0.06832881
v 0.10899132 -0.33048594 0.01437586
v 0.09708616 -0.26282814 -0.06536363
v 0.11236378 -0.24619113 -0.05657090
v 0.10105759 -0.13370468 -0.04147533
v 0.11080966 -0.12117313 0.04171396
v 0.10678666 -0.08639118 -0.03860654
v 0.10808139 -0.07790612 0.06984371
v 0.10726888 -0.07939021 -0.03839442
v 0.10596752 -0.06470218 0.07083621
v 0.10017604 -0.04145909 -0.04761259
v 0.09832590 -0.04231671 0.05961170
v 0.10802723 -0.03421582 -0.03740584
v 0.09031956 -0.00551626 0.05901900
v 0.11309596 -0.01768425 -0.02215911
v 0.10054725 -0.01520734 0.04698714
v 0.10682581 0.00264467 0.02815391
v 0.10981081 0.01981653 0.00079962
v 0.10748625 0.02168596 -0.01263275
v 0.10233380 0.03407070 -0.02474211
v 0.10490495 0.02596532 0.02183571
v 0.11158305 0.02995299 0.07202984
v 0.10661092 0.03311561 0.00814911
v 0.10762398 0.03811099 0.07342771
v 0.10812390 0.16779640 -0.03098313
v 0.11394387 0.24866712 -0.06793752
v 0.10359700 0.31287998 0.00443891
v 0.12462028 -0.49941882 0.04536296
v 0.10829861 -0.49657556 -0.04784627
v 0.10611667 -0.48819622 0.07829008
v 0.11223935 -0.46877742 0.05346236
v 0.11462570 -0.43654367 0.00662396
v 0.11495876 -0.42140266 -0.05187572
v 0.10581522 -0.39287239 -0.05970069
v 0.11239612 -0.37717739 -0.06188543
v 0.11835018 -0.21036938 -0.03781537
v 0.10999134 -0.20991144 0.03950931
v 0.10925964 -0.18507218 -0.03624193
v 0.10775252 -0.16054067 -0.03125319
v 0.11318620 -0.15176272 0.04005883
v 0.10740338 -0.14084600 0.04783699
v 0.10572696 -0.13719997 0.04915181
v 0.11101331 -0.12658501 -0.03109507
v 0.11218512 -0.10259985 0.03979022
v 0.10834485 -0.08829275 0.04438821
v 0.11054185 -0.08469427 0.07044118
v 0.11207530 -0.05396461 0.07544108
v 0.11104047 -0.04073068 0.03872367
v 0.10936015 -0.00885106 -0.03034943
v 0.10437287 0.01097150 0.06279542
v 0.11077837 0.01445929 0.01483096
v 0.10802450 0.01517513 0.02134067
v 0.11216120 0.01313308 0.00923777
v 0.11327931 0.02027506 0.07335071
v 0.10645618 0.02103003 0.08166583
v 0.10812602 0.02835527 0.00165964
v 0.11518503 0.06344268 0.06834228
v 0.11084197 0.20144953 0.01677668
v 0.11855276 0.20585129 0.02034138
v 0.11680644 0.21450043 0.01452156
v 0.10070912 0.28739914 -0.07372763
v 0.10541950 0.29273814 0.02308492
v 0.11752202 0.31280565 -0.02413892
v 0.10359868 -0.48899865 -0.05503466
v 0.11635589 -0.45537725 0.02834458
v 0.10982897 -0.44244125 0.01083850
v 0.11378740 -0.43975088 0.00862153
v 0.10929707 -0.42128873 0.00196071
v 0.10882660 -0.41965649 -0.05347228
v 0.10878298 -0.37489766 0.00141971
v 0.11073920 -0.26374397 -0.06200288
v 0.11337185 -0.25192618 0.02886602
v 0.10912556 -0.23750064 -0.05371238
v 0.10939010 -0.24162668 0.03373881
v 0.11259990 -0.18891206 0.04382411
v 0.10903830 -0.17862278 0.04110787
v 0.11500905 -0.17247763 -0.03366794
v 0.11502632 -0.14887063 0.03824506
v 0.10853586 -0.13698240 -0.03230115
v 0.11295026 -0.13059144 0.03862113
v 0.10979545 -0.10346401 0.06369253
v 0.11466239 -0.09929080 0.03573681
v 0.11615992 -0.07213736 0.03212346
v 0.11138377 -0.06354310 -0.03146437
v 0.11791956 -0.04581617 0.02757045
v 0.10836652 -0.04182361 0.07541540
v 0.11391047 -0.02664403 -0.01984598
v 0.11207256 -0.02192450 0.03164586
v 0.11137287 -0.00867115 0.03053814
v 0.11338973 0.00023885 -0.01132933
v 0.11498158 -0.00864827 0.01818224
v 0.11553655 -0.00771076 0.07675438
v 0.11121932 0.01486017 -0.00091072
v 0.10109121 0.05865344 0.08610801
v 0.11326905 0.06574132 0.07901080
v 0.10543345 0.17620280 -0.04050984
v 0.10857327 0.19653022 -0.06065713
v 0.11776496 0.19105394 -0.06033283
v 0.10810236 0.19081993 0.00661096
v 0.11066011 0.27142739 0.02697550
v 0.11711537 -0.49292776 0.01547946
v 0.11242937 -0.49621955 0.07225224
v 0.12931494 -0.49753660 -0.01334148
v 0.11264870 -0.47137386 0.06165089
v 0.11411334 -0.45561373 -0.04939890
v 0.11003986 -0.43450731 -0.05176234
v 0.11342748 -0.32945347 0.01529450
v 0.10987736 -0.31074414 0.02051569
v 0.12392367 -0.25091058 0.01788819
v 0.11768621 -0.18224850 -0.01472849
v 0.11819734 -0.17374593 0.02565737
v 0.11162059 -0.16560686 0.03704946
v 0.11503418 -0.12480286 0.03544918
v 0.11592938 -0.06115371 0.03242082
v 0.11308558 -0.05717062 -0.02941998
v 0.11731482 -0.04796045 0.07759547
v 0.11664519 -0.03587245 -0.01686001
v 0.11842018 -0.02576445 0.07681775
v 0.11073337 -0.02795534 0.03795755
v 0.11569138 -0.02570978 0.07745054
v 0.11533857 -0.01722047 0.02039526
v 0.11620186 -0.01107463 -0.00603452
v 0.11202690 0.01276072 0.06802553
v 0.11379250 0.00018213 0.00908736
v 0.11471982 0.00536036 0.07467675
v 0.11392396 0.05950947 0.07075439
v 0.11122625 0.16270150 -0.02302011
v 0.11240085 0.16354343 -0.00787662
v 0.11481911 0.16235562 0.00323854
v 0.10981512 0.17834668 -0.04959380
v 0.11503632 0.28259498 0.02388453
v 0.12263514 0.29299068 -0.06186236
v 0.11437847 0.30063331 0.01487761
v 0.11256137 0.30595329 -0.05567229
v 0.11030807 0.31357136 -0.03959548
v 0.11034784 0.31222609 -0.00017282
v 0.11759180 -0.49812013 -0.04837864
v 0.10857399 -0.45460984 -0.05204193
v 0.11292508 -0.48278946 0.09263441
v 0.11831392 -0.42392674 0.00077279
v 0.11642776 -0.39381793 -0.05707134
v 0.11964052 -0.39386296 -0.00077755
v 0.11786706 -0.37069625 0.00119514
v 0.11771067 -0.37358445 -0.05933498
v 0.11778251 -0.26769188 0.02281374
v 0.10761975 -0.26014379 0.02694533
v 0.11478926 -0.24815457 0.03006429
v 0.11978784 -0.23349762 0.02821476
v 0.11578927 -0.22080089 0.02901873
v 0.12372519 -0.20578957 0.01417486
v 0.11207163 -0.19873898 -0.03904382
v 0.11655159 -0.19112204 0.03850580
v 0.12279407 -0.19499755 0.02406475
v 0.11561465 -0.17790046 0.02771407
v 0.12112126 -0.16675396 0.01826531
v 0.12139156 -0.15759584 0.02658330
v 0.11675924 -0.14903067 0.03429639
v 0.11431480 -0.14079189 0.03576772
v 0.11224117 -0.15895933 -0.02669631
v 0.11649584 -0.14807598 -0.00525599
v 0.11929750 -0.13142207 -0.01513263
v 0.11734484 -0.11220989 0.05773163
v 0.11934984 -0.10597702 -0.01531544
v 0.11226916 -0.11118077 -0.02977516
v 0.11630176 -0.10753302 0.03252965
v 0.11533802 -0.10961898 0.06950872
v 0.11589759 -0.09834871 -0.02407637
v 0.11557759 -0.08426869 0.07362646
v 0.10626707 -0.05832469 0.05841098
v 0.11348853 -0.04605860 -0.02638345
v 0.11505199 -0.03249220 0.02965767
v 0.11642560 -0.01829581 -0.00749008
v 0.11752658 -0.02352386 0.01276054
v 0.11763659 -0.01805149 0.00463368
v 0.11694793 -0.00833565 0.07490692
v 0.11588759 -0.01107877 0.01415917
v 0.11620700 -0.00837072 -0.00187805
v 0.11424813 0.00405104 -0.00085324
v 0.11644851 0.15368931 -0.01606242
v 0.12149429 0.16512366 0.01435210
v 0.11426903 0.16822585 0.00659969
v 0.11861451 0.18653445 0.01473997
v 0.11363173 0.19433878 -0.06103947
v 0.10984687 0.25827312 0.02627519
v 0.11574947 0.29977021 0.01518948
v 0.11960409 0.30600435 -0.04732248
v 0.12945461 -0.49979928 -0.02439302
v 0.12131888 -0.47636715 0.07781266
v 0.12177379 -0.47370484 -0.04592571
v 0.11084262 -0.44748762 -0.05181563
v 0.12218732 -0.41566819 -0.04877063
v 0.11788386 -0.39948121 0.00008497
v 0.12145151 -0.35242134 0.00238950
v 0.13030815 -0.34290543 -0.05254490
v 0.12168770 -0.29824829 -0.06184260
v 0.10974877 -0.29225776 -0.06567954
v 0.12233409 -0.27292818 0.01732224
v 0.12466186 -0.25745034 -0.04834300
v 0.12109557 -0.19376130 -0.02308324
v 0.11932843 -0.16821830 -0.02758705
v 0.12120483 -0.16399750 -0.02132028
v 0.12175494 -0.15973963 0.02436039
v 0.11773559 -0.14711185 0.02330203
v 0.11921494 -0.14079528 0.02362635
v 0.12240206 -0.13002169 -0.00258760
v 0.11835264 -0.13176565 0.02625986
v 0.11930645 -0.11804089 0.02509801
v 0.10663620 -0.07507781 0.05823435
v 0.12063786 -0.09197994 0.02091818
v 0.11924083 -0.08141428 -0.01760123
v 0.11718541 -0.07940412 0.02997252
v 0.11788211 -0.05571881 0.02798221
v 0.12179109 -0.06443481 0.07716878
v 0.11892652 -0.04637832 -0.01233859
v 0.12631640 -0.04876995 0.06812560
v 0.11875565 -0.03784268 0.01248064
v 0.12060001 -0.04366071 0.01807977
v 0.11577977 -0.03769672 0.03250576
v 0.11752494 -0.04062366 -0.01334001
v 0.11841065 -0.03360334 -0.00842325
v 0.11836904 -0.02481898 0.00434724
v 0.11845908 -0.02802386 0.01576275
v 0.11664916 0.15225592 -0.01904253
v 0.12068466 0.14979595 0.00348198
v 0.11623938 0.30533698 0.00913531
v 0.12209977 0.31029800 -0.02518306
v 0.12644503 -0.48963034 -0.04729475
v 0.11783945 -0.48114389 0.09772445
v 0.12525858 -0.46103671 0.03505765
v 0.11451120 -0.44804037 0.01949564
v 0.12694363 -0.40419856 -0.04743897
v 0.12859467 -0.33563370 -0.05806353
v 0.11338528 -0.32168859 -0.06860314
v 0.12798046 -0.30018812 0.01247466
v 0.11627433 -0.29782727 0.02012956
v 0.11774758 -0.24409804 -0.05133080
v 0.12268835 -0.24068251 0.01308731
v 0.11443964 -0.23117700 -0.04736295
v 0.11532307 -0.22451058 0.03321340
v 0.12100755 -0.21147203 0.01486034
v 0.11532983 -0.20396620 -0.03137729
v 0.12324218 -0.19753394 -0.01581801
v 0.11949737 -0.19387572 -0.02725090
v 0.12399507 -0.19600575 0.01133950
v 0.12340166 -0.19658065 0.02756453
v 0.12060188 -0.19003890 -0.01383199
v 0.11890827 -0.18820409 0.00914251
v 0.11890195 -0.15174860 0.00838598
v 0.12331804 -0.15824315 0.01720506
v 0.11894057 -0.13629597 0.02086983
v 0.11976168 -0.13848200 0.01448069
v 0.12176748 -0.13170145 0.06994267
v 0.12120318 -0.11641038 0.01780555
v 0.12121387 -0.11830586 -0.00480441
v 0.12247134 -0.11217044 0.00748895
v 0.11668783 -0.10437292 0.05773601
v 0.12019609 -0.08695716 -0.01320683
v 0.11979412 -0.07720836 0.02388959
v 0.12556294 -0.08438631 0.07687451
v 0.12037207 -0.07162657 0.02191634
v 0.11836024 -0.03606390 0.06557345
v 0.12194823 -0.02789770 0.07413697
v 0.11927021 -0.02075057 0.06844930
v 0.12046145 0.14311671 -0.02567972
v 0.12104511 0.14498213 -0.00725860
v 0.12193082 0.15033861 -0.03639999
v 0.11704847 0.16111293 -0.04227757
v 0.11853140 0.23733856 0.01715033
v 0.11979280 0.26903889 0.02472870
v 0.12395275 0.27442998 0.02241145
v 0.11823446 0.28927252 -0.06810953
v 0.11877669 0.28630167 0.02162029
v 0.11959612 0.29826963 0.01401226
v 0.12418776 0.30816197 -0.01101076
v 0.12792632 -0.48403132 -0.04493336
v 0.11414508 -0.46146965 0.03797953
v 0.12712921 -0.46879327 0.05119531
v 0.12273434 -0.46139970 -0.03994654
v 0.12259290 -0.43887141 0.00162318
v 0.12582573 -0.40681058 -0.00651070
v 0.12178785 -0.38678724 -0.05529107
v 0.12489007 -0.38373005 -0.00410978
v 0.11284732 -0.33531439 -0.06706621
v 0.11850881 -0.28322423 0.01997175
v 0.12475759 -0.21246515 -0.01896411
v 0.12475720 -0.21447399 -0.02313491
v 0.11973346 -0.20680223 -0.01214308
v 0.12336023 -0.19286253 -0.00293366
v 0.12347876 -0.19458599 0.00723512
v 0.12117000 -0.17584632 0.00113581
v 0.12574166 -0.16533294 0.00148868
v 0.12509787 -0.16714260 -0.00367864
v 0.12472095 -0.16326346 0.01250122
v 0.12423307 -0.13826719 0.07055102
v 0.12733634 -0.12086771 0.07468970
v 0.12154068 -0.10922287 0.07342809
v 0.12635492 -0.10030389 0.07601469
v 0.12242596 -0.09418356 -0.00144617
v 0.12335314 -0.09462807 0.00421200
v 0.12252845 -0.06198102 0.00164365
v 0.12073740 -0.06172508 0.02100524
v 0.12247444 -0.06219577 0.01046386
v 0.12198801 -0.04702425 0.00453643
v 0.12224482 -0.05589607 -0.00143693
v 0.12269007 -0.04847611 0.07635302
v 0.12563463 -0.04243980 0.07336558
v 0.12356216 -0.03749510 0.07429957
v 0.12287708 0.12537833 -0.01917090
v 0.12542057 0.11532613 -0.02186078
v 0.12401190 0.15078647 0.01029735
v 0.12340745 0.16814823 -0.05401419
v 0.12094644 0.17883377 -0.05786752
v 0.12486048 0.18113276 0.01781502
v 0.12065031 0.19704863 0.01660103
v 0.11619455 0.20896754 -0.06382278
v 0.12714571 0.28404170 -0.06293520
v 0.12697789 0.29068029 0.01515794
v 0.12716921 0.29710901 -0.05140147
v 0.11981934 0.31068963 -0.01446500
v 0.13754982 -0.49533269 0.08880037
v 0.12961535 -0.48810551 0.09369680
v 0.12698124 -0.46690404 -0.03657258
v 0.12126613 -0.45355779 0.02378542
v 0.12201862 -0.43909940 -0.04295170
v 0.12830482 -0.38652456 -0.00878434
v 0.12753157 -0.37299782 -0.05193998
v 0.12814945 -0.35021850 -0.00268094
v 0.12079426 -0.34609103 0.00324192
v 0.11778163 -0.32353213 0.01673890
v 0.12492763 -0.29781255 0.01498968
v 0.12664078 -0.28468728 0.01154884
v 0.12463865 -0.24858163 -0.04338923
v 0.12527713 -0.24015078 -0.03879516
v 0.12564698 -0.23352018 -0.03666825
v 0.12743811 -0.23032345 0.01348483
v 0.12490132 -0.22075047 -0.00061888
v 0.12817402 -0.22567536 -0.02242154
v 0.12320139 -0.16217414 -0.01068614
v 0.11934578 -0.14118655 0.06273748
v 0.12839928 -0.15887636 0.06901117
v 0.12817219 -0.06172411 0.07427227
v 0.12761624 -0.05083568 0.06990397
v 0.12736438 -0.06050282 0.06680572
v 0.12192795 -0.02379749 0.07240076
v 0.12411426 0.11993191 -0.01661138
v 0.12397459 0.13562387 -0.00979785
v 0.12475412 0.14204367 0.00150540
v 0.12671514 0.15664883 -0.04717071
v 0.12892121 0.14635332 0.01196948
v 0.13211243 0.16448113 0.01913782
v 0.13348015 0.17538504 0.01999481
v 0.11643209 0.22365408 -0.06723427
v 0.12262379 0.23012845 0.01537785
v 0.11125882 0.27158058 -0.07383415
v 0.12643887 0.29874232 0.00885290
v 0.11234131 -0.49727982 0.08744415
v 0.13108484 -0.49313983 -0.03963705
v 0.12219141 -0.47738025 0.09353355
v 0.13431560 -0.47643369 0.07142474
v 0.12703463 -0.46209666 -0.03665263
v 0.12458409 -0.45193017 0.01857241
v 0.12779869 -0.44434354 -0.00293353
v 0.13025986 -0.37033522 -0.04960144
v 0.12956135 -0.34739870 -0.00198166
v 0.12827599 -0.31476417 -0.06000986
v 0.11333074 -0.28013742 -0.06325170
v 0.12885384 -0.27594006 0.01013298
v 0.13025649 -0.26928583 0.00577667
v 0.13026951 -0.25955561 0.00456592
v 0.12807482 -0.24000841 -0.00260054
v 0.12814021 -0.23481333 0.00891397
v 0.13013540 -0.22890235 0.00316265
v 0.12929185 -0.22774464 -0.01829127
v 0.12641527 -0.19712165 -0.00130822
v 0.12913880 -0.10935487 0.07572665
v 0.12966543 -0.07137405 0.06669615
v 0.12730154 0.10591474 -0.01831694
v 0.12864986 0.11020771 -0.02666148
v 0.13105892 0.13220042 0.00061439
v 0.12810126 0.15961164 0.01667090
v 0.12735741 0.17456131 -0.05921818
v 0.12941694 0.22884107 -0.06594335
v 0.12742044 0.24853405 -0.06450397
v 0.11962844 0.27073509 -0.06993601
v 0.12719268 0.26263797 0.02053182
v 0.12683581 0.28237170 -0.06484263
v 0.12904350 0.30537191 -0.01647169
v 0.13392863 -0.49654460 0.01130729
v 0.13115428 -0.49607891 0.01704668
v 0.13014181 -0.48117128 0.09050929
v 0.13078329 -0.46907315 -0.03250791
v 0.13410485 -0.45421928 -0.03327302
v 0.12577957 -0.44858861 0.00977981
v 0.12944384 -0.44884083 -0.00278673
v 0.12908560 -0.42291242 -0.01242401
v 0.13221985 -0.41752717 -0.02076617
v 0.12926705 -0.41373590 -0.04208215
v 0.13131273 -0.39215043 -0.01496463
v 0.13160865 -0.37941226 -0.04705976
v 0.13483356 -0.34232205 -0.00393218
v 0.12686770 -0.34133917 0.00504868
v 0.12454171 -0.33010504 0.01135210
v 0.13063549 -0.30761570 0.00849335
v 0.12964991 -0.28579044 0.00814833
v 0.13282432 -0.28369999 0.00212210
v 0.12928252 -0.27859876 -0.05076296
v 0.12517478 -0.27128306 -0.05447058
v 0.13184817 -0.26288557 -0.03700781
v 0.13030818 -0.25007963 -0.00710992
v 0.13030748 -0.24780396 -0.00871393
v 0.13030818 -0.24781011 -0.00871393
v 0.13030818 -0.24780396 -0.00871806
v 0.13005064 -0.25087228 -0.00334038
v 0.13030818 -0.24771889 -0.00871393
v 0.13030818 -0.24552828 -0.00862461
v 0.12986420 -0.24552828 -0.00643825
v 0.12977940 -0.24325262 -0.00871393
v 0.13030818 -0.24544998 -0.00871393
v 0.12977953 -0.23838319 -0.02542374
v 0.13144112 -0.23251352 -0.01499849
v 0.12904920 -0.23925233 -0.01122002
v 0.12793033 -0.22266193 -0.01131671
v 0.13114291 -0.23033972 -0.00331207
v 0.13319014 -0.16745581 0.05930014
v 0.12351210 -0.13991877 0.05782481
v 0.13618320 -0.14407228 0.07604664
v 0.13510430 -0.12994136 0.07569873
v 0.12749970 -0.07796961 0.07622737
v 0.13048710 -0.06682985 0.07191907
v 0.13001959 -0.06687544 0.06865519
v 0.12946811 0.10652875 -0.00625977
v 0.12797509 0.11643134 -0.00757469
v 0.12513278 0.13904689 -0.03079946
v 0.12789907 0.14067011 -0.03522343
v 0.13093330 0.14580370 -0.04131676
v 0.12843922 0.14959329 0.01407477
v 0.13438529 0.18469964 0.01880349
v 0.12510195 0.21642442 0.01453547
v 0.13030818 0.22781178 0.01214841
v 0.13111895 0.26912677 0.01849322
v 0.13163978 0.28319487 -0.05849429
v 0.12904760 0.30458760 -0.02799501
v 0.13321699 0.30154234 -0.00673690
v 0.12656100 0.30529806 -0.00188187
v 0.14358537 -0.49335003 0.06603647
v 0.13818200 -0.47027618 0.04766573
v 0.13258386 -0.46368989 0.03224820
v 0.12650840 -0.45493007 0.02103595
v 0.13095838 -0.45473772 0.00579241
v 0.13213830 -0.45868012 0.01652003
v 0.13287444 -0.45632952 -0.00845479
v 0.13205822 -0.45276183 -0.00887481
v 0.13505228 -0.44828942 -0.01811528
v 0.12988830 -0.43447822 -0.01272920
v 0.13254122 -0.44137105 -0.03263842
v 0.13200593 -0.43689138 -0.03111587
v 0.13248645 -0.43282703 -0.02150546
v 0.12965278 -0.42557845 -0.03840205
v 0.13369317 -0.40904674 -0.03371777
v 0.13220663 -0.41351628 -0.02056158
v 0.13089451 -0.40274280 -0.04239952
v 0.13377041 -0.41138396 -0.02588042
v 0.13432223 -0.39131847 -0.02157698
v 0.12994154 -0.40208232 -0.01370690
v 0.13407029 -0.38659677 -0.04143379
v 0.13416345 -0.38064539 -0.01831042
v 0.13186055 -0.37313268 -0.01221990
v 0.13269554 -0.35227060 -0.00939728
v 0.13338324 -0.32161340 -0.05235315
v 0.13178430 -0.32504344 0.00407286
v 0.12629168 -0.30534306 -0.05947785
v 0.13314195 -0.27781779 0.00203700
v 0.13147327 -0.27161378 -0.04753879
v 0.13055034 -0.24966140 -0.03100649
v 0.13207841 -0.25723311 -0.00250131
v 0.13168716 -0.24994870 -0.01950196
v 0.13066459 -0.24780396 -0.01098960
v 0.13073355 -0.24552828 -0.01098960
v 0.13032518 -0.24552828 -0.00871393
v 0.13899547 -0.13597673 0.07666340
v 0.12307996 -0.13153400 0.05745394
v 0.12793784 -0.09701099 0.06287076
v 0.13228509 -0.07651839 0.07116753
v 0.12944035 0.12756696 -0.00439468
v 0.13558480 0.13237840 0.00552989
v 0.13442931 0.14729543 -0.04459430
v 0.12245329 0.20076752 -0.06715471
v 0.13698351 0.20117998 0.01500884
v 0.12967195 0.20697774 -0.06630343
v 0.13727616 0.21287215 -0.06275960
v 0.12953636 0.25412497 -0.06331205
v 0.13144436 0.27803648 0.01667237
v 0.13405763 0.28545457 -0.05325176
v 0.12965403 0.28958386 -0.05655289
v 0.13273509 0.28804752 0.01150314
v 0.13122310 0.29664585 -0.04261177
v 0.13354833 0.29386565 0.00579096
v 0.13215972 0.30144683 -0.02875795
v 0.13174516 0.30300114 -0.02114566
v 0.13442461 -0.49832726 0.06187968
v 0.14203213 -0.49570283 0.00339720
v 0.13274382 -0.49305451 0.07067316
v 0.13410246 -0.49102688 -0.03878444
v 0.13485952 -0.48095354 0.08458868
v 0.13234138 -0.47530973 -0.03477485
v 0.13015652 -0.46375334 0.03739903
v 0.13546549 -0.46570584 0.03345440
v 0.12946428 -0.46033669 0.02864267
v 0.13517210 -0.46170291 0.01485740
v 0.13417928 -0.46247676 0.02391004
v 0.13310483 -0.46738034 -0.03068543
v 0.13691716 -0.46100923 -0.02042243
v 0.13608001 -0.46228141 0.00421297
v 0.13473971 -0.44368377 -0.02219264
v 0.13302530 -0.43857756 -0.02141028
v 0.13272552 -0.42530650 -0.02464364
v 0.13338062 -0.41652384 -0.02700300
v 0.13409029 -0.40736642 -0.02759886
v 0.13404235 -0.39784953 -0.02297527
v 0.13585524 -0.38426030 -0.03817672
v 0.13393386 -0.37403396 -0.01654072
v 0.13633618 -0.37913999 -0.02331048
v 0.13674000 -0.37194043 -0.03896099
v 0.13487908 -0.34081036 -0.04903382
v 0.13505115 -0.32282898 -0.00023014
v 0.13207990 -0.31778240 0.00503526
v 0.13850422 -0.30976242 -0.00461075
v 0.13172328 -0.30367365 -0.05353615
v 0.13362445 -0.29150403 -0.05108737
v 0.13780802 -0.28860188 -0.04415320
v 0.13846652 -0.27759644 -0.01570344
v 0.13422215 -0.27174637 -0.04171791
v 0.13310343 -0.26589799 -0.00224758
v 0.13503818 -0.26598337 -0.02508077
v 0.13454071 -0.26270655 -0.01322737
v 0.13450730 -0.25796092 -0.02257936
v 0.12749970 -0.16486730 0.06393707
v 0.13490714 -0.15789673 0.07357864
v 0.13768387 -0.12175694 0.06465210
v 0.13716780 -0.10683272 0.06644412
v 0.13713083 -0.10527512 0.07360851
v 0.13287286 -0.09022921 0.06597102
v 0.13407628 -0.08622657 0.06970772
v 0.13460658 0.08771395 -0.00788137
v 0.13053668 0.09913192 -0.00749114
v 0.13406059 0.09248898 -0.00251416
v 0.13240393 0.10454595 -0.02874731
v 0.13757178 0.10418483 0.00272495
v 0.12970853 0.11385412 -0.02996286
v 0.13148510 0.12119307 -0.00308136
v 0.13563533 0.13066730 -0.03891128
v 0.13455287 0.14204761 0.01263002
v 0.13671219 0.17692396 -0.06070977
v 0.13121860 0.23541749 -0.06454331
v 0.13292454 0.26522061 0.01716899
v 0.13462289 0.28126121 0.01252120
v 0.13291384 0.29152787 -0.04824962
v 0.13403553 0.29782876 -0.00022198
v 0.14744470 -0.49768978 0.02986522
v 0.13857642 -0.49542353 -0.00870033
v 0.13829760 -0.48964927 0.09182637
v 0.13576080 -0.48261937 -0.03434391
v 0.13850212 -0.47283283 0.05604419
v 0.13703901 -0.47694793 -0.02653957
v 0.13891295 -0.46915492 0.04047962
v 0.13564630 -0.46399292 -0.00871393
v 0.13798741 -0.45726976 -0.02168853
v 0.13589339 -0.44834122 -0.02575564
v 0.13711618 -0.45296487 -0.02684536
v 0.13549075 -0.44806319 -0.02009229
v 0.13417606 -0.40652531 -0.02834572
v 0.13714926 -0.38224056 -0.03125891
v 0.13867451 -0.36607605 -0.03007163
v 0.13638724 -0.35747826 -0.04207208
v 0.13893658 -0.35049799 -0.02470795
v 0.13682595 -0.35109308 -0.01838893
v 0.13613653 -0.34791657 -0.04265821
v 0.13650367 -0.33424449 -0.00402636
v 0.13334423 -0.33145645 0.00113732
v 0.13619429 -0.32085416 -0.04744745
v 0.13769595 -0.32197735 -0.00479047
v 0.13795196 -0.30230317 -0.00024540
v 0.13824955 -0.29560700 -0.00216111
v 0.13660239 -0.28403413 -0.00681120
v 0.13833651 -0.28016996 -0.03935096
v 0.13631767 -0.27137309 -0.01234282
v 0.13668026 -0.27076688 -0.02758291
v 0.13490412 -0.26145801 -0.02009229
v 0.14018288 -0.15915835 0.07564870
v 0.14221679 -0.13999344 0.06469765
v 0.13805129 -0.11760876 0.07497079
v 0.13710812 -0.09671829 0.07183640
v 0.13688555 0.11130185 -0.03621654
v 0.13450256 0.12117492 -0.03618231
v 0.13538875 0.13827696 -0.04051640
v 0.14095479 0.14210542 -0.04514164
v 0.13707408 0.15391070 0.01778196
v 0.13423505 0.16000204 -0.05329321
v 0.13725285 0.16706309 0.01957726
v 0.12808922 0.24759726 0.01707046
v 0.13608918 0.27973533 -0.05394233
v 0.13709429 0.29101497 -0.03680778
v 0.13858144 0.29230979 -0.02933644
v 0.13670397 0.29792735 -0.01806020
v 0.13362041 0.30033898 -0.00412855
v 0.14424756 -0.49677473 0.04953557
v 0.13561606 -0.49362242 -0.03175908
v 0.13832806 -0.48480117 0.08931308
v 0.14100157 -0.48043689 -0.01718470
v 0.13624060 -0.46363997 -0.00469943
v 0.13940148 -0.46910524 -0.00495729
v 0.14171445 -0.46858403 0.01764645
v 0.13752918 -0.46528989 0.02410567
v 0.13854812 -0.35782316 -0.03268928
v 0.13945413 -0.35004130 -0.02996247
v 0.13624948 -0.33899519 -0.04960135
v 0.14073184 -0.32197475 -0.03826604
v 0.14012867 -0.32959163 -0.01156036
v 0.13901663 -0.31725577 -0.04209630
v 0.13879539 -0.30220512 -0.04369230
v 0.13946940 -0.28923965 -0.01487906
v 0.13716494 -0.28116700 -0.04162644
v 0.13979268 -0.27963486 -0.02810719
v 0.13778973 -0.27386507 -0.02259317
v 0.13314304 -0.15476207 0.05945786
v 0.14170671 -0.14762236 0.07594687
v 0.13708045 -0.10864609 0.07481663
v 0.13600011 0.08529108 -0.01536410
v 0.13761061 0.08537571 -0.02109049
v 0.14027916 0.09020779 0.00538694
v 0.14538813 0.12589550 0.00610542
v 0.13539436 0.12382887 -0.00013218
v 0.14601654 0.13252534 0.00936081
v 0.14060071 0.18121508 0.01788369
v 0.14343810 0.20629083 -0.06344608
v 0.12980938 0.20869023 0.02099315
v 0.13917767 0.22232316 0.00788565
v 0.13993229 0.23959869 0.00606113
v 0.14158472 0.24134581 -0.05587345
v 0.13601395 0.23580630 0.00856057
v 0.14259140 0.25726220 0.00706842
v 0.14089894 0.26055530 0.00926800
v 0.13774259 0.25576296 -0.05392734
v 0.13454473 0.26084104 -0.05892260
v 0.13909543 0.27238396 0.01032132
v 0.13883767 0.28263038 0.00727885
v 0.13730182 0.28426149 -0.04670395
v 0.13789625 0.29321322 -0.00064778
v 0.13759224 0.29755369 -0.01725228
v 0.14131255 -0.49561149 -0.00510112
v 0.14128870 -0.49603462 0.07640841
v 0.14092617 -0.48716390 -0.02064831
v 0.14241847 -0.47967586 -0.01185203
v 0.14800793 -0.48452225 0.00041616
v 0.13905194 -0.47318915 0.05893223
v 0.14142913 -0.47265911 0.05165407
v 0.14214739 -0.34175918 -0.03475931
v 0.14200608 -0.34828296 -0.02388597
v 0.14222087 -0.32267410 -0.02998313
v 0.14306064 -0.31281587 -0.01864382
v 0.14139432 -0.32420906 -0.01742183
v 0.14106584 -0.30412430 -0.03890125
v 0.14188394 -0.30430207 -0.01766059
v 0.14240293 -0.29711759 -0.02320854
v 0.14122817 -0.29585752 -0.01228672
v 0.13969953 -0.29343480 -0.00949845
v 0.14151829 -0.29212919 -0.03305123
v 0.14007206 -0.28238934 -0.02075581
v 0.14646068 -0.18716396 0.07344637
v 0.14055799 -0.17661344 0.07269585
v 0.14876111 -0.16948490 0.07727444
v 0.14673205 -0.15905961 0.07657801
v 0.14216737 -0.12019189 0.06776781
v 0.14115469 -0.11464769 0.06989552
v 0.14011754 -0.11425330 0.07096004
v 0.13969868 0.08352102 0.00324678
v 0.13879241 0.08510765 -0.02373593
v 0.14080192 0.08845837 -0.02937084
v 0.14197268 0.09931868 0.00631480
v 0.14839081 0.11650341 -0.04644428
v 0.14326119 0.12246779 -0.04373140
v 0.14048564 0.12647852 0.00405772
v 0.14293988 0.16087829 -0.05463786
v 0.14076935 0.16615583 -0.05670217
v 0.14184989 0.16733944 0.01939901
v 0.14308611 0.18636040 -0.06019647
v 0.14246884 0.21375529 0.01464945
v 0.13368522 0.25146902 -0.05978551
v 0.13793337 0.26281288 0.01268046
v 0.14395493 0.28042492 -0.00033264
v 0.14321993 0.28604996 -0.00457470
v 0.14355002 0.28150827 -0.03232571
v 0.14204621 0.28972274 -0.02056638
v 0.15083207 -0.49069843 0.07916581
v 0.13836409 -0.47813693 0.07648545
v 0.13921496 -0.48054910 0.08127441
v 0.14807467 -0.48147148 0.00284956
v 0.14245164 -0.46990129 0.00937804
v 0.14480747 -0.47188571 0.03719529
v 0.14275360 -0.33191383 -0.02305203
v 0.14235838 -0.30827826 -0.03075721
v 0.13888445 -0.18567893 0.06565081
v 0.14634037 -0.14217147 0.07370979
v 0.14203948 -0.12264192 0.07093465
v 0.14212462 0.07028054 -0.00795846
v 0.14437170 0.06745474 0.00199588
v 0.14360245 0.07619500 -0.02270335
v 0.14890184 0.09528021 0.01127030
v 0.13970868 0.13668987 -0.04306461
v 0.14413367 0.15217152 -0.05122205
v 0.14677194 0.17476441 -0.05807561
v 0.14852747 0.20520528 0.00820956
v 0.15283106 0.20803653 -0.05835058
v 0.13846987 0.23336406 -0.06131549
v 0.14139773 0.23552860 -0.05827703
v 0.14387941 0.23833141 0.00221207
v 0.14283362 0.24590309 0.00426599
v 0.14652273 0.24375032 -0.04877102
v 0.14240821 0.26200849 -0.04589294
v 0.14363250 0.27171397 -0.04031439
v 0.14542311 0.26664653 0.00290791
v 0.14087747 0.28023532 -0.04215574
v 0.14187239 0.28015226 -0.03829768
v 0.14585160 0.27889991 -0.02765214
v 0.14362320 0.28818110 -0.01384118
v 0.14670834 -0.48650897 0.08247215
v 0.15020739 -0.47703055 0.05095903
v 0.14514644 -0.47228289 0.01405212
v 0.14481808 -0.47305450 0.04531643
v 0.14698541 -0.47256723 0.02535234
v 0.14397155 -0.47050992 0.02831004
v 0.14550269 -0.18992205 0.06238675
v 0.14390482 -0.17388710 0.06164573
v 0.14423859 -0.15621532 0.06385374
v 0.14811613 -0.15782785 0.06563750
v 0.14617957 -0.14454086 0.07395854
v 0.14683959 -0.14186269 0.06836113
v 0.14831270 0.08657583 0.01167259
v 0.14993249 0.08566688 -0.03508756
v 0.13982125 0.09901951 -0.03415956
v 0.14900792 0.12019126 0.00721195
v 0.14316517 0.15383381 0.01790954
v 0.14811663 0.16675313 -0.05614416
v 0.14243749 0.18699844 0.01571343
v 0.14554322 0.18707743 0.01398183
v 0.14647493 0.20255037 0.00853032
v 0.14816697 0.21601531 -0.05618459
v 0.14951892 0.22171181 -0.00028995
v 0.14457217 0.24333794 -0.05161497
v 0.14898589 0.26410335 -0.00352159
v 0.14567524 0.27328101 -0.03494951
v 0.14586508 0.27302763 -0.00031366
v 0.14637943 0.28114584 -0.01912319
v 0.14733925 0.27981240 -0.01642923
v 0.15228996 -0.49645567 0.06735695
v 0.14842145 -0.48565888 0.00178975
v 0.15669079 -0.47980094 0.05470643
v 0.15557094 -0.20172532 0.06531028
v 0.14369299 -0.17378792 0.07524576
v 0.14581986 -0.16319969 0.06366237
v 0.14923117 -0.14546880 0.07201539
v 0.14894392 0.05931839 -0.01104108
v 0.14653198 0.06297024 -0.01149721
v 0.14733252 0.05995376 0.00009673
v 0.14939010 0.06380253 0.01033782
v 0.14537811 0.07770333 -0.02710635
v 0.14823189 0.07918136 -0.03068245
v 0.14515604 0.10891405 -0.04177201
v 0.14918587 0.17227326 0.01611856
v 0.15079059 0.19018391 0.00875175
v 0.14575070 0.21915530 0.00618820
v 0.14906067 0.24001867 -0.00376507
v 0.14863549 0.24882601 -0.00318693
v 0.14803123 0.25437799 -0.04006162
v 0.15035015 0.25034076 -0.00600743
v 0.14748211 0.26414469 -0.03694070
v 0.14908852 0.27221552 -0.00950888
v 0.14735468 0.27267528 -0.03134001
v 0.14823687 0.27514213 -0.01003485
v 0.15411599 -0.49636838 0.06055906
v 0.15103056 -0.48962104 0.00883442
v 0.14985453 -0.48021817 0.00900148
v 0.15113242 -0.47832727 0.06007548
v 0.14310847 -0.47475758 0.06255417
v 0.15140752 -0.47571978 0.04045434
v 0.14247504 -0.18247978 0.06062725
v 0.15310243 -0.15905967 0.06970543
v 0.14976089 -0.06911912 0.05971410
v 0.14720240 -0.07346390 0.05365806
v 0.15105008 -0.05040049 0.04622872
v 0.14984848 -0.04290722 0.05110490
v 0.15592237 0.06662194 -0.02724610
v 0.14496341 0.07481910 0.00768788
v 0.14692686 0.08496942 -0.03298172
v 0.15186583 0.11334962 -0.04730025
v 0.15176259 0.13305962 0.00923453
v 0.15201913 0.14150482 -0.04863743
v 0.15855381 0.14701846 0.00924743
v 0.14646228 0.15273851 0.01660309
v 0.14715485 0.19967081 -0.05793710
v 0.15124233 0.21794719 -0.05159930
v 0.14932974 0.23239943 -0.00254582
v 0.15255466 0.23624226 -0.04251689
v 0.15192017 0.25071821 -0.03382936
v 0.15478073 0.24893828 -0.01904233
v 0.15310560 0.25757393 -0.01591010
v 0.15051873 0.26543280 -0.02919174
v 0.15006298 0.27069405 -0.02063051
v 0.15510532 -0.49415335 0.02525090
v 0.15726812 -0.48856536 0.02180679
v 0.15206847 -0.48678657 0.07472258
v 0.15431118 -0.47989586 0.02275444
v 0.15200754 -0.47614655 0.02878045
v 0.15306492 -0.47656712 0.03452387
v 0.15408270 -0.19829597 0.07340164
v 0.15417044 -0.18249966 0.06488515
v 0.15464140 -0.16629088 0.07487369
v 0.15533167 -0.16427964 0.07143567
v 0.15198976 -0.15672143 0.07338900
v 0.15131044 -0.07521302 0.04510046
v 0.15229571 -0.04890818 0.05867549
v 0.15121070 -0.03132025 0.04646244
v 0.15040161 -0.02879633 0.04439747
v 0.15518369 -0.02191140 0.05400486
v 0.15306492 -0.02478797 0.05132627
v 0.15106514 0.05198870 -0.00116477
v 0.15376480 0.05321189 0.01316516
v 0.15318263 0.06224603 -0.02136531
v 0.15364103 0.06758981 0.01583945
v 0.15285435 0.09311824 -0.03882419
v 0.15080567 0.10249574 -0.04208977
v 0.15175752 0.10556686 0.01159564
v 0.15350880 0.17299226 0.01251267
v 0.14321361 0.19872898 -0.06043368
v 0.15384074 0.19150528 0.00506862
v 0.15071933 0.20347184 0.00440573
v 0.15183535 0.21340097 0.00868712
v 0.15245090 0.21870168 0.00129961
v 0.15513825 0.22127581 -0.04380201
v 0.15177056 0.23102814 -0.00612227
v 0.15378687 0.23480022 -0.01113481
v 0.15399019 0.24998353 -0.01693257
v 0.15090008 0.26649821 -0.01326527
v 0.15493698 -0.48244917 0.06449293
v 0.15819563 -0.48575872 0.02548088
v 0.15877573 -0.47988632 0.04020872
v 0.15952890 -0.18263286 0.07606866
v 0.15707378 -0.17146866 0.06897423
v 0.15309775 -0.10443801 0.05105688
v 0.15227403 -0.09987265 0.04680716
v 0.15562411 -0.09332976 0.05175885
v 0.15554512 -0.07998986 0.04996015
v 0.15574047 -0.07237128 0.06152782
v 0.15386416 -0.04048740 0.04290943
v 0.15781859 -0.03493609 0.05938100
v 0.15353435 -0.03070728 0.05522134
v 0.15285394 0.05041218 0.00814559
v 0.15200576 0.05512866 -0.01149903
v 0.15607065 0.05883845 -0.02072338
v 0.15581034 0.08207653 -0.03613556
v 0.15387179 0.08660412 0.01608798
v 0.15812747 0.10060337 0.01853743
v 0.15818025 0.12047933 0.01453947
v 0.15621452 0.12465836 0.01234670
v 0.15514140 0.15934598 0.01283579
v 0.15442896 0.16428275 0.01368184
v 0.15752445 0.19023652 0.00097533
v 0.15603510 0.20368966 -0.00242057
v 0.15572147 0.22076991 -0.04200637
v 0.15758672 0.22241768 -0.01542332
v 0.15466952 0.24157338 -0.01753493
v 0.15539952 0.23843212 -0.02973427
v 0.15312962 0.25893712 -0.02351607
v 0.15707263 -0.49683115 0.04088321
v 0.15542828 -0.49480516 0.05131219
v 0.16035984 -0.48454908 0.05842159
v 0.15490414 -0.18530071 0.07674430
v 0.16118827 -0.19423369 0.06643898
v 0.15683548 -0.17009538 0.07432186
v 0.15680146 -0.01420915 0.03298287
v 0.15538745 0.04380137 0.00836221
v 0.15744187 0.04596071 -0.00864614
v 0.15625797 0.04803031 0.01539244
v 0.16140063 0.04134123 -0.00893056
v 0.15719242 0.06503121 0.01985171
v 0.15908948 0.07913030 0.02206323
v 0.15702052 0.08442821 0.01951801
v 0.16142787 0.09519041 -0.04215301
v 0.16365236 0.09924015 0.02295092
v 0.15871994 0.13913958 0.01008753
v 0.16250256 0.15697931 0.00625660
v 0.15841572 0.17778024 0.00510656
v 0.15067725 0.19987854 -0.05531947
v 0.15386911 0.20128393 -0.05235005
v 0.16210212 0.21548350 -0.00631415
v 0.15789084 0.22211522 -0.03424979
v 0.15897714 0.22254343 -0.02455961
v 0.15742131 0.23025553 -0.02568418
v 0.15831901 -0.49492329 0.03236259
v 0.15845963 -0.49375719 0.06213423
v 0.16007070 -0.49009639 0.03168262
v 0.16155750 -0.48464215 0.03652153
v 0.15989193 -0.48106214 0.04135089
v 0.16095190 -0.20277932 0.07171910
v 0.16213478 -0.18428813 0.07128608
v 0.15498447 -0.09744834 0.03458542
v 0.15952151 -0.09000171 0.03246452
v 0.15460464 -0.02652032 0.03496720
v 0.15547818 -0.01270106 0.03918093
v 0.15996456 -0.01599433 0.05432577
v 0.15793329 0.03990316 0.01449268
v 0.16971110 0.04537361 -0.01771436
v 0.15979627 0.06064430 0.02326574
v 0.16197594 0.07352918 0.02546241
v 0.15935102 0.07967389 -0.03608606
v 0.16131037 0.11530903 0.01758764
v 0.15623592 0.12240303 -0.04999838
v 0.15658569 0.14669748 -0.04849347
v 0.15787561 0.16171548 -0.05122447
v 0.15921718 0.16933377 0.00686269
v 0.16007616 0.19544387 -0.00535435
v 0.16040777 0.20955716 -0.00478930
v 0.15715146 0.21376988 0.00270812
v 0.16256060 0.21782027 -0.03546583
v 0.15598448 0.22168092 -0.00989171
v 0.16326694 -0.49024278 0.04532430
v 0.16252026 -0.48394519 0.04262125
v 0.16390307 -0.48582616 0.05186648
v 0.16273591 -0.18860503 0.07119582
v 0.15870172 -0.09305746 0.02504400
v 0.15843442 -0.09865293 0.03908673
v 0.16108479 -0.09165785 0.02410324
v 0.16223879 -0.07703951 0.05184925
v 0.15927236 -0.07071014 0.06013691
v 0.15794139 -0.03583365 0.03632198
v 0.15949893 -0.01078640 0.02835970
v 0.15686873 0.04115894 0.00101275
v 0.16166358 0.04009049 0.02394702
v 0.16628477 0.03520317 -0.00748433
v 0.16306821 0.04480334 0.02719398
v 0.16171356 0.05976596 0.02603989
v 0.16656354 0.06346646 -0.02878127
v 0.16881782 0.09136108 -0.04123152
v 0.16543138 0.09462783 0.02439564
v 0.16293402 0.09800989 0.02242003
v 0.16430578 0.12738688 0.01571161
v 0.16264115 0.13882862 0.01101894
v 0.15739727 0.16765137 -0.05272866
v 0.16132830 0.17300566 0.00255107
v 0.16102025 0.17341094 -0.04940779
v 0.16136965 0.18179186 -0.04729742
v 0.16063811 0.21021521 -0.04910532
v 0.16157311 0.20428935 -0.01274965
v 0.16261755 0.21692224 -0.01178842
v 0.16396783 0.21759132 -0.02253511
v 0.16628818 -0.10442919 0.05530094
v 0.16769974 -0.09540933 0.01558034
v 0.16020386 -0.10129176 0.05691415
v 0.16265067 -0.08823565 0.01192416
v 0.16398220 -0.08122610 0.01904943
v 0.16466236 -0.07649962 0.00575524
v 0.16828214 -0.05847898 0.05412410
v 0.15963495 -0.06160890 0.04206856
v 0.16261728 -0.05516293 0.06082260
v 0.16047478 -0.03908328 0.06069894
v 0.16373229 -0.02699094 0.05950363
v 0.16427310 -0.02378647 0.02619448
v 0.16671711 -0.00729201 0.01993030
v 0.15914054 -0.00581049 0.04053571
v 0.16057481 0.03455793 0.00209836
v 0.16673928 0.04806919 0.03161471
v 0.16510430 0.05618873 -0.02339806
v 0.16325545 0.05877502 0.02787984
v 0.16550007 0.07492594 -0.03511726
v 0.16023803 0.10612040 -0.04682119
v 0.15866195 0.14122118 -0.04769633
v 0.16858330 0.14743310 0.00746645
v 0.16529423 0.15242256 0.00598185
v 0.16366102 0.15086912 -0.04476101
v 0.16465211 0.16788450 -0.04615188
v 0.16436166 0.16641104 0.00060536
v 0.16287360 0.17986844 -0.00269918
v 0.16430283 0.18474261 -0.04225253
v 0.16401921 0.18914606 -0.00919132
v 0.16109069 0.20359664 -0.04179423
v 0.16393331 0.20473798 -0.01905102
v 0.16346411 0.21493536 -0.04036034
v 0.16574015 0.21518458 -0.03280544
v 0.16601324 -0.10298221 0.03819982
v 0.16788852 -0.08084382 0.05624783
v 0.16613686 -0.08292483 -0.00049595
v 0.16284405 -0.07265408 0.04733992
v 0.17007650 -0.05437109 0.04752240
v 0.16677660 0.00891418 0.03199509
v 0.16423677 0.02635268 0.00569503
v 0.16390739 0.02458646 0.01800382
v 0.16859555 0.02319062 0.03751157
v 0.16192983 0.03227732 0.02148650
v 0.16797781 0.06656852 0.03026982
v 0.16315208 0.11695877 0.01811678
v 0.16326502 0.14463662 -0.04438376
v 0.16585670 0.16070718 0.00154055
v 0.16717553 0.15663122 -0.04146408
v 0.16821517 0.17131816 -0.00819375
v 0.16511707 0.18541187 -0.00932209
v 0.16696067 0.18769771 -0.01482096
v 0.16506830 0.20484744 -0.02462789
v 0.16418731 0.20480251 -0.03458645
v 0.16612512 0.21452680 -0.02164344
v 0.16352114 -0.10911732 0.04606523
v 0.18303828 -0.06817356 0.01776567
v 0.17041673 -0.04660063 0.05522023
v 0.16505273 -0.04527204 0.04142057
v 0.16767883 -0.01885807 0.02027906
v 0.17350908 0.00395359 0.04667662
v 0.16794436 0.00704211 0.02533396
v 0.16889562 0.00938790 0.02004475
v 0.16790614 0.01759491 0.00893928
v 0.16499089 0.03109825 -0.00182646
v 0.16718477 0.03690496 0.03347949
v 0.16989137 0.08168040 0.02792797
v 0.16624969 0.14161095 -0.04227914
v 0.16905433 0.16311279 -0.00389767
v 0.16730309 0.16768600 -0.04236478
v 0.16757342 0.17894384 -0.01069979
v 0.17088360 0.18226956 -0.02322914
v 0.17067628 0.18383768 -0.02909634
v 0.16625243 0.19166715 -0.01585389
v 0.16863838 0.19039021 -0.02433001
v 0.16972521 -0.08059136 0.04935058
v 0.17232305 -0.07932954 0.06166165
v 0.17144002 -0.06069063 0.05276351
v 0.17112999 -0.02131362 0.00814324
v 0.17471811 -0.02909024 0.05849997
v 0.17041537 -0.00218985 0.01271557
v 0.16977532 0.00556179 0.01746347
v 0.16739576 0.00546491 0.03858703
v 0.17274047 0.01163897 0.04265407
v 0.16991723 0.02039245 0.00200184
v 0.17197490 0.03871884 -0.01333330
v 0.17097048 0.04577540 0.03437839
v 0.17225081 0.09603918 0.02562172
v 0.17256966 0.10784069 -0.04325503
v 0.17522244 0.10250134 0.02450912
v 0.16587937 0.11349509 -0.04781519
v 0.17553753 0.10985537 0.02306351
v 0.17291489 0.15382774 0.00033894
v 0.17234151 0.16579533 -0.01400576
v 0.16954373 0.16796757 -0.03842201
v 0.17052905 0.18077359 -0.03113394
v 0.16608605 -0.10533061 0.02964719
v 0.17554307 -0.09679066 0.05569846
v 0.16912149 -0.08870660 0.04040173
v 0.16911460 -0.08401366 0.02537917
v 0.17133683 -0.07248121 0.05881767
v 0.17460051 -0.05873961 0.04528168
v 0.17007825 -0.04714682 0.04266654
v 0.16859414 -0.03974154 0.03123724
v 0.17001995 -0.03935484 0.02981355
v 0.17183250 -0.02807796 0.02181128
v 0.17084572 -0.02392168 0.01533303
v 0.17469563 -0.01936383 0.00259168
v 0.17487082 0.02725273 -0.00692317
v 0.17414823 0.05587050 0.03359999
v 0.17448859 0.09258885 0.02660179
v 0.17456421 0.09901620 0.02508590
v 0.17287312 0.12515162 -0.04266445
v 0.16920200 0.14062569 -0.03927790
v 0.17199288 0.13990904 -0.03559428
v 0.17875190 0.13121706 0.01309800
v 0.17642006 0.15286610 -0.01849644
v 0.17282178 0.16237590 -0.01177400
v 0.17398041 0.16140723 -0.01811005
v 0.17320476 0.16547051 -0.02610508
v 0.17209019 0.17036942 -0.01826296
v 0.17527863 -0.08030760 0.03985129
v 0.17864875 -0.06818607 0.04059871
v 0.17865987 -0.04866629 0.06260946
v 0.17562379 -0.04949373 0.03401380
v 0.17581661 -0.03807609 0.01808564
v 0.16575813 -0.01981591 0.05810890
v 0.17522627 0.01816420 -0.00152383
v 0.17892021 0.00869718 0.04591376
v 0.17546940 0.03529096 -0.01193064
v 0.17445853 0.03776083 0.03725816
v 0.17761791 0.07438041 0.02994793
v 0.16799313 0.12213887 -0.04681029
v 0.17423816 0.14071420 -0.03101779
v 0.17580080 0.14496656 0.00558267
v 0.17532350 0.15607601 -0.00823116
v 0.17472109 0.15744676 -0.02243726
v 0.17887361 -0.07551490 0.06507799
v 0.17842785 -0.07957330 0.00057644
v 0.17538890 -0.08015138 0.02835066
v 0.18249755 -0.06616842 0.00812709
v 0.17837662 -0.06297049 0.04169599
v 0.17942777 -0.04874800 0.02020185
v 0.17651659 -0.04210311 0.05960322
v 0.18203861 -0.02352380 0.05590329
v 0.17174952 -0.01249983 0.00692935
v 0.17207170 0.00419125 0.01036725
v 0.17613505 -0.00203538 0.05083015
v 0.17853405 0.00320529 0.00251830
v 0.18257712 0.01024108 -0.00149024
v 0.17976177 0.02672734 0.04089566
v 0.18076049 0.03845499 -0.01376959
v 0.17387234 0.09560744 -0.03980738
v 0.17941588 0.10215153 -0.03733627
v 0.17821507 0.12487146 -0.03627003
v 0.17789845 0.12141715 0.01819890
v 0.17793958 0.13121364 -0.03203807
v 0.17162882 0.14062852 0.01076722
v 0.17971173 0.14712216 -0.00196198
v 0.17694369 0.15391569 -0.01222759
v 0.18173821 -0.09647112 0.02966754
v 0.17706536 -0.09967596 0.04970522
v 0.18328570 -0.08859562 0.01934182
v 0.18863949 -0.07984913 0.05598148
v 0.17544119 -0.08607452 0.06333132
v 0.16786042 -0.08859432 0.00953637
v 0.17885922 -0.07300071 0.03163705
v 0.17681822 -0.07403854 0.01960024
v 0.18097045 -0.06141493 0.03274116
v 0.17912370 -0.06431103 0.03898648
v 0.17749892 -0.06433565 0.06317981
v 0.18046455 -0.05405360 0.03009349
v 0.17964235 -0.04270977 0.01001841
v 0.17465892 -0.02646779 0.00528114
v 0.17523737 -0.02970958 0.05866617
v 0.18383525 -0.03244354 0.05804440
v 0.18432237 -0.01505425 -0.00283358
v 0.18636185 -0.00716221 -0.00176092
v 0.18424068 0.00296033 0.04709293
v 0.18806304 0.01953013 -0.00455512
v 0.18429871 0.03301847 0.03786634
v 0.18366328 0.07249147 0.02859488
v 0.18187375 0.07834934 -0.03035251
v 0.18151027 0.10527679 0.02194407
v 0.17791295 0.14719567 -0.01860341
v 0.18407820 0.13859381 0.00129046
v 0.18130504 0.13562076 -0.02113589
v 0.18242709 -0.09630790 0.03362120
v 0.18078046 -0.09284479 0.04207891
v 0.18420649 -0.09187812 0.02484441
v 0.18331078 -0.08206352 0.06074102
v 0.18226273 -0.05753146 0.02524810
v 0.18359005 -0.05636425 0.02155666
v 0.18143684 -0.05669575 0.02922070
v 0.18607408 -0.05284227 0.06521209
v 0.17637536 -0.05581221 0.06173143
v 0.18334587 -0.04977545 0.00876921
v 0.18728225 -0.04443618 0.06196415
v 0.18247245 -0.03660375 0.00092084
v 0.18898430 -0.04050906 -0.00065301
v 0.18477198 0.00143572 0.04757951
v 0.17853218 0.03529319 0.03870119
v 0.18501480 0.03881032 -0.01247384
v 0.18081915 0.05403553 0.03368888
v 0.17576294 0.06823671 -0.02978891
v 0.18244968 0.11683068 -0.03412856
v 0.18276826 0.13562627 -0.01759618
v 0.18110836 -0.07545372 0.00120432
v 0.18881474 -0.06443088 0.00300630
v 0.19012630 -0.03007406 -0.00192798
v 0.18377137 -0.00629714 0.05024311
v 0.18263070 0.06986224 -0.02695250
v 0.18837558 0.06401299 -0.01996605
v 0.18622801 0.06246249 0.02930376
v 0.18365797 0.08506866 0.02594758
v 0.18248758 0.09668531 0.02364762
v 0.18136138 0.10038792 -0.03555381
v 0.18122153 0.11046784 -0.03689679
v 0.18072033 0.11056699 0.02094870
v 0.18586911 0.11297727 -0.02975104
v 0.18415500 0.12362398 0.01307213
v 0.18465449 0.12165795 -0.02643016
v 0.18217599 0.13689242 0.00595866
v 0.18641914 0.13376972 -0.00095930
v 0.18505111 0.13704582 -0.00914041
v 0.18103306 0.14504501 -0.01309150
v 0.18477266 0.13777357 -0.00199423
v 0.18493122 -0.09166854 0.03815285
v 0.18884331 -0.07731267 0.05857383
v 0.18454355 -0.06363320 0.06455140
v 0.18568772 -0.06260826 0.01197636
v 0.18885100 -0.05841310 0.00510940
v 0.18838465 -0.05551041 0.00563187
v 0.18923788 -0.03815984 0.05746834
v 0.18758906 -0.02603879 0.05358980
v 0.19009262 0.02663938 -0.00526598
v 0.18828025 0.03295969 0.03502452
v 0.18695389 0.04100238 0.03405944
v 0.18681861 0.05269641 0.03096087
v 0.18722609 0.05691835 -0.01792605
v 0.18763481 0.08508877 -0.02658783
v 0.18578252 0.10035969 0.02036304
v 0.18730482 0.11675337 -0.02340116
v 0.18594603 0.12739944 0.00792075
v 0.19720677 -0.08105890 0.03083801
v 0.19003764 -0.07888313 0.00394078
v 0.18893057 -0.08117174 0.04726467
v 0.18970510 -0.06866632 0.06051441
v 0.19264096 -0.05931902 0.05948258
v 0.18883400 -0.05857863 0.06346323
v 0.18922366 -0.04896387 0.00157542
v 0.19084024 -0.00000284 0.00002409
v 0.18488076 0.01934910 0.04245245
v 0.19321549 0.03400857 0.02953329
v 0.18861094 0.05704826 -0.01672691
v 0.18907619 0.07596403 0.02341023
v 0.19255497 0.07480777 -0.01790680
v 0.19040881 0.08701874 0.01878509
v 0.18998198 0.10253662 0.01395741
v 0.18770522 0.12904489 -0.00767036
v 0.18997726 0.12120613 -0.00061964
v 0.18779095 0.12220416 0.00847002
v 0.18886463 0.12565547 0.00095667
v 0.18923944 -0.09089887 0.03277109
v 0.19231896 -0.07977904 0.00960485
v 0.19303238 -0.02752800 0.04825613
v 0.19041911 -0.01874184 0.04885937
v 0.19115311 0.01633366 0.03916046
v 0.18707228 0.03318894 -0.00925755
v 0.19024967 0.09527299 -0.02495972
v 0.19245698 0.10140862 -0.01805570
v 0.19018443 0.11834823 0.00444563
v 0.19054049 0.10315125 -0.02427404
v 0.19503327 -0.08339037 0.02577654
v 0.18939428 -0.08094509 0.01756270
v 0.19401516 -0.07596405 0.04375580
v 0.19315153 -0.07094071 0.05041677
v 0.19491196 -0.05377486 0.05820502
v 0.19287519 -0.04806962 0.05972819
v 0.19245274 0.00212140 0.04064770
v 0.19416812 0.01969535 0.03421682
v 0.19451176 0.04897663 0.02198185
v 0.19478071 0.05257225 0.02016253
v 0.19149007 0.06713548 0.02246203
v 0.19390482 0.06263684 0.01913423
v 0.19346368 0.06665263 -0.01371705
v 0.19395511 0.07043734 0.01739643
v 0.19350092 0.08778042 0.01192713
v 0.19306748 0.10466165 0.00167391
v 0.19238438 0.09181628 0.01301340
v 0.19103454 0.11106024 0.00707455
v 0.19317678 0.09977072 -0.01570911
v 0.19210242 0.10963092 0.00159611
v 0.19032426 0.11976719 -0.00373827
v 0.19894327 -0.07103498 0.01138598
v 0.19861178 -0.06624219 0.01965346
v 0.19983037 -0.06516610 0.03553274
v 0.19461128 -0.06274855 0.04975542
v 0.19691214 -0.03888173 0.04746829
v 0.19615433 -0.02598877 0.04216890
v 0.19282460 -0.00487456 0.00067955
v 0.19697160 -0.00738900 0.03749767
v 0.19619085 -0.00237423 0.03772845
v 0.19848239 0.01308588 0.02883547
v 0.19579558 0.03659491 0.02355782
v 0.19693665 0.04592637 0.01644241
v 0.19372337 0.04011130 -0.00537873
v 0.19458723 0.04375442 -0.00532501
v 0.19304022 0.04538915 0.02584955
v 0.19598432 0.04656194 -0.00325875
v 0.19665343 0.05516728 0.01353693
v 0.19794030 0.05282770 0.00694940
v 0.19501552 0.07282810 0.01313105
v 0.19732754 0.07241642 -0.00076535
v 0.19692013 0.06763238 -0.00528873
v 0.19763656 0.06462788 0.00449310
v 0.19604829 0.08284561 -0.00758238
v 0.19544080 0.08546375 0.00518439
v 0.19396396 0.09343836 -0.01661133
v 0.19785495 -0.06872342 0.00582624
v 0.20317423 -0.05467206 0.04288075
v 0.19704631 -0.05839897 0.04881066
v 0.19271782 -0.04921350 0.00083913
v 0.20040709 -0.05250582 0.00323669
v 0.19776593 -0.02249517 0.03806037
v 0.20164250 -0.01139280 0.02776863
v 0.19672899 -0.00577047 0.00359576
v 0.19817644 0.02435606 0.02317189
v 0.19853333 0.03221726 0.01156982
v 0.19643062 0.02754316 0.00100340
v 0.19720282 0.03296660 0.02277033
v 0.19665653 0.07765228 -0.00218805
v 0.20000502 -0.07262570 0.02745184
v 0.19772042 -0.06475154 0.00414482
v 0.20226814 -0.04585304 0.00488496
v 0.20124662 -0.05184968 0.04601698
v 0.19753434 -0.02874262 0.00163035
v 0.19871624 -0.03616634 0.04135089
v 0.20297740 -0.04262903 0.03296651
v 0.20274997 -0.03431148 0.00846163
v 0.19903640 -0.02203957 0.00403633
v 0.20059706 -0.01337481 0.00963508
v 0.20029250 -0.00916811 0.03104319
v 0.20153165 0.00720260 0.00767352
v 0.19944683 -0.00137282 0.03110480
v 0.20150755 0.00145202 0.02280320
v 0.20213740 0.00876521 0.01177271
v 0.19630001 0.01929230 -0.00005219
v 0.19861358 0.02527685 0.00721579
v 0.19871554 0.02755252 0.01404281
v 0.20268328 -0.04960668 0.04196765
v 0.20236349 -0.02444157 0.02175765
v 0.20275658 -0.03316171 0.02708520
v 0.20120873 -0.01862091 0.02708620
v 0.20155200 -0.00961563 0.01308913
v 0.20251045 0.00648953 0.01372045
v 0.20417239 -0.06203380 0.02936280
v 0.20663968 -0.05834400 0.00803071
v 0.20625985 -0.05050972 0.01157653
v 0.20347865 -0.04593397 0.02257084
v 0.20603572 -0.05208872 0.03313627
v 0.20440565 -0.04654966 0.03110698
v 0.20352158 -0.03858574 0.02020263
v 0.20448917 -0.04088232 0.01230895
v 0.20595138 -0.06071897 0.01280913
v 0.20666789 -0.05628374 0.01640813
v 0.20495833 -0.05762727 0.02237799
v 0.20618884 -0.05209605 0.01631848
f 3 1 17
f 2 1 3
f 2 4 1
f 1 4 9
f 1 7 17
f 1 6 7
f 3 23 11
f 15 1 8
f 3 11 10
f 8 1 9
f 2 3 10
f 4 2 10
f 10 12 4
f 13 4 12
f 13 14 4
f 14 9 4
f 5 1 15
f 6 1 5
f 23 3 17
f 17 7 6
f 11 25 18
f 11 18 12
f 11 12 10
f 76 9 14
f 12 26 13
f 13 26 14
f 19 14 26
f 19 20 14
f 35 14 28
f 14 21 28
f 21 14 20
f 20 19 21
f 16 17 6
f 22 6 5
f 16 23 17
f 8 9 76
f 26 12 47
f 76 14 35
f 19 26 27
f 27 36 19
f 36 29 19
f 19 29 21
f 21 30 37
f 29 30 21
f 31 40 30
f 5 15 32
f 6 32 44
f 5 32 22
f 6 22 32
f 16 24 23
f 15 8 62
f 54 11 24
f 11 54 25
f 34 25 54
f 25 12 18
f 35 28 91
f 38 36 27
f 28 21 37
f 36 38 29
f 37 30 49
f 29 39 30
f 49 30 40
f 29 41 39
f 39 52 30
f 31 30 52
f 31 50 40
f 31 42 50
f 31 52 42
f 50 42 53
f 52 43 42
f 16 6 44
f 32 15 73
f 11 23 24
f 8 33 62
f 34 45 25
f 8 76 90
f 112 25 45
f 55 25 112
f 12 25 47
f 47 25 55
f 76 35 46
f 47 48 26
f 48 47 64
f 26 48 27
f 27 63 38
f 49 40 57
f 41 29 66
f 40 50 57
f 66 39 41
f 52 39 51
f 42 58 53
f 84 52 51
f 59 43 52
f 84 59 52
f 43 59 42
f 59 58 42
f 44 126 16
f 16 108 24
f 54 24 108
f 33 8 90
f 91 46 35
f 48 64 27
f 28 37 91
f 37 49 56
f 38 63 29
f 117 29 63
f 29 117 79
f 56 49 65
f 49 57 65
f 79 66 29
f 57 50 67
f 50 53 67
f 39 66 51
f 67 53 81
f 80 84 51
f 58 70 53
f 53 70 81
f 59 70 58
f 126 44 99
f 32 73 44
f 86 60 108
f 60 54 108
f 15 62 61
f 47 55 77
f 47 77 64
f 27 64 63
f 65 57 67
f 94 67 81
f 80 51 66
f 84 80 69
f 84 69 68
f 84 68 83
f 95 70 59
f 59 71 95
f 84 71 59
f 16 126 85
f 85 108 16
f 73 15 74
f 60 86 54
f 54 87 34
f 62 33 90
f 34 112 45
f 77 63 64
f 91 37 115
f 37 56 115
f 114 63 93
f 56 78 115
f 65 78 56
f 94 81 105
f 66 122 80
f 69 80 68
f 81 70 82
f 83 169 84
f 97 71 84
f 71 96 95
f 44 73 72
f 72 73 74
f 86 87 54
f 75 61 62
f 111 88 75
f 62 89 75
f 89 62 129
f 90 76 46
f 114 132 63
f 63 132 117
f 67 118 65
f 94 118 67
f 79 103 66
f 66 104 122
f 122 68 80
f 105 81 123
f 81 82 123
f 82 70 123
f 70 95 123
f 97 84 169
f 99 44 157
f 85 126 107
f 107 108 85
f 141 142 86
f 127 15 61
f 61 75 127
f 88 127 75
f 110 88 111
f 89 111 75
f 62 90 129
f 46 91 147
f 55 92 77
f 148 91 101
f 113 101 91
f 77 149 63
f 91 115 113
f 195 78 65
f 65 118 195
f 94 120 102
f 104 66 103
f 120 94 105
f 123 121 105
f 68 106 83
f 83 106 169
f 95 96 123
f 125 71 97
f 108 141 86
f 158 44 72
f 74 15 127
f 110 202 88
f 86 160 87
f 89 129 111
f 46 147 90
f 112 92 55
f 91 148 147
f 101 113 115
f 93 63 149
f 78 195 180
f 117 119 79
f 79 119 103
f 104 154 122
f 68 122 154
f 123 96 124
f 125 96 71
f 172 99 157
f 99 98 126
f 44 158 157
f 108 107 141
f 74 127 159
f 187 88 143
f 202 143 88
f 109 202 110
f 187 127 88
f 188 109 110
f 112 87 100
f 34 87 112
f 164 129 90
f 115 178 101
f 115 78 133
f 193 117 132
f 94 195 118
f 94 102 195
f 120 134 102
f 135 136 137
f 135 137 134
f 135 134 105
f 105 134 120
f 138 136 135
f 182 136 138
f 135 105 138
f 103 119 104
f 105 182 138
f 105 121 182
f 154 106 68
f 121 123 183
f 124 140 123
f 96 140 124
f 96 156 140
f 125 156 96
f 107 126 98
f 72 74 158
f 142 160 86
f 100 145 112
f 110 111 176
f 145 146 112
f 112 146 130
f 111 129 164
f 177 128 111
f 112 130 92
f 148 164 147
f 92 189 77
f 149 77 189
f 114 93 132
f 193 116 117
f 78 180 133
f 151 152 153
f 151 153 150
f 151 150 134
f 134 150 102
f 137 152 151
f 137 136 152
f 136 182 152
f 134 137 151
f 119 167 104
f 167 154 104
f 123 170 183
f 97 169 139
f 123 140 170
f 125 140 156
f 281 98 99
f 107 98 201
f 141 107 247
f 141 174 142
f 109 173 202
f 175 173 109
f 162 175 109
f 160 100 87
f 100 162 144
f 144 145 100
f 188 110 176
f 221 111 128
f 111 164 163
f 111 163 177
f 90 147 164
f 101 164 148
f 131 190 149
f 149 190 93
f 117 116 194
f 194 196 117
f 117 196 119
f 102 150 181
f 153 166 181
f 152 166 153
f 181 150 153
f 152 182 166
f 119 196 167
f 121 197 182
f 121 212 197
f 121 183 212
f 183 255 212
f 154 168 106
f 169 106 168
f 139 320 97
f 140 155 170
f 97 213 125
f 140 171 155
f 185 140 125
f 185 171 140
f 281 99 172
f 202 187 143
f 174 100 160
f 142 174 160
f 174 175 100
f 100 175 162
f 162 109 161
f 109 188 161
f 161 145 162
f 162 145 144
f 145 220 146
f 111 283 176
f 111 221 283
f 177 163 164
f 92 130 189
f 165 177 164
f 101 165 164
f 101 178 165
f 93 190 132
f 133 179 115
f 194 116 193
f 166 182 181
f 167 211 154
f 183 170 255
f 155 171 184
f 171 185 216
f 200 171 216
f 107 201 244
f 107 244 247
f 157 158 172
f 202 229 203
f 202 203 187
f 187 159 127
f 175 162 219
f 175 219 162
f 162 219 161
f 161 188 162
f 162 188 265
f 176 283 188
f 128 177 221
f 189 131 149
f 131 189 190
f 190 191 192
f 193 190 192
f 132 190 193
f 252 208 178
f 178 115 252
f 102 181 195
f 167 196 211
f 154 198 168
f 139 169 168
f 170 302 255
f 170 155 302
f 97 320 213
f 184 171 199
f 171 200 199
f 199 200 216
f 201 98 281
f 159 186 74
f 74 186 203
f 203 186 187
f 187 186 159
f 204 145 161
f 265 188 283
f 220 205 146
f 146 205 130
f 130 206 189
f 177 165 248
f 178 248 165
f 191 248 178
f 190 248 191
f 208 191 178
f 192 191 193
f 193 191 208
f 252 115 179
f 179 133 180
f 195 181 223
f 181 182 272
f 196 210 211
f 301 197 212
f 155 184 302
f 184 274 302
f 185 125 213
f 184 199 234
f 274 184 234
f 185 226 216
f 216 226 214
f 199 216 227
f 216 238 227
f 203 158 74
f 141 247 174
f 175 218 173
f 174 247 218
f 174 218 175
f 219 162 296
f 162 265 296
f 219 204 161
f 205 285 130
f 248 189 232
f 189 248 190
f 251 208 252
f 208 222 193
f 193 222 209
f 209 194 193
f 269 196 194
f 253 195 223
f 196 224 210
f 182 197 272
f 211 210 225
f 211 198 154
f 233 139 168
f 342 255 302
f 139 233 403
f 139 403 320
f 213 226 185
f 305 234 199
f 199 215 305
f 216 214 238
f 199 227 215
f 217 291 227
f 238 217 227
f 258 217 238
f 291 217 259
f 239 217 258
f 217 239 259
f 241 261 240
f 246 173 245
f 158 203 229
f 173 229 202
f 173 218 247
f 219 296 204
f 204 266 145
f 265 283 316
f 220 285 205
f 221 177 248
f 130 231 206
f 206 207 189
f 267 232 189
f 207 267 189
f 208 251 222
f 179 180 319
f 195 253 180
f 196 269 224
f 224 254 210
f 197 301 272
f 233 168 288
f 212 255 301
f 257 226 235
f 257 214 226
f 237 238 214
f 227 291 215
f 242 294 241
f 278 262 241
f 241 243 261
f 262 243 241
f 280 244 201
f 263 172 158
f 281 172 263
f 246 263 158
f 158 229 246
f 173 246 229
f 264 247 280
f 145 266 220
f 221 248 230
f 206 231 207
f 231 267 207
f 232 249 248
f 267 249 232
f 252 250 251
f 222 251 209
f 319 252 179
f 254 224 269
f 211 225 198
f 213 320 226
f 305 274 234
f 214 257 237
f 237 257 238
f 215 291 236
f 238 257 258
f 258 257 290
f 240 228 241
f 241 228 260
f 241 260 368
f 240 261 352
f 278 241 294
f 201 281 245
f 201 245 279
f 244 280 247
f 264 173 247
f 297 266 204
f 266 297 220
f 221 316 283
f 221 230 298
f 285 231 130
f 230 248 286
f 286 248 249
f 251 250 209
f 252 319 300
f 209 250 252
f 268 209 252
f 209 268 194
f 268 269 194
f 270 254 269
f 223 181 272
f 342 302 274
f 320 322 226
f 274 305 321
f 226 322 235
f 257 235 306
f 215 256 305
f 305 256 289
f 256 215 289
f 215 236 289
f 258 290 275
f 259 333 291
f 309 239 308
f 308 239 307
f 307 239 258
f 309 259 239
f 368 242 241
f 261 277 352
f 261 243 277
f 278 243 262
f 278 314 243
f 280 201 279
f 245 281 246
f 281 263 246
f 280 173 264
f 204 296 297
f 282 265 316
f 221 298 316
f 220 284 285
f 285 299 231
f 267 286 249
f 231 299 267
f 180 253 319
f 253 223 272
f 254 270 287
f 254 287 271
f 254 271 210
f 210 271 225
f 225 271 198
f 198 273 168
f 273 288 168
f 288 273 233
f 233 273 403
f 304 320 403
f 320 361 322
f 236 291 289
f 289 291 292
f 307 258 275
f 259 276 333
f 276 259 293
f 293 259 309
f 309 336 293
f 228 240 352
f 313 352 277
f 277 243 411
f 243 295 411
f 314 295 243
f 280 245 173
f 279 245 280
f 265 282 296
f 297 296 329
f 297 315 284
f 220 297 284
f 298 317 316
f 284 298 230
f 284 299 285
f 299 286 267
f 252 300 268
f 300 269 268
f 255 342 301
f 303 304 403
f 305 289 362
f 235 323 306
f 257 306 290
f 333 292 291
f 324 308 307
f 293 336 276
f 335 309 308
f 309 327 336
f 309 310 327
f 311 312 242
f 242 312 294
f 294 312 339
f 339 278 294
f 296 282 329
f 316 329 282
f 315 316 317
f 317 298 284
f 315 317 284
f 284 230 299
f 299 230 286
f 318 269 300
f 253 272 331
f 287 358 271
f 331 272 341
f 301 341 272
f 198 271 273
f 471 403 273
f 360 303 403
f 342 274 402
f 343 274 321
f 322 323 235
f 275 290 307
f 333 276 325
f 309 335 310
f 310 335 326
f 337 327 310
f 260 228 368
f 351 352 313
f 411 340 277
f 297 316 315
f 297 329 316
f 300 319 318
f 318 319 330
f 356 319 253
f 318 330 269
f 269 330 270
f 253 331 356
f 330 287 270
f 271 358 359
f 402 274 343
f 321 305 404
f 322 344 323
f 362 289 381
f 306 323 290
f 289 292 381
f 290 323 345
f 307 290 345
f 333 325 363
f 308 324 334
f 308 334 335
f 276 336 325
f 335 334 326
f 326 350 310
f 336 327 349
f 337 310 350
f 367 327 337
f 367 349 327
f 368 311 242
f 383 352 351
f 368 228 328
f 312 338 339
f 339 314 278
f 356 330 319
f 330 398 287
f 341 301 426
f 271 359 273
f 400 301 342
f 273 401 471
f 304 303 320
f 526 320 303
f 320 526 361
f 292 332 473
f 292 333 382
f 324 347 334
f 334 347 348
f 334 348 326
f 326 348 350
f 325 349 365
f 325 336 349
f 350 348 366
f 451 350 366
f 451 337 350
f 312 311 338
f 339 353 314
f 313 277 340
f 313 340 371
f 340 411 384
f 432 295 314
f 372 432 314
f 330 356 398
f 331 357 356
f 426 301 400
f 359 380 273
f 273 380 399
f 399 401 273
f 361 405 322
f 404 305 362
f 322 405 344
f 323 344 406
f 498 381 292
f 498 292 473
f 307 345 346
f 332 292 382
f 333 363 382
f 364 366 348
f 363 325 365
f 349 367 409
f 367 337 451
f 352 709 228
f 708 311 368
f 351 313 505
f 505 313 370
f 313 371 370
f 371 340 412
f 411 295 432
f 354 374 373
f 374 354 375
f 354 373 391
f 374 375 465
f 354 391 355
f 465 375 355
f 391 378 355
f 354 355 375
f 379 377 355
f 378 379 355
f 378 394 379
f 394 396 379
f 357 397 356
f 398 358 287
f 426 331 341
f 402 400 342
f 402 343 470
f 323 406 345
f 345 427 346
f 346 427 307
f 307 427 324
f 347 407 348
f 366 364 476
f 363 365 449
f 365 349 449
f 366 408 451
f 410 383 351
f 371 412 370
f 412 340 384
f 454 411 432
f 419 388 387
f 387 373 416
f 388 373 387
f 373 374 416
f 373 389 391
f 517 374 465
f 465 355 390
f 390 355 392
f 421 378 391
f 421 442 378
f 355 377 392
f 392 377 379
f 379 393 392
f 378 442 394
f 395 396 394
f 422 395 394
f 424 396 395
f 397 398 356
f 398 359 358
f 331 426 357
f 360 584 303
f 343 496 470
f 526 303 584
f 321 404 343
f 526 405 361
f 345 406 427
f 324 407 347
f 474 382 363
f 366 476 408
f 429 449 349
f 408 430 451
f 328 228 709
f 369 338 311
f 505 370 479
f 593 353 339
f 353 480 314
f 370 412 386
f 385 454 432
f 413 386 412
f 414 386 413
f 414 458 386
f 417 416 438
f 387 416 417
f 419 387 417
f 416 374 418
f 388 419 373
f 389 373 419
f 389 420 464
f 418 374 517
f 376 389 464
f 389 376 391
f 392 465 390
f 392 393 441
f 379 396 393
f 422 424 395
f 425 396 424
f 423 425 424
f 445 425 423
f 467 445 423
f 357 447 397
f 398 397 359
f 359 399 380
f 402 426 400
f 470 426 402
f 403 471 360
f 362 381 404
f 405 406 344
f 427 428 324
f 332 382 473
f 324 428 501
f 324 501 407
f 407 501 348
f 501 364 348
f 364 501 529
f 363 449 474
f 349 409 429
f 409 367 451
f 709 352 383
f 328 431 368
f 410 351 505
f 311 708 369
f 370 386 453
f 457 411 454
f 384 433 412
f 411 457 384
f 412 414 413
f 435 437 436
f 436 417 461
f 437 417 436
f 417 437 435
f 417 438 461
f 415 419 417
f 438 416 515
f 416 463 515
f 420 419 484
f 416 418 463
f 419 420 389
f 376 439 391
f 391 439 421
f 394 442 422
f 442 490 422
f 422 490 424
f 490 423 424
f 393 396 425
f 393 425 444
f 444 425 466
f 445 466 425
f 397 446 359
f 359 446 399
f 526 497 405
f 497 527 405
f 404 381 498
f 499 382 474
f 364 475 476
f 408 476 450
f 430 452 451
f 451 559 409
f 559 451 452
f 410 505 678
f 709 383 641
f 338 593 339
f 479 370 509
f 314 480 372
f 370 453 509
f 432 372 385
f 453 386 510
f 433 384 456
f 456 384 457
f 433 456 412
f 458 510 386
f 458 414 434
f 434 435 458
f 434 414 435
f 459 460 414
f 460 435 414
f 458 435 436
f 458 436 511
f 436 461 511
f 435 462 417
f 417 462 415
f 415 482 419
f 419 482 484
f 463 418 517
f 392 440 519
f 392 441 440
f 421 439 488
f 441 443 519
f 440 441 519
f 421 488 442
f 441 393 541
f 393 444 541
f 467 423 490
f 445 491 466
f 468 445 467
f 468 467 521
f 491 445 492
f 492 445 468
f 494 492 468
f 495 469 397
f 447 495 397
f 397 469 446
f 469 399 446
f 399 523 401
f 471 448 360
f 472 360 448
f 496 343 554
f 343 404 554
f 427 744 428
f 675 473 382
f 474 449 586
f 449 429 556
f 429 477 588
f 408 450 430
f 531 429 478
f 429 409 478
f 409 531 478
f 479 591 505
f 593 712 353
f 507 480 353
f 456 414 412
f 481 457 455
f 481 456 457
f 510 458 511
f 481 459 414
f 481 414 456
f 514 460 459
f 514 462 460
f 462 435 460
f 461 438 515
f 482 415 462
f 482 483 484
f 420 516 485
f 420 485 464
f 465 486 517
f 376 539 439
f 465 392 487
f 392 519 487
f 442 488 540
f 443 441 541
f 489 490 442
f 467 543 521
f 444 466 491
f 491 492 444
f 468 493 494
f 494 544 492
f 401 523 471
f 470 496 525
f 405 527 585
f 405 585 406
f 675 382 499
f 428 744 501
f 501 744 500
f 500 528 501
f 499 474 586
f 530 364 529
f 586 449 556
f 556 429 588
f 429 531 477
f 430 502 452
f 452 504 503
f 558 409 559
f 431 328 709
f 369 708 338
f 506 591 479
f 509 506 479
f 507 508 480
f 560 385 372
f 454 385 536
f 454 561 457
f 455 459 481
f 455 594 459
f 459 594 513
f 459 513 514
f 511 461 563
f 514 564 462
f 564 483 462
f 462 483 482
f 515 463 565
f 483 516 484
f 484 516 420
f 485 516 464
f 465 487 486
f 464 518 376
f 376 518 568
f 600 376 568
f 442 540 489
f 489 540 490
f 467 490 543
f 760 649 541
f 760 541 602
f 444 492 520
f 468 521 493
f 493 521 494
f 494 521 570
f 522 492 571
f 544 571 492
f 545 544 494
f 426 447 357
f 469 495 399
f 551 447 426
f 399 495 523
f 470 551 426
f 551 470 524
f 470 525 524
f 448 471 472
f 584 360 472
f 553 525 496
f 554 404 774
f 774 404 498
f 744 427 555
f 501 528 529
f 530 475 364
f 587 476 475
f 531 409 677
f 502 504 452
f 452 503 559
f 505 532 678
f 505 591 532
f 410 678 383
f 368 431 534
f 368 534 708
f 507 353 535
f 535 353 712
f 509 453 506
f 812 536 385
f 644 788 454
f 536 644 454
f 454 788 561
f 512 514 513
f 594 512 513
f 461 515 563
f 537 564 566
f 537 516 483
f 564 537 483
f 567 538 516
f 517 486 681
f 516 538 464
f 646 682 464
f 682 568 464
f 464 568 518
f 376 600 539
f 487 519 648
f 439 539 488
f 539 540 488
f 649 443 541
f 490 542 761
f 541 444 602
f 444 520 602
f 570 543 569
f 521 543 570
f 520 492 522
f 571 544 547
f 572 494 570
f 546 494 572
f 546 545 494
f 545 547 544
f 548 549 545
f 545 549 547
f 546 548 545
f 524 447 551
f 495 636 523
f 525 552 524
f 471 523 472
f 525 637 552
f 553 637 525
f 472 704 584
f 637 553 583
f 526 584 497
f 427 406 555
f 530 529 528
f 476 557 450
f 477 531 639
f 409 558 677
f 559 504 640
f 503 504 559
f 592 593 338
f 372 480 560
f 508 560 480
f 385 560 812
f 561 788 457
f 562 840 455
f 510 511 645
f 594 455 840
f 645 511 563
f 594 564 512
f 512 564 514
f 563 515 565
f 566 516 537
f 565 463 680
f 463 517 681
f 646 464 567
f 567 464 538
f 486 647 681
f 540 542 490
f 761 543 490
f 652 570 650
f 572 550 546
f 606 549 548
f 550 548 546
f 550 655 573
f 612 575 613
f 575 660 613
f 577 619 620
f 577 576 619
f 577 665 576
f 578 625 577
f 625 665 577
f 624 578 579
f 581 578 624
f 581 580 578
f 578 580 625
f 581 582 580
f 582 626 580
f 582 635 626
f 495 447 636
f 447 524 552
f 523 636 674
f 553 496 583
f 585 497 638
f 497 585 527
f 555 406 585
f 585 744 555
f 676 675 499
f 745 530 528
f 530 745 475
f 747 556 588
f 476 587 557
f 531 590 589
f 677 590 531
f 641 383 643
f 712 711 535
f 507 560 508
f 453 510 506
f 594 595 564
f 595 597 564
f 566 598 516
f 516 598 567
f 681 680 463
f 486 487 647
f 647 487 759
f 487 648 759
f 648 519 443
f 539 601 540
f 871 648 443
f 871 443 649
f 569 543 761
f 569 603 570
f 522 602 520
f 570 603 650
f 571 651 522
f 549 604 571
f 571 547 549
f 572 570 652
f 549 653 604
f 550 572 654
f 605 654 572
f 550 573 606
f 548 550 606
f 573 607 606
f 550 608 655
f 607 573 609
f 573 655 609
f 655 574 656
f 657 613 658
f 613 610 658
f 611 613 657
f 612 613 611
f 660 575 612
f 661 660 612
f 612 662 661
f 620 619 616
f 618 619 617
f 616 619 618
f 614 620 616
f 619 621 617
f 619 576 621
f 577 620 623
f 623 620 622
f 624 579 623
f 577 623 578
f 578 623 579
f 581 624 627
f 625 580 667
f 580 626 667
f 581 669 582
f 581 627 669
f 669 629 582
f 635 582 629
f 626 635 630
f 669 635 629
f 635 631 630
f 632 635 669
f 632 633 635
f 552 636 447
f 552 637 636
f 472 523 705
f 472 705 704
f 583 496 554
f 498 862 774
f 556 747 746
f 475 745 587
f 450 557 748
f 450 748 430
f 589 639 531
f 558 559 677
f 559 749 677
f 642 708 534
f 643 383 751
f 710 591 506
f 710 506 753
f 535 560 507
f 535 784 560
f 753 506 785
f 506 510 785
f 457 788 455
f 510 645 785
f 563 867 645
f 563 756 867
f 595 594 597
f 563 596 756
f 563 565 596
f 564 597 566
f 565 680 790
f 679 565 790
f 598 599 567
f 599 646 567
f 600 683 539
f 683 601 539
f 542 540 761
f 761 540 843
f 761 603 569
f 522 762 602
f 522 651 685
f 571 604 651
f 651 604 653
f 717 605 572
f 653 549 606
f 608 550 654
f 606 607 686
f 608 654 655
f 656 609 655
f 574 657 656
f 656 658 609
f 657 658 656
f 765 611 657
f 612 611 765
f 610 613 725
f 613 660 725
f 612 691 662
f 725 660 659
f 659 660 663
f 661 615 660
f 662 615 661
f 618 663 660
f 660 616 618
f 615 616 660
f 616 615 662
f 616 662 614
f 618 617 663
f 663 617 621
f 614 622 620
f 693 622 614
f 621 576 694
f 694 576 665
f 622 693 623
f 694 665 818
f 623 693 624
f 665 698 696
f 627 624 666
f 665 625 698
f 625 667 698
f 627 666 628
f 627 628 669
f 667 699 767
f 667 626 699
f 626 630 699
f 628 668 669
f 669 668 731
f 699 630 701
f 701 630 670
f 671 672 669
f 633 632 669
f 633 669 634
f 672 634 669
f 631 670 630
f 635 633 634
f 673 631 634
f 631 635 634
f 703 673 634
f 672 703 634
f 636 637 705
f 674 636 705
f 523 674 705
f 554 774 583
f 638 497 584
f 862 498 742
f 473 675 676
f 499 586 676
f 500 778 528
f 556 746 586
f 639 588 477
f 639 809 588
f 590 1028 639
f 590 639 589
f 677 1028 590
f 640 750 559
f 431 533 534
f 533 431 709
f 532 591 710
f 751 383 678
f 752 338 708
f 840 714 594
f 597 757 566
f 682 683 568
f 568 683 600
f 760 871 649
f 762 522 684
f 650 603 716
f 684 522 685
f 652 717 572
f 764 653 686
f 606 686 653
f 574 655 654
f 719 607 687
f 689 574 654
f 688 720 607
f 609 688 607
f 609 658 688
f 688 658 720
f 574 721 657
f 657 721 765
f 612 765 724
f 610 725 690
f 612 724 691
f 691 727 662
f 659 663 725
f 663 692 725
f 663 621 692
f 662 664 614
f 621 694 692
f 662 693 664
f 614 664 693
f 818 665 696
f 693 697 624
f 697 693 766
f 697 666 624
f 854 666 697
f 820 698 667
f 666 668 628
f 731 668 700
f 669 731 671
f 701 670 730
f 631 673 702
f 631 702 670
f 703 737 673
f 673 736 702
f 737 738 673
f 773 637 583
f 583 740 773
f 583 774 741
f 584 705 706
f 584 704 705
f 584 706 638
f 498 473 742
f 742 473 676
f 585 777 744
f 744 808 500
f 778 500 808
f 528 778 745
f 745 707 587
f 809 747 588
f 748 502 430
f 639 1028 833
f 708 642 752
f 643 751 709
f 641 643 709
f 592 338 752
f 592 752 593
f 752 712 593
f 836 812 560
f 645 867 866
f 594 714 597
f 565 789 596
f 565 679 789
f 566 757 598
f 598 757 599
f 680 681 790
f 790 681 715
f 715 681 647
f 646 976 682
f 682 758 683
f 683 791 601
f 648 871 759
f 792 602 762
f 684 685 762
f 650 716 652
f 652 716 763
f 651 653 685
f 685 653 764
f 717 718 605
f 607 719 686
f 720 687 607
f 721 574 689
f 720 658 722
f 723 765 721
f 658 610 722
f 610 690 722
f 725 692 690
f 690 692 694
f 662 727 693
f 726 693 727
f 728 693 726
f 693 728 695
f 818 696 798
f 693 695 766
f 819 696 820
f 696 698 820
f 666 854 729
f 666 729 668
f 729 700 668
f 767 730 800
f 767 699 730
f 699 701 730
f 731 672 671
f 702 733 670
f 734 735 672
f 702 736 733
f 703 672 735
f 735 771 703
f 703 771 737
f 738 737 739
f 673 738 736
f 737 771 803
f 737 804 739
f 637 773 740
f 637 740 705
f 638 706 775
f 638 775 585
f 745 778 808
f 997 745 808
f 997 779 745
f 502 781 504
f 781 640 504
f 677 749 810
f 559 750 749
f 678 532 962
f 533 709 926
f 534 533 642
f 753 532 710
f 752 711 712
f 787 788 644
f 455 788 754
f 839 562 455
f 840 755 713
f 840 713 714
f 757 714 894
f 894 897 757
f 599 976 646
f 1071 683 758
f 842 540 601
f 540 815 843
f 871 760 981
f 764 848 685
f 686 850 764
f 718 654 605
f 689 654 718
f 850 719 687
f 720 722 687
f 687 722 794
f 722 690 794
f 723 795 765
f 690 694 903
f 694 818 903
f 728 726 799
f 697 766 854
f 854 766 695
f 820 667 767
f 700 768 731
f 730 670 801
f 768 732 672
f 731 768 672
f 732 734 672
f 769 670 733
f 733 736 770
f 736 772 770
f 736 738 772
f 738 879 772
f 803 804 737
f 879 738 827
f 739 827 738
f 741 740 583
f 740 741 774
f 807 706 705
f 585 743 776
f 776 777 585
f 777 808 744
f 676 586 958
f 779 707 745
f 746 747 922
f 557 587 707
f 639 833 1027
f 639 1027 809
f 1028 677 780
f 640 835 750
f 750 864 749
f 925 532 753
f 926 709 865
f 865 709 751
f 752 783 711
f 783 784 711
f 925 753 785
f 711 784 535
f 836 784 811
f 784 836 560
f 644 536 786
f 785 645 866
f 788 787 813
f 788 839 754
f 754 839 455
f 756 596 867
f 597 714 757
f 757 897 599
f 647 759 975
f 1071 978 683
f 978 791 683
f 759 871 814
f 540 842 815
f 602 981 760
f 982 761 843
f 716 603 845
f 716 816 763
f 762 685 792
f 652 847 717
f 718 717 899
f 686 719 850
f 817 723 721
f 690 902 794
f 765 795 724
f 724 795 691
f 691 795 727
f 796 726 727
f 797 875 726
f 726 875 799
f 728 799 695
f 798 696 819
f 820 767 821
f 821 767 800
f 854 855 729
f 729 855 700
f 700 855 768
f 800 730 801
f 822 800 801
f 732 768 802
f 801 670 907
f 670 769 907
f 907 769 733
f 770 825 733
f 771 735 734
f 770 772 825
f 804 803 805
f 804 806 739
f 828 806 804
f 740 860 705
f 829 705 860
f 705 829 807
f 740 774 859
f 706 807 775
f 862 859 774
f 859 862 883
f 585 775 743
f 742 676 958
f 746 863 586
f 746 922 863
f 922 747 886
f 1100 502 748
f 781 835 640
f 962 963 678
f 924 532 925
f 642 783 752
f 784 783 811
f 536 812 837
f 786 838 644
f 839 788 813
f 867 596 789
f 715 647 790
f 682 976 758
f 1039 759 1191
f 791 842 601
f 938 761 982
f 981 602 792
f 845 761 846
f 761 845 603
f 716 845 846
f 816 716 846
f 763 847 652
f 764 850 849
f 793 721 689
f 721 793 901
f 984 687 794
f 723 817 795
f 851 902 690
f 690 903 851
f 795 796 727
f 796 797 726
f 818 798 941
f 1011 799 875
f 1011 876 695
f 799 1011 695
f 854 695 986
f 821 800 822
f 855 854 906
f 907 733 908
f 734 732 856
f 1015 734 856
f 733 877 908
f 733 825 877
f 734 824 771
f 772 879 825
f 826 803 771
f 859 860 740
f 807 829 775
f 863 958 586
f 747 809 886
f 707 831 557
f 557 832 748
f 781 502 1100
f 677 810 780
f 750 835 782
f 836 837 812
f 837 786 536
f 838 787 644
f 787 838 813
f 840 562 839
f 714 713 894
f 841 789 679
f 679 790 895
f 897 870 599
f 975 759 1039
f 814 1191 759
f 792 685 983
f 847 898 717
f 717 898 899
f 848 764 872
f 872 764 849
f 718 899 689
f 721 901 817
f 817 873 795
f 873 1009 795
f 796 795 797
f 852 903 818
f 852 818 941
f 853 798 819
f 853 819 820
f 986 906 854
f 822 801 907
f 855 802 768
f 1015 824 734
f 826 771 910
f 825 879 878
f 826 951 805
f 803 826 805
f 827 857 879
f 739 857 827
f 804 805 828
f 739 858 857
f 739 806 858
f 881 806 828
f 806 881 913
f 829 860 861
f 918 859 883
f 775 829 830
f 830 743 775
f 742 957 862
f 743 777 776
f 777 743 920
f 958 957 742
f 777 884 808
f 779 959 707
f 923 809 1027
f 748 832 961
f 832 557 961
f 961 1100 748
f 810 749 780
f 864 750 782
f 678 963 964
f 533 926 642
f 811 890 836
f 866 930 785
f 836 890 837
f 866 867 930
f 838 868 813
f 839 1005 840
f 1005 755 840
f 893 867 869
f 789 869 867
f 869 789 841
f 790 647 975
f 599 870 976
f 758 976 1071
f 980 871 981
f 938 844 761
f 761 844 846
f 763 816 846
f 685 1194 983
f 1194 685 848
f 849 848 872
f 899 793 689
f 984 850 687
f 874 795 1009
f 795 874 797
f 903 852 941
f 797 874 875
f 876 986 695
f 820 821 943
f 906 823 855
f 855 823 802
f 802 823 945
f 824 1015 771
f 878 909 825
f 909 878 879
f 879 857 949
f 828 805 951
f 881 828 880
f 806 882 858
f 806 913 882
f 861 860 859
f 861 859 918
f 861 830 829
f 883 862 957
f 920 884 777
f 1125 958 996
f 996 958 863
f 863 922 921
f 707 959 960
f 886 809 1098
f 707 887 831
f 1098 809 923
f 831 887 557
f 833 834 1027
f 749 864 780
f 962 532 924
f 678 964 751
f 926 888 642
f 642 888 783
f 927 865 751
f 783 888 811
f 811 888 889
f 925 785 930
f 889 890 811
f 837 838 786
f 838 837 891
f 838 891 868
f 930 867 892
f 813 868 931
f 893 972 867
f 935 713 755
f 713 937 894
f 894 896 897
f 814 871 980
f 842 843 815
f 843 1223 982
f 1109 981 792
f 846 844 938
f 939 763 846
f 939 847 763
f 984 794 1042
f 794 902 1042
f 853 941 798
f 853 820 985
f 820 943 985
f 821 1166 943
f 822 907 944
f 907 908 946
f 825 909 877
f 1015 910 771
f 910 950 826
f 951 826 950
f 912 828 951
f 858 911 857
f 857 911 1017
f 828 952 880
f 952 828 912
f 911 858 882
f 880 915 881
f 881 915 913
f 915 916 913
f 916 914 913
f 916 917 914
f 1023 861 918
f 861 919 830
f 830 919 743
f 743 919 920
f 997 808 885
f 959 779 997
f 707 960 887
f 887 961 557
f 1100 835 781
f 835 1062 782
f 929 926 865
f 888 926 889
f 929 865 928
f 928 865 927
f 926 929 890
f 926 890 889
f 837 928 927
f 929 928 890
f 837 927 891
f 890 928 837
f 1034 930 932
f 932 930 892
f 932 892 867
f 968 932 867
f 972 968 867
f 813 931 1005
f 813 1005 839
f 972 893 869
f 969 935 755
f 869 934 972
f 841 934 869
f 841 895 973
f 937 1007 894
f 895 841 679
f 979 1163 791
f 791 1163 842
f 792 983 1109
f 938 939 846
f 847 1008 898
f 899 898 793
f 1040 849 850
f 793 900 901
f 901 900 817
f 817 900 940
f 817 940 873
f 851 903 941
f 875 874 942
f 875 904 1011
f 821 822 1166
f 906 988 823
f 1166 822 1114
f 988 1083 823
f 1115 822 944
f 802 945 732
f 732 945 989
f 732 989 1014
f 946 908 947
f 908 877 947
f 877 909 947
f 909 879 948
f 1116 879 949
f 949 857 1017
f 951 1086 912
f 911 953 1017
f 911 882 953
f 913 953 882
f 880 952 954
f 954 915 880
f 953 913 991
f 913 914 991
f 917 916 915
f 914 917 991
f 917 955 991
f 917 994 955
f 956 994 917
f 1024 919 861
f 918 883 995
f 919 1024 920
f 883 957 995
f 808 884 885
f 996 863 921
f 782 1220 864
f 964 965 751
f 751 965 927
f 1030 925 930
f 1000 1030 930
f 891 966 868
f 930 1034 1000
f 868 966 1001
f 1001 931 868
f 1034 932 968
f 1001 967 931
f 972 1004 968
f 755 1005 969
f 1006 970 972
f 969 933 935
f 972 934 971
f 934 841 971
f 935 936 713
f 713 936 937
f 1104 971 841
f 841 973 1104
f 937 1066 1007
f 1007 896 894
f 895 790 1068
f 790 975 1068
f 896 870 897
f 1038 976 870
f 975 1039 1132
f 814 980 1191
f 843 842 1074
f 793 898 1075
f 942 874 1111
f 941 853 1081
f 1112 904 875
f 1043 853 985
f 1011 905 876
f 876 1012 986
f 986 987 906
f 987 988 906
f 822 1115 1114
f 944 907 1115
f 945 823 1083
f 732 1015 856
f 1015 732 1014
f 947 909 1116
f 909 948 1116
f 949 1017 1116
f 953 1117 1017
f 912 1048 952
f 1148 993 954
f 954 917 915
f 993 917 954
f 991 992 990
f 991 955 992
f 993 956 917
f 1021 1022 955
f 1055 1021 956
f 994 1021 955
f 1021 994 956
f 1024 861 1023
f 995 957 1125
f 957 958 1125
f 885 884 1025
f 1061 959 997
f 922 886 1098
f 1098 923 998
f 834 1099 1027
f 1062 835 1100
f 964 999 965
f 925 1030 924
f 927 965 999
f 1002 1000 1034
f 1003 1002 1034
f 968 1004 1034
f 931 1004 1005
f 967 1004 931
f 970 933 972
f 969 1005 933
f 933 970 1006
f 933 1006 935
f 935 1006 936
f 971 1037 972
f 1006 937 936
f 896 1007 974
f 896 1038 870
f 976 977 1071
f 843 1192 1223
f 983 1194 1193
f 847 939 1008
f 1008 1075 898
f 1042 902 1164
f 873 1010 1009
f 1009 1010 874
f 1078 851 941
f 874 1010 1111
f 942 1111 875
f 875 1080 1112
f 853 1043 1081
f 1011 904 1112
f 905 1011 1012
f 1012 1011 1082
f 905 1012 876
f 986 1012 987
f 1013 946 947
f 947 1142 1013
f 910 1015 1045
f 947 1116 1142
f 948 879 1116
f 910 1046 950
f 1116 1017 1016
f 951 950 1086
f 1086 950 1018
f 1016 1017 1117
f 952 1048 954
f 1048 1148 954
f 1117 953 1020
f 953 991 1020
f 990 1020 991
f 990 992 1050
f 992 955 1050
f 955 1054 1050
f 955 1022 1054
f 1089 1055 956
f 1023 918 1121
f 918 995 1121
f 995 1091 1056
f 995 1125 1092
f 1125 996 1094
f 997 885 1025
f 1157 997 1025
f 997 1026 1061
f 922 1098 921
f 1316 1100 961
f 1099 834 833
f 864 1028 780
f 1103 782 1064
f 1220 1219 864
f 963 1031 964
f 1031 999 964
f 1029 962 924
f 924 1030 1000
f 999 891 927
f 891 999 1033
f 1003 1032 1000
f 891 1033 966
f 1002 1003 1000
f 966 1033 1001
f 1033 1003 1001
f 1003 1034 1001
f 1001 1004 967
f 1034 1004 1001
f 1004 972 1036
f 972 933 1036
f 1005 1004 1036
f 933 1035 1036
f 1005 1035 933
f 1036 1035 1005
f 972 1037 1006
f 1037 971 1065
f 937 1006 1066
f 1066 1006 1037
f 1007 1038 974
f 974 1038 896
f 1132 1107 975
f 1038 1069 976
f 1070 977 976
f 978 1072 791
f 791 1072 979
f 1163 979 1246
f 1074 1192 843
f 938 982 939
f 1008 939 1293
f 1075 1008 1293
f 1075 1250 793
f 850 984 1195
f 900 793 1041
f 900 1076 940
f 851 1164 902
f 941 1081 1078
f 1112 1082 1011
f 985 1044 1043
f 943 1166 985
f 1166 1114 1199
f 907 946 1115
f 1083 989 945
f 910 1045 1046
f 950 1046 1018
f 1048 912 1019
f 1117 1020 1202
f 1049 1020 990
f 1148 1051 993
f 993 1089 956
f 1089 1053 1055
f 1022 1120 1054
f 1055 1022 1021
f 1055 1120 1022
f 1121 995 1056
f 1024 1023 1057
f 1024 1057 1058
f 1024 1058 920
f 1123 920 1058
f 995 1092 1091
f 1059 884 920
f 1059 1025 884
f 1157 1025 1096
f 1157 1026 997
f 996 921 1098
f 959 1061 960
f 1060 960 1061
f 923 1027 998
f 1101 833 1028
f 1062 1064 782
f 1102 864 1219
f 1220 782 1103
f 962 1031 963
f 1029 1031 962
f 1032 924 1000
f 1032 1003 924
f 1003 1029 924
f 999 1031 1033
f 1031 1029 1033
f 1033 1029 1003
f 1037 1065 1066
f 973 895 1105
f 1106 1066 1065
f 1066 1067 1007
f 895 1068 1105
f 1007 1067 1130
f 1130 1038 1007
f 1070 976 1069
f 1070 1071 977
f 1072 978 1071
f 1134 1191 980
f 1163 1074 842
f 980 1073 1134
f 980 981 1073
f 1040 850 1364
f 1076 1041 940
f 940 1077 873
f 851 1078 1251
f 1010 1079 1111
f 985 1138 1044
f 1012 1113 987
f 1113 988 987
f 1116 1016 1085
f 1016 1117 1146
f 1047 1019 912
f 1019 1148 1048
f 990 1050 1119
f 1089 993 1088
f 1050 1052 1087
f 1050 1054 1052
f 1054 1120 1087
f 1120 1055 1149
f 1149 1055 1053
f 1090 1023 1121
f 1150 1121 1056
f 1023 1090 1057
f 1155 1058 1057
f 1213 1091 1092
f 1123 1058 1155
f 1124 1092 1125
f 1123 1093 920
f 920 1093 1059
f 1179 1025 1093
f 1059 1093 1025
f 1126 1125 1094
f 1095 1096 1025
f 1094 996 1126
f 1098 1127 996
f 1026 1060 1061
f 1098 998 1265
f 887 960 1238
f 1239 998 1027
f 1099 1239 1027
f 833 1189 1239
f 1101 1189 833
f 1028 864 1102
f 1104 1065 971
f 973 1105 1104
f 1066 1106 1067
f 1067 1106 1130
f 975 1107 1068
f 1038 1130 1069
f 1133 1070 1069
f 1108 1071 1070
f 1246 979 1072
f 1073 981 1135
f 1363 939 982
f 1249 939 1363
f 1109 983 1193
f 939 1136 1293
f 848 849 1364
f 900 1041 1076
f 1041 1462 940
f 940 1462 1077
f 873 1077 1010
f 1164 851 1251
f 1110 1079 1010
f 1165 1078 1081
f 1111 1080 875
f 1082 1113 1012
f 985 1166 1138
f 1334 1166 1199
f 1199 1114 1115
f 988 1226 1083
f 1083 1084 989
f 1084 1335 989
f 989 1143 1014
f 1143 1015 1014
f 1015 1145 1045
f 1142 1116 1144
f 1116 1085 1146
f 1085 1016 1146
f 1020 1049 1170
f 1049 990 1170
f 1148 1118 1051
f 993 1051 1088
f 1052 1054 1087
f 1234 1149 1053
f 1155 1057 1151
f 1122 1090 1121
f 1090 1122 1057
f 1057 1122 1151
f 1213 1092 1124
f 1179 1093 1123
f 1179 1095 1025
f 1096 1236 1157
f 996 1183 1126
f 1026 1157 1158
f 1097 1026 1158
f 1026 1097 1060
f 1159 1265 998
f 1060 1128 960
f 960 1128 1238
f 1188 887 1238
f 1316 887 1188
f 1316 961 887
f 1062 1316 1063
f 1062 1100 1316
f 833 1239 1099
f 1063 1240 1062
f 1240 1064 1062
f 1102 1101 1028
f 1064 1220 1103
f 1065 1104 1129
f 1105 1161 1104
f 1065 1129 1106
f 1129 1104 1161
f 1106 1129 1130
f 1105 1068 1161
f 1069 1130 1131
f 1069 1162 1133
f 1072 1071 1108
f 1134 1073 1135
f 939 1249 1136
f 848 1364 1194
f 1364 849 1040
f 1195 1364 850
f 1195 984 1196
f 1010 1077 1110
f 1251 1078 1165
f 1111 1137 1080
f 1081 1043 1044
f 1082 1226 1113
f 1113 1226 988
f 1226 1139 1083
f 1115 1227 1199
f 1083 1139 1254
f 1115 946 1140
f 946 1013 1140
f 1013 1142 1141
f 1045 1145 1046
f 1144 1116 1302
f 1116 1146 1302
f 1018 1169 1086
f 1117 1202 1146
f 1047 912 1147
f 1019 1047 1148
f 1148 1047 1147
f 1170 990 1119
f 1148 1406 1118
f 1118 1406 1051
f 1051 1406 1206
f 1051 1206 1088
f 1050 1087 1258
f 1088 1172 1089
f 1089 1207 1053
f 1120 1173 1087
f 1174 1120 1149
f 1122 1121 1150
f 1151 1122 1150
f 1215 1154 1151
f 1056 1153 1178
f 1151 1154 1155
f 1153 1091 1213
f 1153 1056 1091
f 1213 1124 1310
f 1155 1179 1123
f 1181 1179 1180
f 1156 1124 1125
f 1125 1126 1156
f 1095 1179 1181
f 1096 1095 1235
f 1182 1157 1236
f 1157 1182 1414
f 1158 1157 1184
f 996 1127 1183
f 1068 1107 1161
f 1131 1162 1069
f 1039 1107 1132
f 1134 1270 1191
f 1290 1246 1072
f 1163 1581 1074
f 981 1109 1135
f 1224 1075 1293
f 1041 793 1250
f 984 1042 1196
f 1110 1137 1079
f 1079 1137 1111
f 1137 1253 1080
f 1082 1112 1276
f 1138 1166 1464
f 1334 1464 1166
f 1140 1013 1167
f 1115 1140 1167
f 1013 1141 1167
f 1142 1144 1229
f 1169 1339 1086
f 1086 1339 912
f 1202 1020 1203
f 1170 1203 1020
f 1406 1148 1171
f 1173 1120 1174
f 1149 1175 1174
f 1149 1177 1175
f 1176 1150 1175
f 1151 1150 1176
f 1175 1151 1176
f 1177 1152 1175
f 1150 1178 1175
f 1175 1152 1151
f 1150 1056 1178
f 1152 1210 1151
f 1210 1215 1151
f 1155 1154 1216
f 1155 1216 1179
f 1096 1235 1236
f 1127 1098 1183
f 1098 1185 1183
f 1097 1186 1060
f 1185 1098 1237
f 1098 1265 1237
f 1239 1160 998
f 1102 1219 1241
f 1161 1242 1129
f 1129 1190 1130
f 1130 1162 1131
f 1107 1039 1244
f 1221 1070 1133
f 1270 1039 1191
f 1222 1270 1134
f 1246 1291 1163
f 1134 1135 1247
f 1248 1223 1192
f 1362 1109 1193
f 1293 1136 1428
f 1075 1365 1250
f 1195 1196 1275
f 1462 1367 1077
f 1164 1296 1506
f 1296 1164 1251
f 1197 1110 1077
f 1110 1197 1137
f 1044 1225 1081
f 1044 1138 1225
f 1082 1276 1226
f 1334 1199 1198
f 1115 1200 1227
f 1254 1084 1083
f 1200 1115 1228
f 1167 1228 1115
f 1142 1229 1141
f 1143 1201 1015
f 1015 1201 1145
f 1302 1146 1230
f 1146 1202 1203
f 1146 1203 1168
f 1147 1204 1148
f 1204 1171 1148
f 1172 1088 1207
f 1172 1207 1089
f 1234 1053 1279
f 1207 1279 1053
f 1173 1259 1087
f 1208 1149 1234
f 1174 1175 1173
f 1208 1210 1149
f 1175 1232 1173
f 1210 1208 1233
f 1210 1177 1149
f 1175 1178 1232
f 1211 1210 1209
f 1152 1177 1210
f 1178 1153 1260
f 1210 1211 1212
f 1212 1214 1210
f 1215 1210 1214
f 1154 1215 1214
f 1154 1214 1216
f 1179 1216 1180
f 1095 1181 1235
f 1157 1414 1184
f 1158 1186 1097
f 1187 1128 1060
f 1128 1187 1238
f 1218 1188 1238
f 1266 998 1160
f 1268 1101 1102
f 1347 1064 1240
f 1242 1269 1129
f 1129 1269 1190
f 1161 1107 1242
f 1244 1242 1107
f 1244 1039 1270
f 1222 1134 1247
f 1581 1163 1359
f 1192 1074 1581
f 1135 1109 1360
f 1224 1274 1075
f 1042 1164 1506
f 1251 1165 1081
f 1137 1197 1297
f 1167 1141 1228
f 1046 1303 1018
f 1168 1230 1146
f 1339 1147 912
f 1170 1205 1203
f 1170 1119 1205
f 1119 1050 1306
f 1206 1231 1088
f 1087 1259 1258
f 1375 1279 1207
f 1208 1234 1233
f 1211 1233 1280
f 1233 1209 1210
f 1211 1209 1233
f 1232 1178 1260
f 1153 1213 1310
f 1211 1214 1212
f 1180 1235 1181
f 1235 1217 1236
f 1414 1182 1236
f 1263 1126 1237
f 1126 1183 1237
f 1317 1159 998
f 1266 1317 998
f 1189 1318 1239
f 1101 1268 1189
f 1102 1348 1268
f 1241 1388 1102
f 1441 1219 1220
f 1130 1190 1269
f 1162 1130 1243
f 1271 1162 1243
f 1270 1323 1244
f 1221 1162 1245
f 1221 1133 1162
f 1221 1245 1070
f 1245 1288 1070
f 1070 1399 1108
f 1072 1108 1290
f 1399 1070 1358
f 1289 1070 1288
f 1270 1222 1272
f 1290 1291 1246
f 1135 1356 1247
f 1360 1109 1328
f 1248 982 1223
f 1249 1428 1136
f 1274 1224 1293
f 1365 1075 1274
f 1250 1365 1041
f 1462 1041 1332
f 1081 1252 1251
f 1081 1225 1368
f 1253 1112 1080
f 1112 1253 1298
f 1276 1112 1299
f 1226 1403 1139
f 1300 1228 1141
f 1335 1255 989
f 1141 1229 1277
f 1277 1229 1302
f 1144 1302 1229
f 1256 1302 1230
f 1303 1257 1018
f 1018 1257 1169
f 1203 1340 1168
f 1205 1471 1203
f 1204 1304 1171
f 1205 1119 1305
f 1119 1306 1305
f 1050 1258 1306
f 1173 1307 1259
f 1234 1279 1233
f 1279 1280 1233
f 1260 1153 1309
f 1211 1280 1261
f 1211 1261 1214
f 1261 1262 1214
f 1376 1310 1281
f 1214 1262 1216
f 1310 1124 1281
f 1314 1216 1262
f 1216 1314 1180
f 1156 1281 1124
f 1217 1180 1314
f 1180 1217 1235
f 1263 1156 1126
f 1344 1414 1236
f 1184 1186 1158
f 1186 1187 1060
f 1265 1159 1438
f 1565 1159 1317
f 1318 1160 1239
f 1387 1348 1102
f 1388 1387 1102
f 1244 1269 1242
f 1269 1244 1323
f 1162 1271 1245
f 1272 1324 1270
f 1245 1326 1288
f 1070 1289 1358
f 1327 1359 1163
f 1362 1328 1109
f 1363 982 1248
f 1194 1364 1193
f 1504 1364 1273
f 1332 1041 1365
f 1077 1367 1197
f 1297 1402 1137
f 1137 1402 1298
f 1298 1253 1137
f 1464 1369 1138
f 1084 1403 1335
f 1084 1254 1403
f 989 1255 1301
f 1201 1143 1145
f 1145 1143 1338
f 1338 1046 1145
f 1340 1203 1471
f 1147 1278 1204
f 1204 1278 1473
f 1473 1304 1204
f 1231 1373 1088
f 1259 1407 1258
f 1088 1518 1207
f 1173 1232 1307
f 1308 1279 1375
f 1279 1311 1280
f 1261 1280 1262
f 1262 1280 1311
f 1314 1262 1379
f 1414 1264 1184
f 1414 1381 1264
f 1184 1264 1382
f 1183 1185 1237
f 1382 1186 1184
f 1237 1265 1438
f 1160 1317 1266
f 1383 1385 1063
f 1348 1416 1268
f 1241 1219 1388
f 1441 1388 1219
f 1283 1285 1282
f 1286 1285 1283
f 1285 1286 1282
f 1130 1269 1325
f 1325 1269 1355
f 1130 1325 1243
f 1324 1323 1270
f 1243 1325 1271
f 1290 1108 1399
f 1288 1326 1289
f 1222 1247 1356
f 1291 1327 1163
f 1135 1360 1361
f 1292 1192 1581
f 1428 1249 1363
f 1294 1295 1293
f 1400 1274 1293
f 1400 1293 1295
f 1273 1364 1195
f 1275 1196 1042
f 1225 1138 1368
f 1298 1333 1112
f 1510 1334 1198
f 1299 1466 1276
f 1226 1276 1403
f 1139 1403 1254
f 1141 1336 1300
f 1141 1277 1336
f 1277 1302 1336
f 989 1301 1143
f 1302 1256 1514
f 1257 1339 1169
f 1205 1558 1471
f 1205 1305 1780
f 1171 1304 1406
f 1258 1407 1306
f 1373 1518 1088
f 1518 1375 1207
f 1259 1307 1374
f 1232 1260 1309
f 1232 1309 1435
f 1376 1153 1310
f 1376 1309 1153
f 1262 1311 1379
f 1312 1376 1281
f 1156 1263 1343
f 1236 1342 1344
f 1217 1342 1236
f 1414 1345 1381
f 1601 1237 1438
f 1438 1159 1315
f 1315 1159 1439
f 1439 1159 1565
f 1218 1316 1188
f 1437 1316 1218
f 1063 1267 1383
f 1189 1268 1318
f 1063 1567 1240
f 1283 1282 1320
f 1320 1282 1349
f 1349 1282 1393
f 1321 1283 1320
f 1282 1284 1393
f 1393 1284 1423
f 1322 1283 1321
f 1283 1322 1286
f 1322 1352 1286
f 1284 1282 1455
f 1286 1352 1353
f 1286 1287 1282
f 1353 1287 1286
f 1287 1354 1282
f 1355 1269 1323
f 1355 1323 1324
f 1271 1326 1245
f 1290 1399 1291
f 1356 1272 1222
f 1135 1361 1356
f 1552 1293 1428
f 1294 1293 1552
f 1294 1329 1295
f 1330 1329 1294
f 1329 1330 1295
f 1331 1295 1330
f 1331 1400 1295
f 1366 1332 1365
f 1251 1401 1296
f 1401 1251 1252
f 1297 1197 1367
f 1368 1138 1369
f 1299 1112 1333
f 1276 1466 1403
f 1300 1467 1228
f 1468 1335 1403
f 1302 1514 1431
f 1256 1230 1514
f 1340 1230 1168
f 1147 1339 1278
f 1205 1780 1558
f 1206 1373 1231
f 1206 1406 1373
f 1407 1259 1374
f 1410 1308 1341
f 1279 1410 1311
f 1279 1308 1410
f 1311 1410 1379
f 1413 1313 1379
f 1379 1313 1314
f 1412 1281 1522
f 1342 1314 1313
f 1281 1343 1522
f 1156 1343 1281
f 1314 1342 1217
f 1238 1187 1641
f 1439 1438 1315
f 1346 1316 1437
f 1316 1267 1063
f 1384 1160 1318
f 1567 1063 1385
f 1220 1064 1441
f 1064 1386 1441
f 1422 1320 1349
f 1321 1320 1422
f 1393 1423 1319
f 1321 1350 1322
f 1350 1395 1322
f 1284 1396 1423
f 1395 1351 1322
f 1352 1322 1351
f 1284 1455 1396
f 1455 1282 1354
f 1355 1324 1272
f 1325 1355 1271
f 1271 1355 1326
f 1398 1326 1355
f 1357 1272 1356
f 1326 1272 1357
f 1358 1326 1357
f 1326 1358 1289
f 1361 1357 1356
f 1292 1248 1192
f 1361 1328 1362
f 1248 1622 1363
f 1362 1193 1364
f 1363 1550 1428
f 1294 1331 1330
f 1552 1331 1294
f 1274 1400 1365
f 1365 1400 1505
f 1195 1275 1587
f 1296 1401 1506
f 1509 1297 1367
f 1081 1368 1252
f 1298 1402 1333
f 1464 1334 1629
f 1510 1198 1199
f 1200 1511 1227
f 1200 1228 1511
f 1255 1335 1469
f 1300 1336 1370
f 1336 1302 1370
f 1302 1553 1370
f 1553 1302 1431
f 1338 1143 1337
f 1338 1371 1046
f 1046 1371 1303
f 1230 1404 1514
f 1405 1404 1230
f 1406 1372 1373
f 1407 1305 1306
f 1308 1375 1341
f 1410 1378 1379
f 1376 1312 1377
f 1380 1312 1281
f 1281 1412 1380
f 1342 1414 1344
f 1639 1237 1599
f 1186 1382 1187
f 1564 1316 1346
f 1564 1267 1316
f 1160 1384 1317
f 1347 1240 1567
f 1064 1347 1386
f 1349 1393 1422
f 1350 1321 1422
f 1319 1423 1421
f 1351 1397 1352
f 1352 1424 1353
f 1397 1424 1352
f 1425 1287 1353
f 1354 1287 1425
f 1272 1398 1355
f 1326 1398 1272
f 1358 1357 1458
f 1426 1357 1361
f 1360 1328 1361
f 1581 1359 1327
f 1504 1427 1364
f 1400 1331 1552
f 1365 1505 1366
f 1042 1587 1275
f 1429 1402 1297
f 1511 1199 1227
f 1228 1467 1511
f 1403 1430 1468
f 1335 1468 1469
f 1230 1340 1405
f 1432 1780 1305
f 1685 1472 1305
f 1434 1407 1374
f 1307 1232 1435
f 1309 1376 1409
f 1476 1410 1341
f 1376 1377 1409
f 1410 1476 1378
f 1378 1476 1379
f 1413 1379 1411
f 1313 1413 1637
f 1342 1524 1414
f 1414 1479 1345
f 1237 1639 1263
f 1237 1601 1599
f 1382 1436 1187
f 1238 1641 1218
f 1383 1267 1385
f 1318 1416 1384
f 1416 1318 1268
f 1391 1390 1419
f 1420 1445 1391
f 1391 1490 1390
f 1489 1449 1392
f 1393 1319 1490
f 1446 1393 1490
f 1422 1393 1446
f 1422 1394 1350
f 1453 1350 1452
f 1493 1350 1453
f 1491 1423 1396
f 1350 1493 1395
f 1497 1455 1354
f 1354 1425 1457
f 1353 1424 1425
f 1458 1399 1358
f 1291 1399 1459
f 1327 1291 1459
f 1361 1362 1426
f 1364 1427 1362
f 1550 1363 1622
f 1273 1195 1587
f 1042 1506 1461
f 1668 1332 1366
f 1297 1509 1673
f 1429 1465 1402
f 1402 1299 1333
f 1466 1631 1403
f 1469 1301 1255
f 1553 1594 1370
f 1514 1404 1405
f 1303 1470 1257
f 1257 1470 1339
f 1842 1405 1340
f 1339 1470 1278
f 1305 1472 1432
f 1304 1433 1406
f 1685 1305 1407
f 1406 1433 1372
f 1435 1374 1307
f 1408 1341 1375
f 1474 1435 1309
f 1377 1561 1475
f 1377 1312 1561
f 1476 1411 1379
f 1411 1637 1413
f 1381 1345 1264
f 1382 1264 1525
f 1526 1436 1382
f 1436 1641 1187
f 1564 1346 1437
f 1565 1317 1415
f 1564 1385 1267
f 1347 1440 1386
f 1604 1441 1386
f 1481 1387 1388
f 1418 1487 1419
f 1390 1389 1418
f 1419 1390 1418
f 1445 1420 1419
f 1420 1391 1419
f 1392 1391 1445
f 1489 1392 1445
f 1390 1490 1389
f 1490 1391 1446
f 1391 1448 1446
f 1392 1447 1391
f 1449 1489 1450
f 1448 1422 1446
f 1490 1319 1451
f 1451 1319 1421
f 1392 1422 1447
f 1394 1422 1392
f 1350 1394 1392
f 1449 1350 1392
f 1350 1450 1570
f 1350 1449 1450
f 1350 1570 1452
f 1451 1421 1423
f 1451 1423 1491
f 1491 1396 1454
f 1493 1456 1395
f 1496 1455 1497
f 1395 1456 1351
f 1351 1456 1397
f 1354 1457 1497
f 1397 1498 1424
f 1425 1424 1498
f 1327 1459 1619
f 1709 1362 1504
f 1362 1427 1504
f 1585 1428 1550
f 1273 1587 1551
f 1552 1715 1400
f 1400 1460 1505
f 1461 1587 1042
f 1367 1462 1507
f 1252 1368 1463
f 1368 1369 1463
f 1629 1334 1510
f 1510 1199 1511
f 1511 1467 1630
f 1631 1430 1403
f 1370 1594 1300
f 1371 1338 1303
f 1514 1405 1596
f 1471 1556 1340
f 1278 1557 1473
f 1472 1780 1432
f 1304 1473 1517
f 1304 1517 1433
f 1737 1685 1407
f 1373 1372 1518
f 1518 1408 1375
f 1435 1474 1374
f 1408 1519 1341
f 1309 1409 1636
f 1341 1519 1476
f 1636 1409 1377
f 1475 1636 1377
f 1476 1477 1411
f 1380 1412 1312
f 1412 1478 1312
f 1478 1412 1522
f 1637 1523 1313
f 1313 1523 1342
f 1524 1342 1523
f 1525 1526 1382
f 1601 1438 1895
f 1218 1641 1437
f 1439 1688 1438
f 1317 1384 1415
f 1416 1348 1480
f 1528 1604 1386
f 1387 1481 1348
f 1604 1530 1441
f 1388 1441 1481
f 1417 1418 1482
f 1442 1444 1484
f 1417 1482 1418
f 1442 1418 1482
f 1484 1487 1442
f 1486 1442 1487
f 1486 1418 1442
f 1487 1418 1486
f 1418 1389 1443
f 1488 1535 1536
f 1536 1535 1419
f 1535 1445 1419
f 1489 1445 1535
f 1447 1448 1391
f 1489 1570 1450
f 1447 1422 1448
f 1451 1491 1539
f 1491 1454 1492
f 1454 1396 1492
f 1396 1455 1494
f 1492 1396 1494
f 1456 1493 1495
f 1455 1496 1494
f 1397 1456 1614
f 1457 1425 1574
f 1498 1397 1616
f 1498 1574 1425
f 1458 1544 1399
f 1459 1399 1619
f 1357 1544 1458
f 1501 1548 1577
f 1501 1502 1548
f 1550 1622 1584
f 1552 1428 1585
f 1665 1400 1715
f 1400 1665 1460
f 1505 1460 1665
f 1505 1668 1366
f 1506 1401 1720
f 1367 1508 1509
f 1673 1590 1297
f 1463 1369 1629
f 1297 1465 1429
f 1369 1464 1629
f 1594 1632 1300
f 1469 1513 1301
f 1431 1681 1553
f 1514 1681 1431
f 1337 1595 1338
f 1303 1555 1470
f 1515 1278 1470
f 1516 1556 1471
f 1278 1515 1557
f 1471 1558 1516
f 1682 1517 1473
f 1472 1685 1780
f 1407 1782 1737
f 1374 1559 1434
f 1476 1520 1477
f 1477 1520 1411
f 1411 1520 1521
f 1411 1521 1637
f 1522 1343 1263
f 1414 1524 1479
f 1438 1562 1895
f 1641 1436 1640
f 1641 1563 1437
f 1563 1564 1437
f 1690 1385 1564
f 1644 1416 1527
f 1527 1416 1603
f 1347 1602 1440
f 1416 1480 1603
f 1602 1528 1440
f 1386 1440 1528
f 1441 1529 1481
f 1441 1530 1529
f 1442 1482 1529
f 1442 1531 1568
f 1568 1444 1442
f 1529 1482 1651
f 1651 1482 1485
f 1488 1532 1483
f 1533 1483 1532
f 1533 1791 1483
f 1418 1485 1482
f 1443 1485 1418
f 1444 1419 1487
f 1488 1483 1534
f 1488 1534 1535
f 1483 1535 1534
f 1536 1444 1488
f 1536 1419 1444
f 1389 1653 1443
f 1535 1606 1489
f 1389 1490 1537
f 1653 1389 1451
f 1537 1451 1389
f 1490 1451 1537
f 1653 1451 1538
f 1451 1539 1538
f 1609 1491 1492
f 1453 1540 1493
f 1493 1540 1495
f 1494 1746 1492
f 1496 1497 1494
f 1494 1497 1541
f 1497 1615 1541
f 1543 1397 1614
f 1575 1397 1573
f 1573 1397 1543
f 1574 1542 1457
f 1498 1616 1576
f 1575 1616 1397
f 1578 1547 1499
f 1544 1619 1399
f 1501 1499 1547
f 1357 1545 1544
f 1500 1327 1619
f 1426 1546 1357
f 1500 1581 1327
f 1501 1547 1503
f 1502 1501 1503
f 1426 1362 1658
f 1581 1708 1292
f 1708 1248 1292
f 1248 1708 1622
f 1502 1503 1548
f 1503 1549 1548
f 1663 1504 1273
f 1503 1626 1549
f 1909 1587 1825
f 1587 1461 1825
f 1462 1332 1507
f 1367 1507 1508
f 1401 1252 1720
f 1590 1591 1297
f 1629 1510 1832
f 1510 1511 1832
f 1299 1679 1466
f 1680 1631 1466
f 1300 1512 1467
f 1468 1430 1469
f 1143 1554 1337
f 1681 1514 1735
f 1735 1514 1596
f 1338 1555 1303
f 1340 1556 1842
f 1557 1682 1473
f 1782 1407 1434
f 1518 1634 1408
f 1374 1597 1559
f 1634 1560 1408
f 1374 1474 1597
f 1474 1309 1597
f 1560 1519 1408
f 1636 1475 1890
f 1475 1561 1890
f 1598 1520 1476
f 1519 1598 1476
f 1345 1525 1264
f 1688 1439 1565
f 1415 1384 1565
f 1690 1567 1385
f 1384 1416 1566
f 1416 1644 1566
f 1567 1602 1347
f 1348 1646 1645
f 1348 1481 1646
f 1532 1648 1605
f 1532 1605 1533
f 1488 1444 1568
f 1569 1488 1568
f 1532 1488 1569
f 1444 1487 1484
f 1652 1443 1653
f 1489 1607 1570
f 1452 1570 1607
f 1539 1491 1538
f 1453 1452 1571
f 1540 1453 1571
f 1613 1495 1540
f 1456 1495 1572
f 1457 1615 1497
f 1574 1498 1576
f 1499 1501 1656
f 1656 1501 1577
f 1578 1579 1547
f 1754 1544 1545
f 1579 1580 1547
f 1809 1546 1426
f 1580 1503 1547
f 1362 1709 1658
f 1577 1548 1657
f 1657 1548 1621
f 1549 1621 1548
f 1625 1626 1503
f 1549 1626 1586
f 1626 1588 1586
f 1589 1549 1586
f 1673 1509 1508
f 1252 1463 1728
f 1591 1465 1297
f 1591 1592 1465
f 1402 1465 1299
f 1299 1593 1678
f 1465 1593 1299
f 1680 1466 1679
f 1301 1554 1143
f 1839 1554 1301
f 1840 1596 1405
f 1840 1405 1842
f 1555 1515 1470
f 1558 1780 1516
f 1780 1685 1683
f 1433 1843 1372
f 1372 1843 1518
f 1843 1634 1518
f 1309 1636 1597
f 1560 1598 1519
f 1522 1686 1478
f 1522 1263 1686
f 1263 1639 1972
f 1600 1525 1345
f 1599 1601 1927
f 1436 1526 1640
f 1562 1438 1688
f 1690 1564 1643
f 1785 1565 1384
f 1644 1384 1566
f 1480 1348 1603
f 1530 1604 1529
f 1647 1529 1604
f 1531 1647 1568
f 1529 1651 1649
f 1647 1442 1529
f 1531 1442 1647
f 1532 1569 1568
f 1605 1791 1533
f 1485 1443 1789
f 1789 1443 1652
f 1653 1538 1694
f 1489 1606 1607
f 1491 1609 1538
f 1492 1611 1609
f 1540 1610 1612
f 1540 1571 1610
f 1611 1492 1746
f 1495 1613 1697
f 1746 1494 1541
f 1495 1697 1572
f 1456 1572 1697
f 1456 1697 1614
f 1615 1699 1541
f 1573 1543 1616
f 1573 1616 1575
f 1705 1544 1754
f 1619 1544 1705
f 1546 1545 1357
f 1656 1577 1657
f 1580 1579 1503
f 1503 1579 1659
f 1426 1658 1809
f 1581 1500 1582
f 1620 1618 1662
f 1708 1581 1582
f 1503 1659 1583
f 1504 1663 1709
f 1583 1624 1503
f 1623 1584 1622
f 1624 1625 1503
f 1663 1273 1551
f 1664 1550 1584
f 1621 1549 1760
f 1715 1585 1761
f 1585 1715 1552
f 1551 1587 1909
f 1549 1589 1760
f 1627 1588 1626
f 1627 1671 1588
f 1589 1586 1669
f 1588 1628 1586
f 1586 1628 1669
f 1720 1252 1728
f 1672 1720 1728
f 1628 1673 1669
f 1590 1673 1628
f 1592 1593 1465
f 1678 1679 1299
f 1467 1512 1630
f 1300 1632 1512
f 1513 1839 1301
f 1337 1554 1595
f 1338 1595 1924
f 1735 1596 1840
f 1633 1555 1338
f 1842 1556 1516
f 2070 1843 1433
f 1520 1598 1784
f 1561 1312 1740
f 1846 1521 1520
f 1312 1478 1686
f 1637 1638 1523
f 1523 1638 1524
f 1479 1892 1345
f 1345 1849 1600
f 1688 1565 1642
f 1785 1384 1644
f 1348 1645 1603
f 1568 1647 1528
f 1528 1647 1604
f 1481 1529 1649
f 1649 1650 1481
f 1649 1651 1650
f 1651 1485 1789
f 1791 1693 1483
f 1483 1693 1535
f 1538 1608 1694
f 1538 1609 1608
f 1607 1695 1452
f 1610 1571 1612
f 1540 1612 1613
f 1746 1541 2028
f 1614 1655 1543
f 1542 1801 1457
f 1543 1803 1616
f 1542 1574 1700
f 1858 1574 1576
f 1576 1616 1859
f 1499 1656 1618
f 1578 1499 1617
f 1499 1618 1617
f 1578 1750 1579
f 1618 1701 1861
f 1617 1620 1939
f 1618 1620 1617
f 1619 1705 1500
f 1710 1662 1618
f 1662 1755 1620
f 1708 1582 1500
f 1809 1658 1660
f 1658 1709 1660
f 1659 1661 1583
f 1657 1621 1806
f 1583 1661 1624
f 1709 1663 1864
f 1755 1662 1712
f 1623 1622 1708
f 1712 1662 1710
f 1625 1624 1707
f 1585 1550 1664
f 1868 1621 1760
f 1715 1763 1665
f 1665 1666 1505
f 1589 1669 1760
f 1667 1668 1505
f 1671 1627 1767
f 1332 1668 1670
f 1332 1670 1507
f 1671 1628 1588
f 1767 1628 1671
f 1773 1628 1767
f 1508 1669 1673
f 1590 1628 1675
f 1674 1675 1628
f 1463 1629 1728
f 1676 1590 1675
f 1591 1590 1592
f 1676 1730 1590
f 1730 1592 1590
f 1832 1511 1834
f 1511 1630 1732
f 1430 1631 1469
f 1594 1553 2005
f 1924 1633 1338
f 1779 1682 1557
f 1682 2010 1684
f 1682 1684 1517
f 1634 1843 1844
f 1434 1559 1782
f 1634 1738 1560
f 1738 1739 1560
f 1597 1636 1888
f 1739 1783 1560
f 1560 1783 1598
f 1636 1890 1635
f 1740 1969 1561
f 1312 1686 1740
f 1846 1637 1521
f 1686 1263 1972
f 1639 2108 1972
f 1638 1479 1524
f 1345 1892 1849
f 1849 1525 1600
f 1601 1895 1894
f 1894 1895 1850
f 2015 1640 1526
f 1640 1563 1641
f 1688 1895 1562
f 1895 1688 1642
f 1689 1643 1564
f 1567 1691 1602
f 1602 1691 1528
f 1742 1528 1691
f 1528 1742 1568
f 1532 1568 1692
f 1646 1481 1650
f 1788 1791 1605
f 1535 1693 1606
f 1608 1653 1694
f 1452 1695 1571
f 1571 1696 1612
f 1795 1609 1611
f 1612 1696 1745
f 1795 1611 1746
f 1612 1654 1613
f 1613 1654 1697
f 1697 1698 1614
f 1541 1899 2028
f 1541 1699 1899
f 1615 1457 1801
f 1803 1543 1981
f 1542 1700 1801
f 1574 1858 1700
f 1859 1858 1576
f 1578 1901 1750
f 1748 1618 1656
f 1701 1618 1748
f 1750 1659 1579
f 1861 1710 1618
f 1939 1620 1755
f 1807 1702 1706
f 1546 1754 1545
f 1546 1809 1942
f 1500 1705 1708
f 1659 1704 1707
f 1807 1706 1941
f 1659 1707 1661
f 1864 1660 1709
f 1712 1711 1755
f 1706 1757 1941
f 1621 1868 1756
f 1806 1621 1756
f 1710 1714 1712
f 1661 1707 1624
f 1663 1551 1946
f 1712 1714 1718
f 1718 1759 1712
f 1714 1717 1718
f 1761 1585 1664
f 1625 1716 1626
f 1626 1716 1823
f 1626 1823 1719
f 1713 1764 1757
f 1626 1719 1627
f 1718 1717 1824
f 1824 1717 1771
f 1627 1719 1722
f 1666 1667 1505
f 1722 1767 1627
f 1668 1667 1670
f 1667 1725 1670
f 1507 1670 1508
f 1726 1729 1721
f 1628 1773 1674
f 1728 1629 1769
f 1674 1773 1675
f 1773 1676 1675
f 1730 1676 1773
f 1592 1730 1593
f 1593 1730 1677
f 1593 1677 1678
f 1678 1677 1679
f 1511 1732 1834
f 1679 1677 1680
f 1836 1732 1630
f 1677 1733 1680
f 1733 1677 1777
f 1733 1777 1631
f 1680 1733 1631
f 1512 1836 1630
f 1512 1632 1836
f 1632 1594 2005
f 1681 1735 1922
f 1734 1595 1554
f 1840 1842 1841
f 1515 1555 1633
f 1682 1779 2010
f 1433 1517 2070
f 1781 1737 1782
f 1559 1597 1782
f 1636 1635 1888
f 1784 1846 1520
f 1686 1972 1926
f 1639 1599 2108
f 1850 1895 2111
f 1564 1563 1689
f 1691 1567 1690
f 1690 1741 1691
f 1741 1786 1691
f 1742 1692 1568
f 1650 1651 1646
f 1605 1648 1788
f 1651 1789 1787
f 1791 1788 1790
f 1743 1607 1606
f 1695 1856 1571
f 1571 1744 1696
f 1795 1746 1857
f 1612 1745 1654
f 1697 1654 1798
f 1746 2028 1797
f 1614 1698 1655
f 1801 1699 1615
f 1900 1747 1543
f 1747 1981 1543
f 1803 1802 1616
f 1578 1617 1901
f 1751 1752 1702
f 1752 1805 1702
f 1702 1807 1751
f 1751 1807 1752
f 1702 1753 1706
f 1753 1903 1706
f 1942 1754 1546
f 1810 1754 1942
f 1810 1705 1754
f 1705 1811 1708
f 1903 1812 1706
f 1711 1712 2087
f 1708 1815 1623
f 1706 1713 1757
f 1706 1813 1713
f 1758 1625 1707
f 1823 1716 1762
f 1713 1813 1764
f 1909 1987 1551
f 1763 1715 1761
f 1757 1764 1721
f 1763 1827 1665
f 1506 1875 1825
f 1760 1669 1870
f 1721 1764 1726
f 1764 1955 1726
f 1506 1720 1875
f 1717 1723 1771
f 1766 1828 1771
f 1722 1719 1767
f 1879 1721 2056
f 1767 1719 1765
f 1771 1723 1724
f 1669 1508 1957
f 1508 1670 1725
f 1724 1829 1771
f 1726 1768 1729
f 1721 1729 2056
f 1768 1830 1729
f 1771 1829 1770
f 1767 1765 1773
f 1830 1776 1729
f 1769 1629 1832
f 1731 2056 1729
f 1730 1773 1775
f 1729 1776 1731
f 1730 1775 1677
f 1776 1732 1731
f 1731 1732 1836
f 1677 1775 1777
f 1681 1922 1553
f 2101 1966 1735
f 1840 2101 1735
f 1516 1736 1842
f 1888 1782 1597
f 1634 1844 1738
f 1739 1738 1783
f 1738 2106 1783
f 1561 1969 1890
f 1740 1686 1926
f 1637 1846 1687
f 1637 1847 1638
f 1637 1687 1847
f 1601 1894 1927
f 1895 1642 1929
f 1565 1929 1642
f 1643 1689 1690
f 1690 1689 1741
f 1603 1644 1527
f 1851 1786 1741
f 1691 1786 1851
f 1742 1691 1851
f 1692 1976 1532
f 1976 1648 1532
f 1646 1651 1787
f 1789 1792 1932
f 1789 1652 1792
f 1693 1791 1606
f 1606 1791 1793
f 1652 1653 1792
f 1854 1793 1791
f 1606 1793 1743
f 1743 1793 1607
f 1793 1854 1607
f 1854 1695 1607
f 1608 1609 1795
f 1794 1795 1855
f 1571 1796 1744
f 1857 1746 1934
f 1934 1746 1797
f 1934 1797 2028
f 1698 1697 1798
f 1655 1900 1543
f 1699 1801 1800
f 1802 1859 1616
f 1617 1939 1901
f 1749 1659 1750
f 1860 1704 1659
f 1939 1755 1808
f 1657 1806 1937
f 1806 1756 2034
f 1755 1711 1808
f 1807 1941 1752
f 1942 1809 1660
f 1862 1866 1710
f 1710 1866 1714
f 1708 1814 1815
f 1623 1815 1584
f 1812 1813 1706
f 1712 1759 2087
f 1866 1817 1714
f 1707 1816 1758
f 1758 1816 1625
f 1941 1757 1945
f 1868 1760 1870
f 1759 1988 2087
f 1625 1816 1716
f 1714 1817 1717
f 1664 1584 1761
f 1716 1819 1762
f 1819 1716 1816
f 1819 1818 1762
f 1759 1718 1988
f 1818 1820 1821
f 1818 1821 1762
f 1762 1821 1823
f 1819 1820 1818
f 1821 1822 1823
f 1988 1718 1824
f 1757 1721 1879
f 1461 1506 1825
f 1824 1771 1911
f 1911 1771 1828
f 1827 1878 1665
f 1665 1878 1666
f 1870 1669 1952
f 1667 1666 1878
f 1878 1880 1667
f 1952 1669 1957
f 1720 1672 1954
f 1994 1828 1766
f 1766 1771 1994
f 1508 1727 1957
f 1765 1772 1773
f 1831 1994 1771
f 1771 1770 1831
f 2056 1731 2096
f 1775 1773 1774
f 1919 1732 1776
f 1921 1775 1835
f 1921 1838 1775
f 1775 1838 1777
f 1837 1836 1632
f 1838 1965 1777
f 1777 1965 1631
f 1631 1965 1469
f 1513 1469 1965
f 2005 1553 1922
f 1780 1683 1516
f 1738 1844 1845
f 1783 2106 1598
f 2106 1784 1598
f 1846 1847 1687
f 1479 1848 1892
f 1640 1930 1563
f 2074 1929 1565
f 1974 1689 1563
f 2074 1565 1785
f 2018 1603 1645
f 1896 2018 1645
f 1851 1692 1742
f 1646 1896 1645
f 1790 1898 1791
f 1852 1898 1790
f 1898 1854 1791
f 1792 1653 1853
f 1653 1608 1853
f 1853 1794 1792
f 1853 1795 1794
f 1608 1795 1853
f 1794 1855 2076
f 1571 1856 1796
f 1855 1795 1857
f 1799 1899 1699
f 1800 1799 1699
f 1935 1801 1700
f 1700 1858 1935
f 2029 1859 1802
f 1750 1901 1749
f 1656 1657 1937
f 1749 1860 1659
f 1901 1939 1983
f 1703 1702 1805
f 1748 1861 1701
f 1860 1940 1704
f 1804 1702 1703
f 1804 1902 1702
f 1702 1902 1753
f 1710 1861 1862
f 1937 1806 2034
f 1810 1906 1705
f 1660 1864 1942
f 1704 1905 1707
f 1863 1812 1903
f 1811 1705 1906
f 1811 1865 1708
f 1756 1868 2034
f 1905 1867 1707
f 1814 1708 1947
f 1871 1584 1814
f 1814 1584 1815
f 1863 1872 1813
f 1817 1866 1869
f 1820 1873 1821
f 1820 1874 1873
f 1820 1819 1874
f 1819 1816 1874
f 1873 1989 1822
f 1821 1873 1822
f 1989 1873 1874
f 1822 1989 1823
f 1717 1817 1826
f 1988 1824 1911
f 1763 1761 1827
f 1877 1823 1989
f 1764 1949 1955
f 1823 1877 1719
f 1826 1876 1717
f 1720 1825 1875
f 1717 1876 1723
f 2048 1911 1828
f 1719 1877 1765
f 1955 1881 1726
f 1724 1723 1829
f 1881 1768 1726
f 1508 1725 1913
f 1883 1772 1765
f 1672 1728 2054
f 2054 1728 1769
f 1829 1914 1770
f 1833 1774 1773
f 1831 1770 1917
f 1770 1915 1917
f 2171 1832 2000
f 1832 1834 2000
f 1775 1918 1835
f 1731 1836 1916
f 1632 2005 2179
f 1839 1513 1923
f 1839 1885 1554
f 1885 1595 1734
f 1840 1841 2101
f 2101 1841 2007
f 1842 2007 1841
f 1515 1967 1557
f 2103 1736 1516
f 1778 2103 1516
f 1516 1683 1778
f 1887 1779 1557
f 1779 2009 2010
f 2069 1685 1737
f 2011 2070 1517
f 1684 2011 1517
f 1781 2069 1737
f 1635 1889 1888
f 1738 1845 2013
f 1891 1846 2106
f 2106 1846 1784
f 1849 1892 1893
f 1894 1850 2111
f 2143 1526 1525
f 2111 1895 2016
f 1930 1640 1928
f 2074 1785 1644
f 2113 1975 1741
f 1975 1851 1741
f 2018 1644 1603
f 1976 1692 1851
f 1787 1896 1646
f 1788 1648 1931
f 1931 1790 1788
f 1787 1789 2116
f 1852 1790 1931
f 1933 1898 1852
f 1794 1932 1792
f 1695 1854 1856
f 1796 1696 1744
f 1696 1796 1745
f 1745 2120 1654
f 2148 1654 2120
f 1934 2028 2027
f 1654 2079 1798
f 1798 1655 1698
f 2028 1899 1799
f 2029 1803 1981
f 2029 1802 1803
f 1858 1859 2083
f 2150 2083 1859
f 1983 1939 1938
f 1860 2032 1940
f 1938 1939 1808
f 1903 1753 1902
f 1906 1810 1943
f 1864 1946 1942
f 1942 1904 1810
f 1812 1863 1813
f 1906 1865 1811
f 1906 1947 1865
f 1865 1947 1708
f 1946 1864 1663
f 2034 1868 2090
f 1868 1870 2090
f 1988 1908 2087
f 1707 1907 1816
f 1946 1551 1987
f 1813 1872 1948
f 1910 1813 1948
f 1813 1910 1764
f 1874 1816 1989
f 1584 1951 1761
f 1757 1879 2041
f 1950 1761 1951
f 1764 1910 1949
f 1827 1761 1950
f 1876 1953 1723
f 1878 1827 1912
f 1723 1953 2052
f 1877 1882 1765
f 1879 2056 2211
f 1880 1993 1667
f 1765 1882 1883
f 1913 1667 1993
f 1667 1913 1725
f 1723 1914 1829
f 2061 1727 1959
f 1727 2061 1957
f 1914 1915 1770
f 1962 1994 1831
f 1773 1772 1833
f 1731 1916 2096
f 1831 1917 1962
f 1833 1918 1775
f 1774 1833 1775
f 1776 1963 1919
f 1915 1961 1917
f 1918 1920 1835
f 1836 1837 2179
f 1837 1632 2179
f 1839 1923 1885
f 1554 1885 1734
f 1595 1885 1924
f 1736 2103 1842
f 2008 2009 1887
f 1887 2009 1779
f 2356 1683 1685
f 1843 2012 1844
f 1844 2013 1845
f 1782 1888 1968
f 1635 2240 1889
f 2240 1635 2357
f 1740 1926 1969
f 1638 1848 1479
f 1927 2108 1599
f 1525 1849 1893
f 2111 1927 1894
f 2015 1526 2143
f 1974 1930 1973
f 1930 1974 1563
f 1851 1975 2020
f 1648 1976 1931
f 1852 1931 1933
f 2116 1789 1932
f 1897 1932 1794
f 1898 1977 1854
f 1796 1856 2194
f 2194 1745 1796
f 1934 2311 1857
f 1654 2147 2079
f 1978 2027 2028
f 1858 2083 2080
f 1936 2150 1859
f 1748 1656 1937
f 1804 1703 2151
f 1748 1984 1861
f 1902 1985 1903
f 2087 1808 1711
f 1985 1863 1903
f 1946 1944 1942
f 2039 1943 1810
f 1906 1943 1947
f 1947 1871 1814
f 2205 1945 1757
f 1871 1951 1584
f 1988 1911 2204
f 1817 1869 1826
f 1909 1825 2042
f 1870 1952 1992
f 1950 1912 1827
f 1877 1989 1882
f 1949 2093 1955
f 1912 1880 1878
f 1952 1957 1992
f 1828 1994 2048
f 1957 1956 1992
f 1723 2052 1914
f 1672 2054 2053
f 1883 1882 1772
f 1881 1958 1768
f 1508 1959 1727
f 2054 1769 2168
f 1768 1958 1830
f 1994 1962 1996
f 2057 1769 1832
f 1957 2061 1884
f 1884 1997 1957
f 1960 1833 1772
f 1958 1998 1830
f 1998 1963 1830
f 1830 1963 1776
f 1962 1917 2062
f 1917 1961 2062
f 1916 1836 2098
f 1964 2134 1997
f 1884 1964 1997
f 1834 1732 2003
f 1835 1920 1921
f 1732 1919 2003
f 1965 1838 2004
f 2005 1922 2139
f 1965 1923 1513
f 1922 1735 2183
f 2183 1735 1966
f 1924 2068 1633
f 1842 2103 2007
f 1557 1967 1886
f 1683 2356 2187
f 1778 1683 2187
f 2012 2013 1844
f 1888 1889 1968
f 2013 2072 1738
f 1738 2072 2106
f 1970 1891 2106
f 1891 2014 1846
f 1846 2014 1847
f 2014 1971 1847
f 1893 2110 1525
f 2110 2143 1525
f 2245 2111 2016
f 1928 1973 1930
f 1895 1929 2112
f 1974 2017 1689
f 2017 2113 1741
f 1689 2017 1741
f 2018 2074 1644
f 1851 2020 1976
f 1787 2116 2023
f 2116 1932 1897
f 1933 1977 1898
f 1854 1977 1856
f 1856 1977 2078
f 1856 2078 2194
f 1798 2079 1655
f 1979 1980 1655
f 2028 1799 1978
f 1980 1900 1655
f 1900 1981 1747
f 1935 2080 1801
f 1858 2080 1935
f 2081 2029 1981
f 2029 1936 1859
f 1748 1937 2367
f 2367 2084 1748
f 1805 2151 1703
f 1749 2085 1860
f 2084 1984 1748
f 2031 2367 1937
f 1804 1985 1902
f 2031 1937 2034
f 1938 1808 2087
f 1861 1984 1862
f 1752 1941 2152
f 2036 1904 1942
f 1944 2036 1942
f 1905 2091 1867
f 1941 1945 2205
f 1810 1904 2036
f 2087 1908 1986
f 1946 2036 1944
f 2038 1810 2036
f 2038 2039 1810
f 2037 2036 1946
f 2091 1707 1867
f 1866 2035 1869
f 2040 1947 1943
f 1871 1947 2040
f 1908 1988 1986
f 2205 1757 2041
f 1907 1989 1816
f 1870 1992 2090
f 2041 1879 2160
f 2045 2046 1951
f 1951 2046 1950
f 1720 2047 1825
f 1950 2046 1990
f 1950 1990 1912
f 1879 2211 2160
f 2047 1720 1954
f 1990 2050 1880
f 1990 1880 1912
f 1989 1991 1882
f 1882 2128 1772
f 1913 1995 1508
f 1995 1959 1508
f 2168 1769 2057
f 2058 1915 1914
f 1832 2171 2057
f 1960 1999 1833
f 2000 2177 2171
f 1834 2003 2136
f 1963 2137 1919
f 1964 2138 2066
f 1920 2064 1921
f 1919 2137 2065
f 1919 2065 2063
f 1921 2004 1838
f 2006 2067 1923
f 1965 2006 1923
f 1633 2068 1515
f 1557 2008 1887
f 1925 2071 1843
f 1889 1781 1968
f 1968 1781 1782
f 1890 2357 1635
f 2357 1890 1969
f 1970 2107 1891
f 1969 1926 2243
f 1926 1972 2243
f 1847 2190 1638
f 1638 2190 1848
f 1892 1848 2190
f 1928 2304 1973
f 1974 2306 2017
f 2114 1976 2020
f 2019 2018 1896
f 1976 2021 1931
f 1931 2021 2022
f 2022 1933 1931
f 2117 2024 1933
f 1933 2024 1977
f 2076 1855 2025
f 1857 2311 1855
f 2148 2147 1654
f 2079 1979 1655
f 1901 1938 1749
f 1901 1983 1938
f 1982 2030 1749
f 1749 2030 2085
f 1860 2085 2032
f 2032 2030 1940
f 2030 2033 1940
f 1940 2033 1704
f 2089 1863 1985
f 1984 2035 1862
f 2033 1905 1704
f 2152 1941 2155
f 1862 2035 1866
f 2155 1941 2205
f 1863 1948 1872
f 2091 1907 1707
f 2037 1946 1987
f 2204 1986 1988
f 1943 2039 2040
f 1871 2040 2039
f 1987 1909 2042
f 1907 2044 1989
f 2044 2049 1989
f 2090 1992 2125
f 2035 1826 1869
f 2042 1825 2047
f 2159 1911 2048
f 1989 2049 1991
f 2046 2050 1990
f 2050 2127 1880
f 2048 1994 2051
f 1991 2128 1882
f 2094 1913 1993
f 2051 1994 1996
f 1995 1913 2095
f 1881 2059 1958
f 2278 1956 1957
f 2059 2133 1958
f 2060 1960 1772
f 1957 1997 2097
f 1915 2058 1961
f 2096 1916 2132
f 2058 2172 1961
f 2132 1916 2176
f 2176 1916 2098
f 2061 2001 1884
f 1884 2001 1964
f 1834 2136 2000
f 2179 2098 1836
f 2231 2134 1964
f 2003 1919 2063
f 1964 2066 2231
f 2138 2235 2066
f 2179 2005 2626
f 2626 2005 2139
f 1965 2004 2006
f 2185 2006 2004
f 1923 2067 1885
f 2068 1967 1515
f 2295 2103 1778
f 1886 2008 1557
f 2009 2239 2010
f 2070 1925 1843
f 2071 1925 2070
f 1843 2467 2012
f 1843 2071 2467
f 2012 2467 2013
f 2467 2104 2013
f 2013 2104 2072
f 2105 2106 2072
f 2299 2357 1969
f 2107 1970 2106
f 2107 2244 1891
f 2244 2014 1891
f 1972 2108 2243
f 2073 2190 1847
f 2108 1927 2109
f 2191 1893 1892
f 2016 1895 2112
f 1974 1973 2306
f 2074 2018 2144
f 2075 2020 1975
f 2021 1976 2114
f 1787 2023 1896
f 2022 2021 1933
f 2118 2116 1897
f 2118 1897 1794
f 1794 2076 2118
f 2077 2119 1977
f 1745 2194 2120
f 1934 2027 2026
f 1800 1978 1799
f 1982 1749 1938
f 2151 2201 1804
f 1805 1752 2152
f 2201 2086 1804
f 2084 2122 1984
f 1984 2122 2035
f 1905 2033 2091
f 2092 2262 2035
f 2036 2037 2038
f 2039 2038 2162
f 2162 2038 2163
f 1987 2042 2037
f 2039 2043 1871
f 1871 2043 1951
f 2208 1949 1910
f 2043 2045 1951
f 2035 1876 1826
f 2125 1992 2212
f 2046 2127 2050
f 2127 1993 1880
f 2053 1954 1672
f 1953 1876 2052
f 1992 1956 2212
f 2093 1881 1955
f 1993 2166 2129
f 2212 1956 2270
f 1993 2129 2094
f 2052 2055 1914
f 2130 1913 2094
f 2132 2056 2096
f 2128 2060 1772
f 2095 1913 2130
f 1956 2278 2270
f 1914 2055 2058
f 2278 1957 2227
f 2057 2171 2168
f 2167 1996 1962
f 1957 2097 2227
f 1959 2174 2061
f 2133 1998 1958
f 2097 1997 2227
f 2177 2175 2171
f 2061 2286 2001
f 2282 1962 2062
f 1999 2135 1833
f 1833 2135 1918
f 2172 2002 1961
f 1963 2099 2137
f 1918 2180 1920
f 2001 2233 1964
f 2291 1961 2002
f 2291 2062 1961
f 2138 1964 2181
f 2064 2004 1921
f 2066 2184 2140
f 1966 2101 2294
f 1924 1885 2141
f 2402 2101 2007
f 1924 2186 2068
f 2102 1967 2068
f 2008 2188 2009
f 2356 1685 2069
f 2296 2069 1781
f 2296 1781 1889
f 1847 1971 2073
f 2191 1892 2190
f 2109 1927 2111
f 2471 2111 2245
f 2015 1928 1640
f 2113 2017 2540
f 1929 2074 2411
f 2074 2144 2474
f 2019 2248 2018
f 2075 2114 2020
f 2019 1896 2716
f 2716 1896 2023
f 1933 2145 2117
f 1933 2021 2145
f 2024 2117 1977
f 1977 2119 2078
f 2025 2311 2076
f 1855 2311 2025
f 1801 2080 1800
f 2081 2316 2029
f 2080 2082 2121
f 2080 2083 2082
f 2083 2197 2196
f 1936 2254 2150
f 1982 1938 2483
f 2085 2030 2032
f 1938 2087 2483
f 2483 2087 2324
f 2034 2088 2031
f 2088 2034 2158
f 2089 2156 1863
f 2156 2157 1863
f 2034 2090 2158
f 2324 1986 2204
f 2033 2123 2091
f 1863 2157 1948
f 2123 1907 2091
f 2157 1910 1948
f 2037 2124 2038
f 2038 2124 2163
f 2163 2124 2037
f 2039 2162 2043
f 2205 2041 2160
f 2158 2090 2212
f 2262 2206 2035
f 2204 1911 2159
f 2162 2126 2043
f 2090 2125 2212
f 2206 1876 2035
f 2043 2126 2045
f 2045 2126 2046
f 2126 2215 2046
f 2046 2215 2127
f 2336 2048 2051
f 2216 2055 1876
f 2127 2166 1993
f 2053 2273 1954
f 1876 2055 2052
f 2131 1881 2093
f 2167 2051 1996
f 1881 2131 2059
f 2055 2224 2058
f 2224 2228 2058
f 2060 2170 1960
f 2228 2172 2058
f 2227 1997 2134
f 2174 2229 2061
f 2229 2286 2061
f 1998 2099 1963
f 1918 2135 2180
f 2291 2282 2062
f 2233 2181 1964
f 2180 2182 1920
f 2182 2064 1920
f 2353 2231 2066
f 2234 2063 2065
f 2066 2235 2184
f 2066 2140 2353
f 2237 2183 1966
f 2067 2006 1885
f 2186 2102 2068
f 2187 2295 1778
f 2404 2009 2188
f 2010 2239 1684
f 1684 2239 2142
f 2142 2011 1684
f 2297 1889 2240
f 2105 2072 2241
f 2105 2241 2106
f 2106 2300 2107
f 1969 2243 2242
f 2407 2108 2109
f 2471 2109 2111
f 1928 2246 2304
f 2192 2306 1973
f 2112 1929 2410
f 2474 2411 2074
f 2021 2114 2115
f 2145 2361 2117
f 2117 2251 1977
f 2077 1977 2251
f 2076 2415 2598
f 2076 2598 2362
f 2362 2118 2076
f 2076 2193 2415
f 2146 2193 2076
f 2076 2311 2146
f 2194 2078 2119
f 2311 1934 2026
f 2480 2027 1978
f 1978 2364 2480
f 1980 2549 2601
f 1900 1980 2601
f 1900 2081 1981
f 2080 2121 2253
f 2149 1936 2029
f 2196 2255 2083
f 2083 2255 2082
f 2197 2083 2150
f 2423 2030 1982
f 2151 1805 2152
f 2154 2122 2084
f 1804 2086 1985
f 2030 2319 2033
f 2155 2153 2152
f 2087 1986 2324
f 2154 2092 2122
f 2092 2035 2122
f 2259 2155 2322
f 2260 2322 2205
f 2322 2155 2205
f 2042 2163 2037
f 2207 2162 2163
f 2165 2042 2047
f 2162 2164 2126
f 2161 2159 2048
f 2044 2329 2049
f 2206 2216 1876
f 2210 2049 2329
f 2273 2165 2047
f 2208 2093 1949
f 2047 1954 2273
f 2161 2048 2336
f 2049 2267 1991
f 1991 2267 2128
f 2056 2132 2269
f 2341 2273 2053
f 2166 2130 2129
f 2341 2053 2054
f 2129 2130 2094
f 2131 2173 2059
f 2341 2054 2168
f 1959 2130 2169
f 1959 2095 2130
f 2059 2173 2133
f 2095 1959 1995
f 2342 2168 2171
f 2133 2173 1998
f 2282 2167 1962
f 2171 2346 2342
f 2227 2134 2345
f 2171 2175 2346
f 2345 2134 2348
f 1998 2178 2099
f 2179 2176 2098
f 2232 2233 2001
f 2099 2178 2137
f 2181 2459 2138
f 2064 2182 2004
f 2234 2065 2137
f 2398 2140 2184
f 2139 1922 2183
f 2006 2238 1885
f 1885 2238 2354
f 2354 2355 1885
f 1924 2141 2186
f 1967 2102 2186
f 1967 2141 2008
f 2295 2007 2103
f 1967 2008 1886
f 2104 2189 2072
f 2189 2298 2072
f 2072 2298 2241
f 1969 2242 2299
f 2015 2246 1928
f 2540 1975 2113
f 2021 2115 2145
f 2023 2116 2249
f 2309 2116 2118
f 2117 2361 2251
f 2310 2309 2118
f 2077 2251 2119
f 2195 2148 2120
f 2147 2314 2079
f 2079 2314 1980
f 1979 2079 1980
f 2316 2081 2365
f 2029 2316 2149
f 2149 2254 1936
f 2367 2317 2084
f 2151 2198 2256
f 2317 2200 2084
f 2201 2151 2256
f 2151 2199 2370
f 2151 2152 2199
f 2199 2152 2370
f 2152 2153 2370
f 2086 2201 1985
f 2201 2202 1985
f 2153 2155 2259
f 2202 2203 1985
f 2203 2089 1985
f 2157 2263 1910
f 2123 2329 1907
f 2263 2330 1910
f 2205 2160 2328
f 1910 2330 2208
f 2265 2206 2262
f 2159 2161 2204
f 2162 2207 2164
f 1907 2329 2044
f 2042 2165 2163
f 2164 2207 2126
f 2209 2163 2165
f 2207 2163 2213
f 2160 2217 2328
f 2163 2209 2213
f 2206 2331 2216
f 2211 2217 2160
f 2208 2214 2093
f 2126 2207 2215
f 2215 2207 2213
f 2211 2056 2217
f 2214 2268 2093
f 2215 2218 2127
f 2049 2210 2267
f 2127 2218 2166
f 2216 2222 2055
f 2051 2271 2336
f 2268 2219 2093
f 2218 2221 2166
f 2267 2220 2128
f 2093 2219 2131
f 2276 2055 2222
f 2166 2169 2130
f 2221 2169 2166
f 2271 2051 2167
f 2219 2173 2131
f 2055 2276 2224
f 2128 2225 2060
f 2342 2341 2168
f 2169 2226 1959
f 2060 2225 2170
f 1959 2226 2283
f 2510 2167 2282
f 2285 2172 2228
f 2170 2225 1960
f 2225 1999 1960
f 2173 2279 1998
f 2279 2284 1998
f 2174 1959 2229
f 2451 2002 2285
f 2285 2002 2172
f 2391 2135 1999
f 2346 2175 2177
f 2346 2177 2000
f 2289 2001 2286
f 1998 2288 2178
f 2176 2179 2347
f 2000 2136 2396
f 2001 2230 2232
f 2232 2181 2233
f 2179 2626 2347
f 2178 2292 2137
f 2063 2352 2003
f 2520 2231 2353
f 2138 2459 2235
f 2004 2182 2185
f 2100 2140 2398
f 2100 2236 2140
f 2185 2238 2006
f 2101 2402 2294
f 2355 2141 1885
f 2186 2141 1967
f 2295 2402 2007
f 2187 2356 2295
f 2404 2239 2009
f 2071 2070 2631
f 2070 2011 2631
f 2297 2296 1889
f 2104 2467 2189
f 2241 2588 2106
f 2106 2588 2300
f 2300 2014 2244
f 2407 2358 2243
f 2243 2108 2407
f 1893 2191 2303
f 1893 2303 2110
f 2110 2015 2143
f 2015 2473 2246
f 2112 2592 2016
f 2304 2192 1973
f 2304 2305 2192
f 2192 2595 2306
f 2306 2540 2017
f 1975 2540 2247
f 2475 2144 2018
f 2075 1975 2247
f 2249 2716 2023
f 2115 2361 2145
f 2249 2116 2250
f 2309 2250 2116
f 2361 2308 2251
f 2310 2118 2362
f 2415 2193 2417
f 2193 2146 2311
f 2312 2194 2119
f 2313 2418 2311
f 2600 2120 2194
f 2311 2026 2313
f 2120 2600 2195
f 2148 2195 2147
f 2027 2480 2026
f 2364 1978 2602
f 2602 1978 1800
f 1900 2481 2081
f 2253 1800 2080
f 2081 2481 2365
f 2121 2082 2253
f 2200 2257 2084
f 2258 2030 2423
f 2084 2257 2154
f 2030 2258 2319
f 2203 2202 2089
f 2031 2088 2488
f 2261 2089 2320
f 2089 2261 2156
f 2156 2261 2157
f 2154 2375 2092
f 2088 2158 2488
f 2157 2261 2263
f 2204 2378 2324
f 2264 2158 2212
f 2212 2434 2264
f 2204 2161 2378
f 2266 2214 2208
f 2215 2213 2218
f 2217 2056 2269
f 2434 2212 2270
f 2272 2213 2209
f 2218 2213 2272
f 2209 2165 2272
f 2272 2274 2218
f 2221 2218 2274
f 2275 2219 2268
f 2340 2272 2165
f 2269 2132 2217
f 2273 2341 2165
f 2132 2335 2217
f 2340 2165 2341
f 2220 2225 2128
f 2169 2221 2223
f 2277 2219 2275
f 2173 2219 2279
f 2277 2279 2219
f 2224 2276 2228
f 2283 2169 2343
f 2169 2283 2226
f 2278 2227 2280
f 2280 2227 2345
f 2132 2176 2347
f 2281 2284 2279
f 2225 2391 1999
f 1959 2283 2229
f 2342 2346 2514
f 1998 2284 2288
f 2396 2346 2000
f 2289 2230 2001
f 2002 2287 2291
f 2135 2391 2180
f 2134 2520 2348
f 2282 2291 2349
f 2134 2231 2520
f 2288 2292 2178
f 2290 2292 2288
f 2137 2292 2234
f 2063 2234 2292
f 2235 2459 2184
f 2100 2398 2236
f 2464 2402 2295
f 2764 2069 2296
f 2357 2299 2406
f 2299 2469 2406
f 2107 2300 2244
f 2299 2242 2469
f 2300 2301 2014
f 2302 1971 2014
f 2470 2243 2358
f 2302 2073 1971
f 2472 2109 2471
f 2016 2592 2245
f 2473 2304 2246
f 2592 2112 2637
f 2637 2112 2410
f 2410 1929 2359
f 2359 1929 2411
f 2475 2018 2248
f 2114 2075 2247
f 2114 2476 2115
f 2417 2252 2415
f 2195 2314 2147
f 2149 2316 2254
f 2254 2197 2150
f 1982 2420 2423
f 2198 2151 2370
f 2370 2153 2368
f 2368 2153 2373
f 2202 2201 2256
f 2153 2259 2373
f 2154 2257 2371
f 2320 2202 2318
f 2373 2259 2322
f 2483 2324 2425
f 2202 2320 2089
f 2371 2321 2154
f 2319 2323 2033
f 2325 2320 2318
f 2321 2375 2154
f 2261 2320 2325
f 2323 2379 2033
f 2261 2325 2263
f 2033 2379 2123
f 2158 2264 2556
f 2092 2375 2262
f 2262 2375 2265
f 2263 2325 2330
f 2327 2325 2326
f 2123 2379 2329
f 2205 2328 2260
f 2327 2330 2325
f 2265 2331 2206
f 2326 2330 2327
f 2378 2161 2336
f 2332 2330 2326
f 2208 2330 2266
f 2332 2266 2330
f 2331 2222 2216
f 2329 2437 2210
f 2214 2266 2268
f 2437 2267 2210
f 2434 2270 2502
f 2266 2332 2268
f 2275 2268 2332
f 2271 2167 2336
f 2444 2270 2278
f 2337 2272 2340
f 2274 2272 2337
f 2277 2275 2338
f 2339 2340 2341
f 2221 2274 2223
f 2223 2274 2169
f 2342 2388 2341
f 2274 2343 2169
f 2277 2281 2279
f 2278 2280 2344
f 2514 2388 2342
f 2280 2345 2344
f 2281 2277 2338
f 2392 2281 2338
f 2284 2281 2288
f 2396 2394 2346
f 2512 2345 2348
f 2451 2287 2002
f 2510 2282 2452
f 2282 2451 2452
f 2282 2349 2451
f 2281 2350 2288
f 2290 2288 2350
f 2232 2230 2351
f 2136 2003 2352
f 2180 2293 2182
f 2347 2626 2625
f 2292 2290 2350
f 2351 2181 2232
f 2350 2063 2292
f 2139 2528 2626
f 2139 2183 2528
f 2461 2185 2182
f 2236 2398 2583
f 2185 2463 2238
f 2760 2400 2236
f 2238 2463 2354
f 2401 1966 2294
f 2294 2402 2401
f 2355 2630 2141
f 2295 2356 2465
f 2356 2069 2405
f 2467 2468 2189
f 2240 2663 2297
f 2240 2357 2406
f 2242 2243 2470
f 2536 2407 2109
f 2109 2472 2536
f 2820 2144 2475
f 2114 2247 2476
f 2639 2249 2250
f 2250 2309 2639
f 2478 2415 2252
f 2251 2548 2119
f 2417 2193 2719
f 2193 2311 2418
f 2313 2026 2418
f 2601 2481 1900
f 2602 1800 2253
f 2419 2254 2316
f 2196 2082 2255
f 2422 2202 2256
f 2200 2371 2257
f 2421 2483 2425
f 2318 2202 2552
f 2425 2324 2426
f 2373 2322 2376
f 2322 2260 2376
f 2325 2318 2374
f 2488 2158 2556
f 2374 2326 2325
f 2431 2324 2378
f 2376 2260 2498
f 2375 2377 2265
f 2432 2326 2374
f 2260 2328 2498
f 2431 2378 2336
f 2265 2377 2331
f 2496 2431 2336
f 2379 2380 2329
f 2498 2328 2565
f 2380 2437 2329
f 2326 2432 2332
f 2432 2381 2332
f 2331 2382 2222
f 2333 2496 2336
f 2437 2438 2267
f 2438 2443 2267
f 2217 2334 2565
f 2443 2220 2267
f 2332 2381 2275
f 2270 2444 2502
f 2217 2335 2334
f 2275 2381 2338
f 2383 2222 2382
f 2383 2384 2222
f 2222 2384 2276
f 2336 2167 2442
f 2337 2385 2274
f 2386 2340 2339
f 2386 2337 2340
f 2385 2387 2274
f 2132 2441 2335
f 2445 2338 2381
f 2388 2339 2341
f 2274 2387 2343
f 2570 2390 2225
f 2228 2389 2285
f 2441 2132 2347
f 2344 2345 2512
f 2390 2391 2225
f 2343 2393 2283
f 2514 2346 2394
f 2229 2393 2286
f 2283 2393 2229
f 2286 2393 2395
f 2286 2395 2289
f 2520 2512 2348
f 2390 2180 2391
f 2347 2625 2733
f 2281 2392 2350
f 2396 2136 2518
f 2349 2287 2451
f 2395 2522 2289
f 2518 2136 2352
f 2289 2522 2230
f 2349 2291 2287
f 2520 2353 2698
f 2351 2397 2181
f 2397 2459 2181
f 2350 2526 2063
f 2529 2063 2526
f 2293 2527 2182
f 2353 2140 2750
f 2182 2527 2461
f 2140 2236 2750
f 2750 2236 2531
f 2531 2236 2400
f 2462 2183 2237
f 2185 2399 2463
f 2237 1966 2401
f 2463 2355 2354
f 2630 2403 2141
f 2141 2403 2008
f 2188 2008 2403
f 2239 2534 2142
f 2241 2298 2586
f 2301 2302 2014
f 2470 2358 2407
f 2191 2190 2073
f 2303 2191 2539
f 2110 2303 2015
f 2471 2245 2590
f 2670 2590 2245
f 2015 2408 2473
f 2670 2245 2592
f 2409 2304 2408
f 2408 2304 2473
f 2304 2409 2305
f 2306 2595 2540
f 2307 2247 2540
f 2115 2476 2412
f 2115 2412 2638
f 2248 2019 2716
f 2638 2361 2115
f 2716 2249 2543
f 2361 2360 2308
f 2309 2310 2413
f 2310 2362 2598
f 2417 2416 2252
f 2548 2312 2119
f 2719 2193 2418
f 2312 2479 2194
f 2479 2600 2194
f 2363 2418 2026
f 2195 2642 2314
f 2825 2026 2480
f 2316 2365 2419
f 2366 2253 2082
f 2368 2680 2370
f 2680 2424 2370
f 2553 2370 2424
f 2421 2425 2426
f 2422 2552 2202
f 2370 2553 2490
f 2486 2370 2490
f 2373 2376 2427
f 2258 2607 2319
f 2428 2318 2552
f 2371 2372 2321
f 2318 2428 2374
f 2321 2372 2375
f 2372 2377 2375
f 2324 2431 2426
f 2498 2427 2376
f 2323 2430 2379
f 2264 2434 2562
f 2430 2436 2379
f 2501 2433 2495
f 2377 2435 2331
f 2380 2379 2436
f 2435 2439 2331
f 2440 2501 2495
f 2328 2217 2565
f 2331 2439 2382
f 2566 2508 2440
f 2336 2442 2333
f 2334 2335 2441
f 2382 2384 2383
f 2504 2445 2381
f 2384 2382 2276
f 2382 2509 2276
f 2220 2443 2225
f 2444 2278 2344
f 2385 2337 2386
f 2385 2386 2387
f 2339 2388 2386
f 2387 2386 2447
f 2442 2167 2510
f 2445 2450 2338
f 2449 2387 2447
f 2228 2276 2389
f 2387 2449 2343
f 2388 2514 2513
f 2389 2451 2285
f 2450 2448 2454
f 2449 2393 2343
f 2338 2450 2392
f 2392 2450 2453
f 2394 2396 2518
f 2450 2454 2453
f 2390 2455 2180
f 2457 2453 2454
f 2180 2455 2456
f 2625 2656 2733
f 2392 2457 2350
f 2352 2458 2518
f 2230 2522 2351
f 2180 2456 2293
f 2351 2522 2519
f 2352 2525 2458
f 2529 2352 2063
f 2184 2459 2581
f 2185 2461 2399
f 2237 2401 2402
f 2661 2402 2464
f 2188 2403 2404
f 2295 2662 2464
f 2465 2662 2295
f 2356 2405 2917
f 2405 2069 2917
f 2764 2917 2069
f 2587 2588 2241
f 2242 2470 2469
f 2407 2536 2470
f 2191 2073 2302
f 2303 2539 2015
f 2472 2471 2590
f 2015 2539 2408
f 2359 2637 2410
f 2192 2305 2595
f 2541 2542 2540
f 2540 2542 2307
f 2476 2247 2307
f 2361 2638 2360
f 2545 2477 2252
f 2251 2414 2548
f 2598 2415 2478
f 2417 2719 2416
f 2363 2026 2825
f 2480 2675 2825
f 2314 2721 1980
f 2721 2549 1980
f 2550 2419 2365
f 2082 2196 2366
f 2196 2197 2604
f 1982 2678 2420
f 1982 2483 2482
f 2483 2487 2482
f 2483 2421 2487
f 2367 2484 2317
f 2422 2256 2486
f 2485 2484 2367
f 2367 2031 2485
f 2031 2484 2485
f 2317 2482 2200
f 2482 2371 2200
f 2031 2369 2484
f 2486 2554 2422
f 2487 2371 2482
f 2421 2426 2487
f 2422 2554 2552
f 2423 2555 2258
f 2487 2489 2371
f 2487 2426 2489
f 2490 2554 2486
f 2371 2489 2372
f 2555 2607 2258
f 2490 2553 2493
f 2554 2490 2429
f 2426 2431 2489
f 2319 2607 2323
f 2489 2431 2491
f 2372 2489 2377
f 2490 2493 2429
f 2607 2430 2323
f 2428 2492 2374
f 2429 2493 2433
f 2433 2374 2492
f 2493 2495 2433
f 2491 2431 2494
f 2374 2433 2432
f 2493 2563 2495
f 2563 2497 2495
f 2494 2431 2496
f 2611 2495 2497
f 2500 2435 2561
f 2499 2435 2500
f 2439 2435 2499
f 2496 2500 2494
f 2437 2380 2438
f 2433 2501 2432
f 2496 2333 2500
f 2432 2501 2381
f 2611 2440 2495
f 2381 2501 2504
f 2504 2501 2440
f 2503 2443 2438
f 2566 2440 2611
f 2439 2567 2382
f 2333 2505 2500
f 2504 2440 2508
f 2567 2509 2382
f 2333 2506 2505
f 2334 2441 2615
f 2333 2442 2506
f 2504 2507 2445
f 2508 2566 2446
f 2507 2504 2508
f 2507 2508 2445
f 2225 2443 2570
f 2506 2442 2509
f 2276 2509 2569
f 2448 2508 2446
f 2508 2448 2445
f 2448 2450 2445
f 2386 2574 2447
f 2571 2344 2512
f 2446 2511 2448
f 2574 2386 2388
f 2447 2574 2575
f 2574 2388 2513
f 2510 2452 2389
f 2447 2575 2393
f 2449 2447 2393
f 2448 2511 2454
f 2452 2451 2389
f 2511 2517 2454
f 2733 2655 2347
f 2514 2394 2513
f 2393 2515 2395
f 2390 2620 2516
f 2518 2513 2394
f 2516 2455 2390
f 2621 2513 2518
f 2517 2521 2454
f 2392 2453 2457
f 2522 2395 2519
f 2458 2621 2518
f 2577 2293 2456
f 2521 2524 2454
f 2457 2454 2526
f 2519 2523 2351
f 2457 2526 2350
f 2525 2579 2458
f 2579 2578 2458
f 2526 2454 2529
f 2523 2459 2351
f 2351 2459 2397
f 2524 2529 2454
f 2525 2352 2529
f 2530 2460 2529
f 2525 2529 2460
f 2528 2183 2659
f 2183 2462 2659
f 2184 2916 2398
f 2461 2582 2399
f 2582 2532 2399
f 2399 2532 2463
f 2463 2532 2629
f 2355 2463 2629
f 2237 2402 2661
f 2466 2534 2404
f 2404 2534 2239
f 2534 2584 2142
f 2631 2142 2585
f 2631 2467 2071
f 2142 2631 2011
f 2468 2535 2189
f 2663 2240 2406
f 2189 2535 2298
f 2535 2586 2298
f 2587 2241 2586
f 2406 2469 2665
f 2589 2301 2300
f 2469 2470 2633
f 2635 2536 2636
f 2536 2472 2636
f 2538 2191 2537
f 2538 2539 2191
f 2408 2305 2409
f 2411 2474 2594
f 2144 2594 2474
f 2476 2774 2412
f 2248 2982 2475
f 2672 2248 2716
f 2639 2543 2249
f 2638 2308 2360
f 2308 2544 2251
f 2310 2546 2413
f 2477 2546 2252
f 2546 2478 2252
f 2252 2416 2545
f 2719 2547 2416
f 2479 2641 2600
f 2642 2195 2600
f 2480 2722 2675
f 2366 2196 2253
f 2197 2254 2723
f 2604 2676 2196
f 2678 1982 2482
f 2256 2198 2486
f 2420 2679 2423
f 2198 2370 2486
f 2679 2551 2423
f 2031 2488 2605
f 2488 2556 2605
f 2940 2373 2427
f 2607 2555 2558
f 2552 2554 2492
f 2552 2492 2428
f 2554 2429 2492
f 2553 2606 2493
f 2429 2559 2492
f 2489 2491 2557
f 2563 2493 2606
f 2489 2557 2377
f 2429 2433 2559
f 2492 2559 2433
f 2609 2264 2562
f 2557 2491 2560
f 2557 2560 2377
f 2560 2491 2561
f 2564 2430 2610
f 2560 2561 2377
f 2377 2561 2435
f 2380 2430 2564
f 2563 2611 2497
f 2491 2500 2561
f 2491 2494 2500
f 2430 2380 2436
f 2438 2380 2564
f 2500 2505 2499
f 2499 2505 2439
f 2434 2444 2613
f 2502 2444 2434
f 2506 2439 2505
f 2506 2567 2439
f 2509 2567 2506
f 2566 2654 2446
f 2568 2444 2344
f 2509 2442 2569
f 2442 2510 2569
f 2510 2389 2276
f 2569 2510 2276
f 2390 2570 2572
f 2573 2390 2572
f 2573 2620 2390
f 2574 2623 2575
f 2623 2574 2619
f 2571 2512 2737
f 2393 2575 2515
f 2737 2512 2698
f 2515 2575 2739
f 2698 2512 2520
f 2515 2739 2395
f 2576 2395 2739
f 2395 2576 2519
f 2455 2577 2456
f 2621 2458 2578
f 2293 2577 2527
f 2459 2523 2657
f 2527 2624 2580
f 2353 2750 2627
f 2524 2530 2529
f 2626 2528 2659
f 2912 2581 2459
f 2525 2702 2751
f 2527 2580 2461
f 2460 2702 2525
f 2658 2916 2184
f 2461 2580 2582
f 2583 2398 2916
f 2760 2531 2400
f 2531 2760 2705
f 2355 2629 2533
f 2661 2464 2815
f 2403 2466 2404
f 2465 2356 2662
f 2584 2585 2142
f 2977 2764 2296
f 2296 2297 2977
f 2663 2708 2297
f 2467 2632 2468
f 2406 2709 2663
f 2633 2634 2469
f 2588 2589 2300
f 2635 2666 2536
f 2302 2537 2191
f 2636 2472 2590
f 2539 2591 2408
f 2593 2305 2408
f 2305 2671 2595
f 2540 2595 2541
f 2594 2144 2820
f 2248 2672 2982
f 2716 2543 2717
f 2309 2596 2639
f 2546 2309 2413
f 2546 2310 2598
f 2251 2927 2414
f 2598 2478 2546
f 2549 2721 2601
f 2364 2722 2480
f 2364 2602 2722
f 2603 2254 2419
f 2645 2679 2420
f 2369 2317 2484
f 2551 2555 2423
f 2607 2558 2608
f 2607 2608 2430
f 2556 2609 2648
f 2608 2558 2430
f 2556 2264 2609
f 2427 2498 2838
f 2558 2610 2430
f 2562 2686 2609
f 2563 2682 2611
f 2613 2686 2562
f 2434 2613 2562
f 2564 2612 2438
f 2612 2503 2438
f 2565 2334 2790
f 2503 2612 2443
f 2612 2653 2443
f 2689 2566 2611
f 2444 2568 2616
f 2653 2614 2691
f 2617 2653 2691
f 2443 2653 2617
f 2571 2568 2344
f 2572 2443 2617
f 2443 2572 2570
f 2441 2347 2850
f 2850 2347 2655
f 2573 2572 2620
f 2572 2618 2620
f 2513 2619 2574
f 2511 2743 2517
f 2513 2621 2699
f 2619 2513 2699
f 2739 2575 2623
f 2576 2523 2519
f 2577 2455 2624
f 2577 2624 2527
f 2521 2517 2524
f 2698 2353 2627
f 2524 2628 2530
f 2624 2701 2580
f 2184 2581 2658
f 2530 2628 2460
f 2582 2703 2532
f 2760 2236 2583
f 2703 2629 2532
f 2462 2237 3178
f 2662 2356 2917
f 2917 2764 3224
f 2406 2665 2709
f 2586 2664 2587
f 2469 2634 2665
f 2301 2589 2302
f 2666 2470 2536
f 2302 2668 2537
f 2538 2537 2539
f 2636 2590 2670
f 2591 2711 2408
f 2593 2408 2924
f 2924 2408 2711
f 2411 2637 2359
f 2594 2771 2411
f 2820 2475 2982
f 2307 2542 2476
f 2823 2597 2638
f 2638 2597 2308
f 2597 2544 2308
f 2546 2673 2309
f 2673 2546 2477
f 2414 2674 2548
f 2312 2548 2718
f 2312 2718 2599
f 2312 2599 2479
f 2642 2641 2479
f 2600 2641 2642
f 2826 2825 2675
f 2642 2721 2314
f 2644 2481 2601
f 2365 2481 2644
f 2550 2603 2419
f 2196 2676 2253
f 2678 2482 2317
f 2420 2678 2645
f 2724 2369 2031
f 2031 2605 2724
f 2551 2679 2555
f 2724 2605 2556
f 2368 2373 2940
f 2679 2647 2555
f 2646 2606 2424
f 2424 2606 2553
f 2555 2647 2558
f 2558 2647 2650
f 2651 2558 2650
f 2558 2651 2610
f 2563 2606 2682
f 2610 2651 2564
f 2564 2651 2612
f 2838 2498 2684
f 2682 2689 2611
f 2651 2688 2612
f 2498 2565 2790
f 2688 2652 2612
f 2612 2652 2653
f 2613 2444 2616
f 2692 2568 2571
f 2617 2732 2572
f 2732 2693 2572
f 2737 2692 2571
f 2446 2654 2511
f 2693 2618 2572
f 2694 2620 2618
f 2516 2622 2455
f 2516 2620 2622
f 2656 2625 2696
f 2695 2696 2625
f 2739 2623 2619
f 2621 2578 2699
f 2745 2657 2576
f 2576 2657 2523
f 2455 2700 2624
f 2860 2698 2750
f 2625 2626 2659
f 2657 2749 2459
f 2579 2525 2748
f 2751 2748 2525
f 2754 2459 2865
f 2750 2531 3071
f 2701 2703 2580
f 2580 2703 2582
f 2658 2757 2916
f 2629 2762 2533
f 2533 2762 2355
f 2762 2707 2355
f 2464 2662 2815
f 2467 2631 2632
f 2664 2588 2587
f 2589 2588 2664
f 2634 2633 2665
f 2767 2633 2470
f 2767 2470 2666
f 2666 2635 2767
f 2302 2667 2668
f 2537 2669 2539
f 2669 2768 2539
f 2637 2411 2771
f 2541 2595 2542
f 2773 2820 2982
f 2412 2823 2638
f 2639 2596 2543
f 2673 2477 2309
f 2544 2927 2251
f 2548 2674 2718
f 2418 2640 2719
f 2599 2776 2479
f 2479 2720 2642
f 2644 2601 2778
f 2644 2550 2365
f 2315 2253 2676
f 2723 2254 2603
f 2197 2677 2604
f 2723 2677 2197
f 2645 2678 2679
f 2678 2317 2369
f 2649 2884 2606
f 2681 2651 2650
f 2682 2606 2884
f 2836 2609 2883
f 2683 2685 2651
f 2684 2498 2790
f 2682 2687 2689
f 2651 2685 2688
f 2613 2616 2728
f 2652 2690 2653
f 2689 2792 2566
f 2792 2730 2566
f 2653 2690 2614
f 2614 2690 2691
f 2691 2690 2729
f 2566 2730 2654
f 2728 2616 2568
f 2615 2441 2850
f 2691 2732 2617
f 2737 2698 2795
f 2622 2620 2808
f 2738 2862 2511
f 2696 2695 2656
f 2511 2862 2743
f 2619 2803 2739
f 2695 2625 2659
f 2739 2745 2576
f 2744 2699 2578
f 2622 2700 2455
f 2517 2743 2524
f 2743 2628 2524
f 2657 2745 2749
f 2750 2698 2627
f 3071 2531 2756
f 2531 2660 2756
f 2706 2583 2916
f 2660 2531 2705
f 2583 2706 2760
f 2705 2760 2706
f 3178 2237 2661
f 2815 3178 2661
f 2355 2707 2630
f 3224 2764 3022
f 2663 2709 3024
f 2586 2535 2664
f 2589 2667 2302
f 2635 2636 2710
f 2636 2670 3027
f 3027 2670 2592
f 2539 2768 2591
f 2770 2592 2637
f 2593 2712 2305
f 2305 2713 2671
f 2595 2671 2714
f 2715 2823 2412
f 2543 2596 2717
f 2596 2309 2477
f 2416 2547 2873
f 2640 2547 2719
f 2479 2776 2875
f 2875 2824 2479
f 2826 2675 3150
f 2601 2827 2778
f 2602 2253 2779
f 2603 2550 2644
f 2253 2315 2779
f 2680 2828 2424
f 2940 2782 2368
f 2424 2833 2646
f 2646 2833 2606
f 2679 2784 2647
f 2556 2648 2724
f 2606 2833 2649
f 2648 2609 2724
f 2724 2609 2836
f 2647 2681 2650
f 2725 2681 2647
f 2651 2681 2725
f 2651 2725 2683
f 2685 2683 2788
f 2609 2686 2883
f 2690 2688 2685
f 2687 2726 2689
f 2688 2690 2652
f 2792 2689 2726
f 2613 2886 2686
f 2886 2613 2728
f 2847 2334 2615
f 2729 2690 2727
f 2691 2729 2732
f 2850 2847 2615
f 2654 2730 2731
f 2654 2731 2734
f 2733 2850 2655
f 2896 2654 2734
f 2735 2736 2732
f 2693 2732 2618
f 2736 2735 2796
f 2511 2654 2964
f 2618 2732 2736
f 2695 2961 2733
f 2511 2964 2738
f 2656 2695 2733
f 2694 2808 2620
f 2697 2699 2798
f 2619 2697 2803
f 2747 2742 2808
f 2798 2699 2804
f 2619 2699 2697
f 2699 2744 2804
f 2700 2622 2808
f 2742 2747 2811
f 2743 2863 2628
f 2578 2579 2906
f 2700 2809 2624
f 2749 2752 2459
f 2752 2865 2459
f 2912 2459 2754
f 2701 2810 2703
f 2755 2460 2628
f 2702 2460 2755
f 2659 2462 2704
f 2703 2759 2629
f 2629 2761 2762
f 2705 2706 2660
f 2816 2632 2631
f 2468 2632 2535
f 2535 2766 2664
f 2665 2633 2767
f 2635 2710 2767
f 3027 2592 2770
f 3029 2770 2637
f 2305 2712 2713
f 2637 2771 3029
f 2595 2714 2926
f 2771 2594 2820
f 2819 2820 2773
f 2476 2542 2774
f 2775 2715 2412
f 2672 2716 2982
f 2715 2775 2823
f 2717 2596 3086
f 2716 2717 3086
f 2596 2477 3086
f 2927 2544 2597
f 2477 2545 2416
f 2985 2477 2416
f 2873 2547 2640
f 2718 2776 2599
f 2824 2777 2479
f 2479 2777 2720
f 2643 2721 2642
f 2877 2601 2721
f 2877 2827 2601
f 2879 2315 2676
f 2677 2988 2604
f 2988 2723 3097
f 2678 2989 2679
f 2989 2830 2679
f 2782 2680 2368
f 2830 2784 2679
f 2828 2783 2424
f 2783 2831 2424
f 2424 2831 2833
f 2940 2427 2834
f 2784 2785 2647
f 2833 2837 2649
f 2647 2785 2725
f 2785 2683 2725
f 2683 2785 2786
f 2787 2683 2786
f 2683 2787 2788
f 2884 2687 2682
f 2685 2788 2690
f 2844 2791 2687
f 2687 2791 2726
f 2690 2788 2727
f 2883 2686 2886
f 2792 2726 2791
f 2790 2334 2952
f 2792 2791 2848
f 2847 2952 2334
f 2886 2728 2568
f 2730 2792 2848
f 2729 2793 2732
f 2889 2568 2692
f 2890 2850 2733
f 2794 2735 2793
f 2793 2735 2732
f 2733 2961 3114
f 2735 2794 2796
f 2964 2654 2896
f 2618 2736 2694
f 2796 2799 2747
f 2736 2796 2747
f 2747 2799 2740
f 2694 2736 2801
f 2747 2808 2801
f 2736 2747 2801
f 2694 2801 2808
f 2803 2697 2798
f 2800 2803 2798
f 2854 2803 2800
f 2856 2803 2854
f 2798 2804 2802
f 2803 2856 2739
f 2738 2964 2862
f 2739 2856 2745
f 2856 2741 2745
f 2805 2741 2856
f 2578 2806 2804
f 2744 2578 2804
f 2747 2740 2746
f 2695 2659 2861
f 2741 2805 2745
f 2807 2745 2805
f 2808 2742 2809
f 2863 2743 2862
f 2745 2807 2749
f 2808 2809 2700
f 2806 2578 2906
f 2860 2750 3015
f 2747 2746 2811
f 2906 2579 2748
f 2809 2742 2753
f 2809 2701 2624
f 2864 2748 2751
f 2742 2811 2753
f 2864 2751 2702
f 2864 2702 2911
f 2753 2810 2809
f 2867 2911 2702
f 2701 2809 2810
f 2910 2812 2628
f 2812 2867 2702
f 2753 2811 2813
f 2628 2812 2755
f 2702 2755 2812
f 2658 2581 2914
f 2753 2813 2810
f 2758 2704 2462
f 2810 2814 2703
f 2813 2814 2810
f 2703 2814 2759
f 2759 2814 2629
f 2629 2814 2761
f 2815 2662 3223
f 2630 2707 2403
f 2585 2816 2631
f 2708 3024 2297
f 2663 3024 2708
f 2766 3026 2664
f 2664 3026 2589
f 2817 2589 3026
f 2589 2817 2667
f 2767 2710 2921
f 2667 2818 2668
f 2668 2669 2537
f 2710 2636 3027
f 2768 2769 2591
f 2712 2671 2713
f 2819 3030 2771
f 2671 2926 2714
f 2771 2820 2819
f 2595 2926 3085
f 2772 2595 3085
f 2595 2772 2542
f 2772 3031 2542
f 2542 3031 2774
f 2821 2412 2871
f 2412 2821 2822
f 2822 2775 2412
f 2822 2823 2775
f 2823 2984 2597
f 2414 2927 2674
f 2416 2873 2985
f 2674 2874 2776
f 2718 2674 2776
f 2363 2876 2418
f 2825 2876 2363
f 2824 2642 2777
f 2876 2825 2826
f 2642 2986 2643
f 2721 2643 2877
f 2675 3035 3150
f 3035 2675 2722
f 2602 3096 2722
f 2602 2779 3096
f 2603 2781 2723
f 2723 2988 2677
f 2369 2724 2678
f 2830 2832 2784
f 2784 2832 2945
f 2724 2836 3155
f 2784 2945 2785
f 2834 2427 2835
f 2835 2427 2838
f 2649 2837 2884
f 2839 2841 2785
f 2841 2786 2785
f 2885 2687 2884
f 2786 2841 2788
f 2787 2786 2788
f 2684 2840 2838
f 2788 2789 2727
f 2727 2789 2846
f 3051 2845 2849
f 2727 2954 2888
f 2888 2793 2727
f 2727 2793 2729
f 2850 2890 2847
f 2730 2848 2731
f 2889 2692 2893
f 2890 2733 3114
f 2893 2692 2737
f 2893 2737 2795
f 2731 2896 2734
f 2796 2794 2799
f 2852 2895 2894
f 2852 2797 2895
f 2798 2797 2852
f 2798 2898 2895
f 2797 2798 2895
f 2853 2798 2852
f 2960 2854 2853
f 2798 2853 2800
f 2854 2800 2853
f 2960 2856 2854
f 2855 2856 2960
f 2798 2802 2898
f 2859 2857 2964
f 2961 2695 2963
f 2740 2799 2966
f 2802 2804 2898
f 2900 2805 2856
f 2898 2804 2965
f 2862 2964 2857
f 2804 2806 2965
f 2795 2698 3015
f 3015 2698 2860
f 2740 2904 2746
f 2807 2805 2749
f 2749 2805 2903
f 2902 2806 2906
f 3015 2750 2907
f 2907 2750 3071
f 2863 2910 2628
f 2909 2748 2864
f 2906 2748 2909
f 2867 2812 2910
f 2659 2704 2758
f 2756 2660 2971
f 2706 2972 2660
f 2762 3078 2707
f 2707 3078 2403
f 2403 2974 2869
f 2869 2466 2403
f 2974 2466 2869
f 2534 2918 2584
f 2977 2297 3024
f 2816 2919 2632
f 2632 2978 2535
f 3420 3024 2709
f 2709 2765 3420
f 2709 2665 3025
f 2665 2767 2980
f 2921 2870 2767
f 2711 2591 2769
f 2712 3083 2671
f 2671 3083 2925
f 2671 2925 2926
f 2774 3144 2412
f 2871 2822 2821
f 2822 2872 2823
f 2871 2872 2822
f 2823 2872 2871
f 3086 2982 2716
f 3086 2477 3146
f 2927 2930 2674
f 2874 2875 2776
f 2642 2720 2777
f 2824 2932 2642
f 2642 2932 2986
f 2878 2603 2644
f 2315 2879 2780
f 2604 2879 2676
f 2782 2828 2680
f 2989 2678 3038
f 2782 2940 2828
f 2828 2829 2831
f 2828 2831 2783
f 2941 2724 3155
f 2940 2834 2880
f 2945 2832 2881
f 2943 2938 2882
f 2835 2838 3098
f 2837 3045 2884
f 2943 2882 2947
f 3098 2838 2946
f 2948 2882 2944
f 2997 2946 2838
f 2997 2838 2840
f 2947 2882 2842
f 2882 2948 2842
f 2788 2841 2846
f 2684 2790 2997
f 2842 2948 2845
f 2948 2843 2845
f 2950 2844 2687
f 2788 2846 2789
f 3102 2790 2952
f 2843 2887 2845
f 2951 2842 2845
f 2727 2846 2954
f 2951 2845 3051
f 2847 2890 2952
f 2845 2891 2849
f 2886 2568 2889
f 3002 3051 2849
f 2851 2849 2891
f 2849 2851 3002
f 2888 2892 2793
f 2848 2955 2731
f 2955 3263 2731
f 2894 2895 2958
f 2853 2852 2894
f 2851 3009 2899
f 2960 2853 3005
f 2799 2794 2897
f 2962 2855 2960
f 2855 2962 2856
f 3063 2795 3015
f 2856 2962 2900
f 2899 3009 3061
f 3009 2858 2905
f 2963 2695 3129
f 2857 2859 2862
f 2965 2806 2902
f 2740 2901 2904
f 2805 2900 2903
f 2861 3129 2695
f 2859 2967 2862
f 2862 2967 2863
f 2752 2749 2908
f 2861 2659 3018
f 2864 2911 2909
f 2911 2867 2910
f 2811 2913 2813
f 2811 2746 2913
f 2969 2659 2758
f 2915 2868 2813
f 2660 2972 2971
f 2813 2868 2814
f 2814 3019 2761
f 2403 2763 2974
f 2974 2975 2466
f 2466 2975 2534
f 2585 2584 2918
f 2764 2977 3022
f 2919 2978 2632
f 2709 3025 2765
f 2980 2767 2981
f 2767 2870 2981
f 2667 2922 2818
f 2668 2818 2923
f 3027 2770 3028
f 2924 2712 2593
f 3029 2771 3030
f 2982 2819 2773
f 3144 2774 3031
f 2871 2984 2823
f 3032 2674 2930
f 2674 3032 3033
f 2674 3033 2874
f 2876 2826 3089
f 2722 2987 3035
f 2933 2644 2778
f 2878 2644 2934
f 2603 2878 2934
f 3095 2781 2603
f 2988 2935 2604
f 2678 2724 2937
f 2936 2830 2989
f 2678 2937 2938
f 2936 2939 2830
f 3038 2678 2938
f 2830 2939 2832
f 2829 2942 2831
f 2881 2832 3039
f 2990 2938 2943
f 3040 2944 2938
f 2942 2833 2831
f 2834 2835 3098
f 2938 2944 2882
f 3155 2836 3041
f 2833 3045 2837
f 2836 2883 3041
f 2839 2945 2881
f 2945 2839 2785
f 2943 2947 3099
f 2885 2884 3045
f 2840 2684 2997
f 2885 2995 2687
f 3041 2883 3156
f 2995 2950 2687
f 2883 2886 3156
f 2996 2842 2949
f 2947 2842 2996
f 2841 3050 2846
f 2949 2842 2951
f 2844 2950 2791
f 3102 2952 2890
f 2846 3050 2954
f 3102 2890 3000
f 2791 2953 2848
f 2951 3051 2949
f 2845 2887 2891
f 2886 2889 2999
f 2954 3112 2888
f 2889 2893 2999
f 3000 2890 3114
f 2891 3122 2851
f 3263 3060 2731
f 3003 2853 2956
f 3005 2853 3003
f 2958 2895 2957
f 2956 2894 2958
f 2853 2894 2956
f 3202 2851 2899
f 2893 2795 3063
f 2731 3060 2896
f 2851 3122 3009
f 2960 3008 2962
f 2895 2898 3006
f 2966 2799 3065
f 2965 3062 2898
f 3009 3011 2858
f 2905 3061 3009
f 2966 2901 2740
f 2903 2900 2908
f 2908 2900 3014
f 2903 2908 2749
f 2967 3070 2863
f 2902 2906 3067
f 2752 2908 3014
f 2746 2904 2866
f 2907 3071 3016
f 2863 3070 2910
f 2754 2752 2968
f 2865 2752 2754
f 2746 2866 3073
f 2913 2746 3073
f 3071 2756 3016
f 3018 2659 2969
f 2756 2971 3016
f 2970 2658 2914
f 3134 2658 2970
f 2913 3073 2813
f 3073 2915 2813
f 2758 2462 2969
f 2658 3136 2757
f 2757 3136 2916
f 2462 3178 2969
f 2868 2915 2814
f 2814 2915 3019
f 2916 3075 2706
f 3358 3178 2815
f 3358 2815 3415
f 3019 3020 2761
f 2973 2762 2761
f 3077 2762 2973
f 3078 2762 3077
f 2975 2918 2534
f 2978 2920 2535
f 2920 2979 2535
f 2535 2979 2766
f 2665 2980 3025
f 3081 2922 2817
f 2817 2922 2667
f 2870 2921 2981
f 2668 2923 2669
f 2923 2768 2669
f 2924 3083 2712
f 2597 2930 2927
f 3087 2928 2985
f 2985 2928 3087
f 3149 2640 2931
f 3033 2875 2874
f 2824 2986 2932
f 2877 2643 2986
f 2827 2877 2778
f 3035 2987 3092
f 2933 2934 2644
f 2779 2315 3096
f 3095 2603 2934
f 2781 3095 2723
f 2723 3152 3097
f 2604 2935 2879
f 2828 3037 2829
f 3038 2938 2990
f 2937 2991 2938
f 2940 2880 3243
f 2939 3039 2832
f 2991 3040 2938
f 2942 3100 2833
f 3100 3042 2833
f 2990 2943 3099
f 2833 3042 3045
f 3099 2947 3339
f 2993 2994 2944
f 2839 3047 2841
f 3045 2995 2885
f 3048 2841 3047
f 3050 2841 3048
f 2790 3102 2997
f 3156 2886 3303
f 2948 2998 2843
f 2950 2953 2791
f 2998 3049 2843
f 3303 2886 3307
f 3102 3000 3160
f 3307 2886 3314
f 3314 2886 2999
f 2953 3255 2848
f 3255 3053 2848
f 3053 2955 2848
f 3112 2892 2888
f 3056 3003 3001
f 3005 3003 3056
f 2891 3117 3122
f 2958 2957 3004
f 3003 2958 3004
f 2956 2958 3003
f 2960 3005 3056
f 2957 2895 3006
f 2793 2959 2794
f 2959 3403 2794
f 2794 3403 3316
f 3202 2899 2892
f 3118 2962 3008
f 2892 2899 3061
f 3006 2898 3007
f 2896 3060 2964
f 3007 2898 3062
f 2963 3129 3213
f 2965 2902 3010
f 3012 3014 2900
f 3070 2967 3130
f 2866 2904 2966
f 3011 3068 2858
f 2906 2909 3069
f 2752 3014 2968
f 3017 2905 2858
f 3069 2909 2911
f 3070 3176 2910
f 2754 2581 2912
f 2914 2581 2970
f 2658 3134 3136
f 2971 2972 3074
f 3136 3075 2916
f 3074 2972 2706
f 3020 2973 2761
f 3415 2815 3721
f 2403 3078 2763
f 2763 3139 2974
f 2975 2974 3139
f 2917 3224 2662
f 3022 2977 3181
f 2585 3225 3079
f 2816 2585 3079
f 3080 3025 2980
f 3026 3140 2817
f 2710 3228 2921
f 3027 3228 2710
f 2818 3604 2923
f 3028 2770 3029
f 2769 2924 2711
f 2925 3085 2926
f 3185 3030 2819
f 2871 2983 2984
f 2982 3086 3145
f 2477 2985 3087
f 3146 2477 3087
f 2930 2929 3032
f 2640 3188 2931
f 3188 2640 3034
f 2640 2418 3034
f 2418 2876 3034
f 3091 2877 3285
f 2987 2722 3096
f 3152 2723 3095
f 3096 2315 3036
f 2780 3036 2315
f 2879 3036 2780
f 3037 3192 2829
f 2937 2724 3383
f 2989 3038 2936
f 2828 2940 3037
f 2724 2941 3383
f 3037 2940 3243
f 3038 2990 3099
f 2834 3243 2880
f 2992 2839 2881
f 2994 2998 2944
f 3339 2947 3046
f 2944 2998 2948
f 2947 2996 3046
f 3046 2996 2949
f 3110 3054 3106
f 3107 3052 3110
f 3110 3055 3054
f 3052 3055 3110
f 3052 3001 3055
f 2999 2893 3314
f 3055 3001 3054
f 3056 3001 3052
f 2891 2887 3117
f 3001 3057 3054
f 3057 3004 3054
f 3001 3003 3057
f 3003 3004 3057
f 3004 3109 3054
f 3056 3058 2960
f 3314 2893 3259
f 3004 2957 3109
f 3058 3113 2960
f 2960 3113 3115
f 2957 3006 3116
f 3006 3007 3116
f 2893 3063 3259
f 2963 3114 2961
f 3115 3118 2960
f 2793 2892 3168
f 2960 3118 3008
f 3316 3123 2794
f 3118 3210 2962
f 2794 3123 2897
f 2963 3213 3408
f 2897 3123 2799
f 3168 3061 3125
f 2799 3064 3065
f 2962 3171 2900
f 2900 3171 3012
f 3067 3066 2902
f 3066 3010 2902
f 2905 3013 3125
f 2901 2966 2904
f 3067 2906 3069
f 3173 2905 3017
f 2907 3016 3015
f 3014 3128 2968
f 2858 3068 3017
f 2968 3133 2754
f 2911 2910 3132
f 2861 3018 3129
f 3132 2910 3176
f 3018 2969 3219
f 3221 2706 3075
f 2763 3078 3077
f 3223 3721 2815
f 3180 3223 2662
f 3224 3022 3023
f 2918 3225 2585
f 3225 3275 2816
f 2765 3025 3182
f 2766 2979 3026
f 2980 2981 3080
f 2817 3140 3081
f 2921 3183 2981
f 2923 3082 2768
f 3084 3028 3029
f 3030 3084 3029
f 3084 3030 3279
f 3185 2819 3143
f 3143 2819 2982
f 3232 3144 3031
f 2412 3144 3234
f 2412 3234 2871
f 2871 3234 2983
f 3145 3086 3146
f 3186 2984 2983
f 3186 2597 2984
f 2930 2597 3186
f 2928 3430 3087
f 2985 2873 3087
f 2873 3147 3087
f 3284 2928 3087
f 2928 3284 3088
f 3033 3032 2875
f 2875 3032 3331
f 2824 3189 2986
f 3150 3089 2826
f 2877 2986 3189
f 3240 3150 3090
f 2877 3189 3285
f 2877 3091 2778
f 2933 2778 3191
f 3093 3191 2934
f 3093 2934 2933
f 2935 3153 2879
f 2935 2988 3153
f 3097 3153 2988
f 3192 3154 2829
f 3383 2991 2937
f 3154 2942 2829
f 3100 2942 3194
f 3155 3041 3381
f 3042 3100 3045
f 2944 3043 2993
f 3100 3044 3045
f 3044 2995 3045
f 3046 2949 3157
f 3101 3049 2998
f 3157 2949 3198
f 2997 3102 3160
f 3159 3054 3304
f 3104 3054 3159
f 3050 3105 2954
f 3104 3106 3054
f 3161 3106 3104
f 3054 3109 3304
f 3110 3161 3107
f 3106 3161 3110
f 2843 3049 2887
f 2949 3051 3108
f 3052 3107 3056
f 2954 3201 3112
f 3056 3113 3058
f 2887 3111 3117
f 2955 3163 3263
f 3111 3059 3117
f 3112 3166 2892
f 3059 3165 3117
f 2957 3116 3109
f 3453 3114 3119
f 3114 2963 3119
f 2963 3120 3119
f 3121 3116 3007
f 3165 3167 3117
f 2892 3061 3168
f 3117 3167 3122
f 3007 3062 3121
f 2963 3408 3120
f 2962 3210 3171
f 3121 3062 2965
f 3061 2905 3125
f 2799 3123 3064
f 2964 3126 2859
f 3066 2965 3010
f 2859 3126 2967
f 3009 3127 3011
f 3012 3171 3128
f 3130 2967 3126
f 3012 3128 3014
f 3068 3011 3131
f 3173 3131 3125
f 3125 3013 3173
f 3013 2905 3173
f 3213 3129 3546
f 2866 3072 3073
f 3129 3018 3219
f 2581 2754 2970
f 3073 3072 2915
f 3137 2915 3072
f 2971 3074 3179
f 2706 3221 3179
f 2706 3179 3074
f 2915 3076 3019
f 3019 3138 3020
f 2973 3020 3138
f 3224 3180 2662
f 3139 3274 2975
f 3224 3023 3363
f 3021 3225 2918
f 3225 2816 3079
f 3024 3420 2977
f 2919 2920 2978
f 3226 2979 2920
f 2765 3182 3420
f 3027 3028 3228
f 2769 3278 2924
f 3278 3230 2924
f 3141 3083 2924
f 3085 3324 2772
f 3142 3232 2772
f 2772 3232 3031
f 2929 2930 3186
f 3430 2928 3088
f 2640 3147 2873
f 3149 3147 2640
f 3032 3148 3237
f 3089 3332 2876
f 2876 3332 3034
f 3332 3089 3150
f 3150 3035 3090
f 3035 3092 3151
f 3096 3241 2987
f 3152 3095 3334
f 3334 3095 2934
f 3036 3241 3096
f 3097 3152 3334
f 3153 3036 2879
f 3097 3286 3153
f 3039 3244 2881
f 2991 3289 3040
f 2834 3098 3245
f 2944 3040 3289
f 2992 3296 2839
f 3293 3245 3098
f 3098 2946 3293
f 3293 2946 2997
f 2994 2993 2998
f 2993 3101 2998
f 3249 3158 3047
f 3047 3158 3048
f 3104 3159 3251
f 3494 3159 3304
f 3048 3158 3050
f 3161 3104 3195
f 3103 3200 2950
f 2949 3108 3198
f 2950 3200 2953
f 3161 3309 3107
f 3049 3199 2887
f 2887 3199 3111
f 3105 3201 2954
f 3162 3107 3309
f 3160 3000 3395
f 3162 3113 3107
f 3107 3113 3056
f 3000 3114 3395
f 3053 3163 2955
f 3395 3114 3453
f 3051 3002 3202
f 3113 3164 3115
f 3002 2851 3202
f 3109 3116 3313
f 3115 3164 3118
f 3166 3208 2892
f 3202 2892 3204
f 3259 3063 3207
f 3265 3204 2892
f 2959 2793 3265
f 2793 3168 3265
f 3351 3168 3125
f 3170 3171 3210
f 2964 3169 3126
f 3122 3167 3009
f 3351 3125 3124
f 3211 3064 3123
f 3066 3121 2965
f 3172 3171 3212
f 3124 3267 3351
f 3167 3267 3009
f 3124 3125 3267
f 3066 3067 3121
f 3009 3267 3127
f 3127 3267 3011
f 3011 3267 3125
f 3172 3128 3171
f 3065 3064 2966
f 3125 3131 3011
f 3063 3015 3461
f 3130 3216 3070
f 3068 3131 3173
f 3128 3356 2968
f 3015 3016 3461
f 3173 3174 3068
f 3173 3017 3174
f 2911 3132 3069
f 3133 2968 3356
f 3068 3174 3017
f 2966 3217 2866
f 3217 3218 2866
f 2866 3218 3072
f 3133 3270 2754
f 3270 2970 2754
f 3321 3016 3272
f 3016 2971 3272
f 2971 3135 3272
f 3220 3136 3134
f 3135 2971 3177
f 2915 3137 3138
f 3138 3077 2973
f 2976 3224 3363
f 2975 3021 2918
f 3363 3023 3022
f 3363 3022 3181
f 2816 3275 2919
f 3182 3025 3080
f 3518 3026 2979
f 3366 2981 3183
f 3081 3184 2922
f 2923 3561 3082
f 3082 3277 2768
f 3277 2769 2768
f 3520 3028 3084
f 3141 2924 3230
f 3083 3230 3562
f 3141 3230 3083
f 3280 3083 3562
f 3083 3280 2925
f 3279 3030 3185
f 2925 3324 3085
f 3143 3231 3185
f 3232 3233 3144
f 3087 3147 3284
f 3148 3032 2929
f 3149 2931 3187
f 3331 3238 2875
f 2824 2875 3238
f 3090 3035 3151
f 3285 3190 3091
f 3091 3190 2778
f 3191 3093 2933
f 2987 3241 3094
f 3191 3335 2934
f 3335 3334 2934
f 3334 3286 3097
f 2936 3039 2939
f 3154 3194 2942
f 2834 3245 3243
f 2944 3289 3193
f 3193 3043 2944
f 3381 3041 3294
f 3194 3044 3100
f 3047 2839 3296
f 3247 2995 3044
f 3303 3299 3156
f 3532 2997 3444
f 2995 3103 2950
f 3300 3159 3494
f 2993 3197 3101
f 2997 3160 3444
f 3104 3251 3195
f 3101 3197 3049
f 3196 3161 3195
f 3197 3199 3049
f 3050 3158 3105
f 3309 3161 3196
f 3501 3304 3109
f 3309 3310 3162
f 3256 3108 3051
f 3162 3310 3113
f 3199 3108 3111
f 3310 3312 3113
f 3111 3108 3059
f 3109 3313 3450
f 3113 3312 3164
f 3112 3201 3166
f 3053 3255 3163
f 3348 3118 3164
f 3163 3264 3263
f 3116 3121 3313
f 3202 3204 3059
f 3204 3206 3059
f 3206 3205 3059
f 3205 3165 3059
f 3208 3166 2959
f 3262 3121 3209
f 2892 3208 3265
f 3265 3208 2959
f 3263 3169 3060
f 3165 3267 3167
f 3060 3169 2964
f 3265 3351 3204
f 3168 3351 3265
f 3207 3063 3542
f 3170 3212 3171
f 3067 3268 3121
f 3064 3215 2966
f 3069 3214 3067
f 3215 3217 2966
f 3216 3176 3070
f 3356 3322 3133
f 3132 3176 3320
f 3270 3133 3322
f 3175 3412 3176
f 3270 3220 2970
f 2970 3220 3134
f 3177 2971 3220
f 3136 3220 3075
f 3075 3220 3221
f 2971 3179 3221
f 3220 2971 3221
f 2969 3178 3358
f 2915 3138 3076
f 3076 3138 3019
f 3415 3721 3515
f 3222 3077 3138
f 3139 2763 3077
f 3180 3361 3223
f 2977 3364 3556
f 2919 3226 2920
f 2981 3227 3080
f 3518 3140 3026
f 3183 3228 3366
f 3183 2921 3228
f 2922 3276 3604
f 3276 2922 3184
f 2922 3604 2818
f 3028 3323 3228
f 3423 3323 3028
f 3423 3028 3520
f 3082 3561 3277
f 3084 3279 3520
f 2925 3280 3324
f 3427 3143 2982
f 3144 3233 3234
f 2982 3281 3427
f 3234 3233 3282
f 3145 3281 2982
f 3145 3146 3235
f 3186 2983 3236
f 3146 3087 3610
f 2929 3237 3148
f 2824 3239 3189
f 3332 3150 3240
f 3189 3574 3285
f 2778 3190 3191
f 3094 3333 2987
f 3153 3242 3036
f 3380 2936 3038
f 2881 3244 3385
f 2881 3385 2992
f 3291 3294 3041
f 3043 3342 2993
f 3041 3156 3291
f 3291 3156 3295
f 3342 3344 2993
f 3290 3046 3246
f 3046 3157 3246
f 3293 2997 3532
f 3295 3156 3299
f 3247 3292 2995
f 3297 3159 3300
f 3297 3251 3159
f 3195 3251 3250
f 3301 3195 3250
f 3301 3253 3195
f 3305 3197 2993
f 3495 3494 3304
f 3195 3253 3196
f 3198 3108 3252
f 3108 3199 3252
f 3158 3254 3105
f 3310 3309 3196
f 3200 3255 2953
f 3256 3059 3108
f 3200 3401 3255
f 3401 3163 3255
f 3059 3256 3257
f 3256 3051 3257
f 3051 3202 3257
f 3201 3258 3166
f 3059 3257 3202
f 3261 3166 3258
f 3313 3121 3262
f 2959 3166 3261
f 3261 3203 2959
f 3118 3348 3260
f 3119 3120 3457
f 3118 3260 3210
f 3165 3205 3206
f 3458 3316 3403
f 3263 3264 3266
f 3204 3351 3206
f 3210 3260 3406
f 3263 3266 3169
f 3268 3209 3121
f 3210 3212 3170
f 3210 3353 3212
f 3211 3317 3064
f 3542 3063 3460
f 3069 3320 3214
f 3216 3175 3176
f 3069 3132 3320
f 3218 3271 3072
f 3271 3137 3072
f 3272 3135 3220
f 3135 3177 3220
f 3137 3273 3138
f 2969 3358 3357
f 3222 3138 3360
f 3223 3361 3721
f 3361 3180 3224
f 3224 2976 3362
f 2977 3556 3181
f 3227 3420 3182
f 3182 3080 3227
f 3367 3229 3081
f 3229 3276 3081
f 3081 3276 3184
f 2923 3604 3561
f 3277 3278 2769
f 3523 3520 3279
f 3522 3562 3230
f 3279 3185 3563
f 3429 3281 3145
f 3282 3283 3234
f 3234 3283 2983
f 2983 3283 3326
f 3145 3235 3429
f 3236 2983 3326
f 3087 3430 3610
f 3329 3186 3328
f 2929 3186 3329
f 3430 3088 3284
f 3147 3149 3187
f 3237 3330 3032
f 3331 3032 3330
f 3239 2824 3238
f 3189 3239 3574
f 3618 3191 3190
f 3092 2987 3333
f 3242 3241 3036
f 3153 3287 3242
f 3378 3192 3037
f 3192 3378 3154
f 3378 3440 3154
f 3440 3382 3154
f 2936 3380 3039
f 3038 3099 3379
f 3379 3099 3339
f 3037 3243 3288
f 2941 3155 3381
f 3154 3338 3194
f 3194 3338 3341
f 3289 3342 3193
f 3193 3342 3043
f 3341 3292 3194
f 3339 3046 3290
f 3532 3245 3293
f 3194 3292 3044
f 3291 3295 3294
f 3292 3247 3044
f 3344 3298 2993
f 3296 3249 3047
f 3248 3251 3297
f 3292 3390 2995
f 3248 3250 3251
f 2993 3298 3305
f 3302 3393 2995
f 3249 3391 3158
f 2995 3393 3103
f 3157 3252 3298
f 3298 3252 3305
f 3157 3306 3252
f 3157 3198 3306
f 3495 3304 3501
f 3198 3252 3306
f 3305 3308 3199
f 3197 3305 3199
f 3252 3308 3305
f 3252 3199 3308
f 3254 3399 3105
f 3105 3399 3201
f 3312 3310 3311
f 3312 3348 3164
f 3504 3313 3262
f 3314 3259 3349
f 3259 3207 3349
f 3206 3405 3165
f 3120 3408 3457
f 3165 3315 3267
f 3316 3211 3123
f 3406 3353 3210
f 3266 3350 3169
f 3268 3067 3318
f 3319 3172 3212
f 3317 3355 3064
f 3172 3319 3128
f 3460 3063 3461
f 3214 3354 3067
f 3319 3269 3128
f 3064 3355 3215
f 3214 3320 3354
f 3216 3130 3126
f 3128 3269 3356
f 3269 3464 3356
f 3546 3129 3595
f 3215 3355 3217
f 3412 3320 3176
f 3217 3355 3218
f 3218 3355 3271
f 3270 3322 3220
f 3322 3272 3220
f 3138 3414 3360
f 3552 3139 3077
f 3552 3274 3139
f 3470 2975 3274
f 2975 3470 3021
f 3470 3416 3021
f 3225 3418 3275
f 2919 3275 3419
f 2919 3419 3646
f 2977 3420 3364
f 3420 3227 3421
f 3226 3518 2979
f 3365 3227 2981
f 2981 3366 3365
f 3081 3140 3367
f 3523 3279 3563
f 3185 3231 3563
f 2772 3370 3142
f 3232 3142 3370
f 3653 3231 3143
f 3232 3325 3428
f 3232 3428 3233
f 3283 3282 3326
f 3235 3146 3474
f 3146 3610 3474
f 3327 3186 3236
f 3147 3430 3284
f 3188 3187 2931
f 3575 3285 3574
f 3240 3090 3332
f 3285 3433 3190
f 3433 3618 3190
f 3335 3191 3436
f 3436 3191 3435
f 3334 3335 3377
f 3334 3376 3286
f 3376 3287 3153
f 3286 3376 3153
f 3378 3037 3336
f 3380 3038 3379
f 3037 3288 3336
f 3289 2991 3383
f 3039 3380 3244
f 3380 3385 3244
f 3339 3290 3379
f 3300 3443 3386
f 3297 3300 3386
f 3296 3389 3249
f 3443 3300 3494
f 3345 3301 3248
f 3301 3250 3248
f 3295 3299 3388
f 3346 3298 3344
f 3343 3301 3345
f 2995 3390 3302
f 3246 3157 3346
f 3157 3298 3346
f 3299 3303 3388
f 3301 3392 3253
f 3388 3303 3307
f 3445 3388 3307
f 3396 3445 3307
f 3444 3160 3395
f 3501 3109 3450
f 3396 3307 3397
f 3310 3398 3311
f 3753 3395 3453
f 3397 3307 3314
f 3582 3450 3313
f 3313 3504 3582
f 3400 3260 3348
f 3457 3453 3119
f 3314 3349 3508
f 3539 3406 3260
f 3349 3405 3206
f 3405 3315 3165
f 3264 3350 3266
f 3211 3316 3458
f 3406 3352 3353
f 3267 3315 3351
f 3354 3407 3268
f 3318 3067 3354
f 3268 3318 3354
f 3408 3213 3510
f 3466 3356 3464
f 3356 3466 3322
f 3320 3412 3465
f 3129 3219 3595
f 3355 3413 3271
f 3271 3413 3137
f 3219 2969 3469
f 3137 3414 3273
f 3138 3273 3414
f 3222 3552 3077
f 3361 3224 3362
f 2919 3646 3226
f 3517 3226 3646
f 3368 3228 3323
f 3422 3277 3561
f 3278 3521 3230
f 3607 3280 3562
f 3563 3231 3653
f 3370 2772 3324
f 3325 3232 3370
f 3233 3428 3371
f 3233 3371 3282
f 3371 3236 3282
f 3326 3282 3236
f 3327 3372 3186
f 3372 3328 3186
f 2929 3329 3237
f 3034 3478 3188
f 3332 3478 3034
f 3432 3285 3575
f 3333 3094 3241
f 3376 3334 3377
f 3242 3375 3241
f 3287 3375 3242
f 3376 3375 3287
f 3383 2941 3381
f 3154 3337 3338
f 3441 3289 3383
f 3288 3243 3245
f 3289 3441 3342
f 3379 3290 3384
f 3384 3290 3441
f 3290 3344 3441
f 3342 3441 3344
f 3340 3294 3388
f 3386 3443 3484
f 3290 3246 3344
f 2992 3389 3296
f 3385 3389 2992
f 3246 3346 3344
f 3386 3387 3297
f 3491 3297 3387
f 3297 3491 3248
f 3294 3295 3388
f 3442 3248 3491
f 3442 3345 3248
f 3532 3444 3704
f 3301 3343 3497
f 3301 3497 3392
f 3196 3253 3449
f 3158 3391 3254
f 3391 3394 3254
f 3310 3196 3347
f 3254 3394 3396
f 3503 3396 3397
f 3310 3347 3398
f 3397 3314 3503
f 3254 3454 3399
f 3312 3534 3348
f 3312 3311 3534
f 3314 3508 3503
f 3401 3264 3163
f 3203 3258 3584
f 3453 3457 3533
f 3260 3400 3402
f 3586 2959 3203
f 3586 3403 2959
f 3261 3258 3203
f 3260 3456 3539
f 3260 3402 3456
f 3209 3504 3262
f 3206 3405 3349
f 3404 3350 3264
f 3405 3349 3207
f 3206 3351 3405
f 3351 3315 3405
f 3211 3540 3317
f 3353 3409 3212
f 3355 3317 3462
f 3354 3320 3463
f 3126 3410 3216
f 3461 3016 3545
f 3016 3321 3545
f 3411 3514 3355
f 3355 3514 3413
f 3513 3412 3175
f 3513 3175 3216
f 3595 3219 3469
f 3272 3322 3466
f 3413 3514 3137
f 3514 3468 3137
f 3468 3414 3137
f 3469 2969 3357
f 3515 3357 3358
f 3358 3415 3515
f 3359 3360 3414
f 3598 3721 3361
f 3470 3274 3552
f 3681 3361 3362
f 3418 3225 3417
f 3416 3225 3021
f 3417 3225 3416
f 3420 3421 3602
f 3226 3517 3647
f 3647 3471 3226
f 3228 3368 3366
f 3280 3607 3324
f 3324 3607 3564
f 3370 3324 3369
f 3425 3653 3143
f 3143 3427 3425
f 3425 3427 3281
f 3325 3426 3428
f 3327 3236 3371
f 3328 3372 3329
f 3475 3329 3372
f 3147 3431 3430
f 3329 3475 3237
f 3147 3187 3431
f 3331 3479 3238
f 3332 3373 3478
f 3480 3239 3238
f 3433 3285 3432
f 3434 3151 3092
f 3618 3435 3191
f 3241 3092 3333
f 3481 3092 3241
f 3437 3481 3241
f 3437 3241 3375
f 3383 3381 3527
f 3379 3439 3383
f 3379 3384 3441
f 3439 3379 3441
f 3527 3381 3528
f 3382 3337 3154
f 3441 3383 3439
f 3380 3483 3385
f 3381 3294 3340
f 3484 3443 3487
f 3485 3386 3484
f 3387 3386 3485
f 3492 3340 3388
f 3491 3387 3485
f 3578 3343 3442
f 3343 3345 3442
f 3388 3496 3492
f 3389 3391 3249
f 3496 3388 3445
f 3392 3497 3253
f 3302 3447 3393
f 3253 3497 3498
f 3446 3445 3391
f 3448 3449 3253
f 3391 3445 3394
f 3495 3501 3500
f 3394 3445 3396
f 3500 3501 3665
f 3393 3200 3103
f 3454 3396 3452
f 3396 3454 3254
f 3503 3452 3396
f 3311 3398 3534
f 3502 3401 3200
f 3399 3258 3201
f 3507 3258 3399
f 3584 3258 3507
f 3586 3203 3584
f 3504 3209 3506
f 3349 3405 3455
f 3539 3352 3406
f 3455 3405 3207
f 3209 3268 3717
f 3268 3407 3717
f 3207 3542 3538
f 3457 3408 3510
f 3353 3352 3409
f 3540 3509 3317
f 3511 3350 3459
f 3350 3511 3169
f 3511 3641 3169
f 3212 3409 3319
f 3169 3641 3126
f 3462 3512 3355
f 3512 3593 3355
f 3464 3269 3319
f 3355 3593 3411
f 3213 3546 3510
f 3467 3466 3464
f 3513 3465 3412
f 3272 3467 3321
f 3272 3466 3467
f 3468 3596 3414
f 3414 3596 3550
f 3414 3550 3359
f 3275 3418 3557
f 3275 3646 3419
f 3420 3558 3364
f 3420 3602 3516
f 3517 3646 3647
f 3471 3603 3226
f 3518 3226 3603
f 3728 3227 3365
f 3559 3140 3518
f 3559 3367 3140
f 3323 3423 3605
f 3605 3423 3520
f 3472 3277 3422
f 3521 3278 3277
f 3520 3523 3424
f 3523 3563 3685
f 3325 3370 3369
f 3426 3609 3428
f 3371 3372 3327
f 3371 3475 3372
f 3430 3431 3524
f 3431 3187 3737
f 3475 3476 3237
f 3237 3476 3330
f 3188 3478 3477
f 3330 3479 3331
f 3332 3090 3616
f 3151 3434 3090
f 3432 3575 3433
f 3575 3618 3433
f 3438 3335 3374
f 3436 3374 3335
f 3376 3377 3375
f 3335 3526 3377
f 3438 3526 3335
f 3383 3527 3379
f 3382 3440 3337
f 3528 3381 3486
f 3380 3482 3483
f 3486 3381 3340
f 3483 3529 3385
f 3338 3531 3341
f 3486 3340 3492
f 3531 3292 3341
f 3385 3529 3389
f 3488 3491 3485
f 3489 3491 3488
f 3489 3442 3491
f 3487 3443 3494
f 3493 3492 3496
f 3578 3497 3343
f 3389 3493 3391
f 3791 3494 3495
f 3391 3493 3496
f 3446 3496 3445
f 3391 3496 3446
f 3253 3498 3448
f 3196 3449 3347
f 3393 3451 3200
f 3501 3450 3796
f 3451 3502 3200
f 3452 3503 3454
f 3503 3508 3454
f 3502 3714 3401
f 3348 3534 3400
f 3349 3505 3508
f 3401 3535 3264
f 3402 3400 3456
f 3586 3458 3403
f 3264 3535 3404
f 3211 3458 3540
f 3352 3591 3409
f 3460 3461 3542
f 3512 3462 3317
f 3543 3319 3409
f 3126 3641 3410
f 3467 3464 3321
f 3469 3357 3885
f 3679 3515 3721
f 3222 3722 3552
f 3846 3598 3361
f 3681 3846 3361
f 3599 3362 2976
f 3417 3416 3470
f 3420 3516 3558
f 3602 3421 3227
f 3365 3366 3650
f 3366 3368 3650
f 3367 3519 3229
f 3276 3229 3519
f 3604 3684 3561
f 3564 3369 3324
f 3325 3369 3473
f 3325 3473 3566
f 3325 3566 3426
f 3609 3426 3608
f 3371 3571 3475
f 3430 3524 3610
f 3476 3479 3330
f 3187 3188 3477
f 3477 3478 3373
f 3373 3332 3613
f 3619 3525 3575
f 3575 3525 3618
f 3481 3693 3092
f 3435 3618 3374
f 3435 3374 3436
f 3377 3437 3375
f 3527 3380 3379
f 3482 3528 3529
f 3699 3338 3337
f 3482 3529 3483
f 3529 3528 3486
f 3245 3532 3625
f 3484 3487 3530
f 3529 3486 3490
f 3486 3492 3490
f 3531 3749 3292
f 3529 3490 3389
f 3487 3494 3530
f 3493 3490 3492
f 3490 3493 3389
f 3749 3390 3292
f 3498 3497 3666
f 3390 3579 3302
f 3302 3579 3447
f 3447 3579 3393
f 3579 3499 3393
f 3704 3444 3750
f 3448 3498 3449
f 3627 3449 3498
f 3500 3665 3495
f 3796 3665 3501
f 3393 3502 3451
f 3450 3582 3796
f 3534 3760 3400
f 3454 3508 3585
f 3454 3584 3399
f 3504 3506 3671
f 3505 3349 3757
f 3584 3507 3399
f 3456 3400 3760
f 3455 3538 3349
f 3456 3541 3539
f 3455 3207 3538
f 3458 3586 3540
f 3404 3535 3350
f 3539 3541 3352
f 3352 3541 3591
f 3636 3407 3354
f 3317 3509 3512
f 3459 3639 3511
f 3354 3803 3636
f 3354 3969 3803
f 3409 3591 3543
f 3461 3544 3542
f 3969 3354 3463
f 3319 3543 3594
f 3463 3320 3592
f 3319 3594 3464
f 3594 3545 3464
f 3410 3641 3513
f 3547 3592 3320
f 3464 3545 3548
f 3320 3465 3547
f 3464 3548 3321
f 3545 3321 3548
f 3410 3513 3216
f 3595 3469 3549
f 3677 3468 3514
f 3885 3549 3469
f 3550 3360 3359
f 3643 3360 3597
f 3360 3643 3222
f 3643 3551 3222
f 3222 3551 3722
f 3554 3470 3553
f 3417 3470 3554
f 3891 3363 3181
f 3417 3554 3418
f 3554 3555 3418
f 3891 3181 3556
f 3555 3557 3418
f 3557 3646 3275
f 3602 3227 3728
f 3471 3647 3649
f 3559 3560 3367
f 3365 3650 3854
f 3560 3772 3367
f 3604 3276 3519
f 3520 3424 3605
f 3651 3521 3277
f 3522 3230 3606
f 3651 3230 3521
f 3606 3230 3651
f 3522 3606 3562
f 3564 3607 3901
f 3685 3563 3653
f 3425 3817 3653
f 3566 3608 3426
f 3281 3686 3425
f 3429 3819 3281
f 3609 3568 3428
f 3235 3567 3429
f 3428 3568 3371
f 3429 3567 3819
f 3568 3687 3371
f 3474 3567 3235
f 3571 3371 3570
f 3572 3571 3657
f 3475 3572 3476
f 3571 3572 3475
f 3572 3657 3476
f 3657 3479 3476
f 3479 3480 3238
f 3477 3373 3613
f 3614 3332 3616
f 3613 3332 3614
f 3090 3434 3616
f 3092 3693 3434
f 3377 3481 3437
f 3526 3481 3377
f 3374 3618 3438
f 3622 3440 3378
f 3527 3482 3380
f 3482 3527 3528
f 3485 3484 3577
f 3288 3245 3625
f 3484 3530 3577
f 3488 3485 3623
f 3489 3488 3623
f 3664 3489 3623
f 3442 3489 3578
f 3530 3494 3791
f 3532 3704 3793
f 3791 3495 3665
f 3750 3444 3395
f 3499 3581 3393
f 3347 3449 3710
f 3581 3502 3393
f 3398 3347 3710
f 3453 3533 3707
f 3504 3671 3582
f 3454 3630 3584
f 3401 3714 3535
f 3585 3508 3587
f 3587 3508 3536
f 3533 3457 3633
f 3349 3672 3757
f 3505 3536 3508
f 3349 3538 3672
f 3457 3537 3633
f 3510 3633 3537
f 3537 3457 3510
f 3535 3589 3350
f 3589 3459 3350
f 3673 3510 3590
f 3538 3542 3675
f 3590 3510 3637
f 3510 3595 3637
f 3461 3594 3544
f 3546 3595 3510
f 3594 3461 3545
f 3593 3642 3411
f 3513 3641 3547
f 3465 3513 3547
f 3468 3677 3596
f 3357 3515 3885
f 3550 3767 3360
f 3552 3722 3644
f 3600 3470 3552
f 3363 3811 2976
f 3555 3554 3557
f 3728 3365 3683
f 3518 3603 3559
f 3559 3772 3560
f 3368 3323 3605
f 3684 3422 3561
f 3651 3472 3422
f 3651 3277 3472
f 3424 3523 4043
f 3564 3652 3369
f 3369 3652 3565
f 3565 3473 3369
f 3653 3817 4047
f 3474 3819 3567
f 3474 3688 3819
f 3474 3610 3688
f 3687 3611 3570
f 3570 3371 3687
f 3570 3569 3571
f 3571 3569 3657
f 3187 3739 3737
f 3187 3477 3739
f 3479 3657 3573
f 3479 3691 3612
f 3480 3479 3612
f 3612 3239 3480
f 3616 3613 3614
f 3574 3239 3575
f 3434 3617 3616
f 3525 3619 3618
f 3438 3620 3526
f 3660 3620 3438
f 3621 3660 3438
f 3618 3621 3438
f 3378 3336 3622
f 3485 3577 3663
f 3662 3623 3485
f 3748 3489 3664
f 3626 3489 3748
f 3338 3699 3531
f 3489 3626 3578
f 3625 3532 3698
f 3530 3791 3701
f 3703 3497 3578
f 3666 3497 3703
f 3498 3835 3627
f 3395 3706 3750
f 3706 3395 3753
f 3581 3712 3502
f 3580 3583 3629
f 3711 3580 3629
f 3580 3628 3756
f 3707 3753 3453
f 3502 3712 3714
f 3756 3583 3580
f 3668 3398 3710
f 3398 3800 3534
f 3534 3800 3760
f 3582 3671 3994
f 3454 3585 3630
f 3761 3584 3840
f 3535 3714 3589
f 3505 3632 3536
f 3584 3761 3586
f 3506 3209 3631
f 3587 3505 3585
f 3588 3541 3456
f 3633 3510 3673
f 3586 3634 3540
f 3589 3635 3459
f 3407 3636 3717
f 3635 3718 3459
f 3675 3591 3541
f 3542 3543 3675
f 3591 3675 3543
f 3509 3638 3512
f 3590 3637 3719
f 3459 3718 3639
f 3542 3544 3543
f 3511 3639 3641
f 3544 3594 3543
f 3637 3595 3640
f 3640 3595 3549
f 3547 3641 3592
f 3677 3765 3596
f 3596 3844 3550
f 3515 3679 3885
f 3721 3598 3807
f 3600 3552 3644
f 3600 3553 3470
f 3646 3557 3645
f 3556 3364 4064
f 3814 3726 3646
f 3726 3647 3646
f 3516 3602 3558
f 3647 3648 3649
f 3648 3471 3649
f 3471 3648 3603
f 3683 3365 3854
f 3603 3855 3559
f 3772 3559 3896
f 3519 3367 3772
f 3950 3605 3424
f 3652 3564 4011
f 3685 3653 3731
f 3565 3652 3473
f 3566 3473 3608
f 3608 3774 3609
f 3774 3654 3609
f 3654 3818 3609
f 3688 3610 3656
f 3656 3610 3689
f 3570 3780 3569
f 3690 3524 3431
f 3569 3824 3657
f 3479 3573 3691
f 3477 3613 3739
f 3616 3741 3613
f 3612 3615 3239
f 3615 3742 3239
f 3658 3616 3617
f 3742 3619 3575
f 3239 3742 3575
f 3434 3658 3617
f 3434 3693 3658
f 3619 3576 3618
f 3659 3745 3693
f 3481 3659 3693
f 3481 3620 3659
f 3526 3620 3481
f 3288 3622 3336
f 3440 3622 3696
f 3337 3440 3696
f 3699 3337 3661
f 3577 3530 3747
f 3530 3830 3747
f 3788 3485 3663
f 3662 3485 3788
f 3664 3623 3662
f 3530 3624 3830
f 3288 3625 3696
f 3624 3530 3697
f 3699 3749 3531
f 3530 3700 3697
f 3700 3530 3701
f 3626 3702 3578
f 3698 3532 3793
f 3702 3703 3578
f 3749 3751 3390
f 3390 3751 3579
f 3795 4052 3791
f 3791 3665 3795
f 3835 3498 3666
f 3627 3709 3449
f 3499 3708 3581
f 3709 3710 3449
f 3708 3712 3581
f 3668 3800 3398
f 3756 3629 3583
f 3533 3716 3707
f 3802 3840 3584
f 3716 3533 3673
f 3669 3670 3757
f 3757 3670 3505
f 3630 3715 3584
f 3716 3589 3714
f 3673 3533 3633
f 3760 3762 3456
f 3839 3209 3883
f 3505 3587 3632
f 3762 3588 3456
f 3717 3883 3209
f 3632 3587 3536
f 3761 3634 3586
f 3638 3540 3634
f 3637 3640 3719
f 3718 3719 3639
f 3638 3593 3512
f 3639 3719 3641
f 3463 3592 3805
f 3719 3640 3676
f 3719 3676 3641
f 3805 3592 3641
f 3641 3676 3640
f 3640 3549 3805
f 3642 3514 3411
f 3805 3549 3806
f 3806 3549 3720
f 3720 3549 3678
f 3678 3549 3885
f 3360 3767 3597
f 3849 3644 3680
f 3553 3600 3644
f 3812 3813 3554
f 3554 3813 3557
f 3725 3557 3813
f 3725 3645 3557
f 3645 3725 3646
f 3558 4064 3364
f 3728 3601 3602
f 3422 3730 3651
f 3651 3856 3606
f 3607 3562 3901
f 3901 3562 3606
f 3523 3685 4046
f 3904 3652 4011
f 3652 3774 3473
f 3817 3425 3686
f 3473 3774 3608
f 3609 3775 3568
f 3609 3818 3821
f 3688 3655 3819
f 3776 3819 3655
f 3687 3568 3775
f 3656 3655 3688
f 3687 3865 3611
f 3524 3656 3689
f 3524 3689 3610
f 3822 3780 3570
f 3735 3656 3524
f 3431 3737 3690
f 3782 3657 3824
f 3616 3784 3741
f 3784 3616 3658
f 3693 3692 3658
f 3620 3695 3745
f 3618 3694 3746
f 3576 3694 3618
f 3620 3745 3659
f 3618 3746 3621
f 3622 3288 3696
f 3696 3661 3337
f 3664 3662 3788
f 3661 3749 3699
f 3661 3696 3625
f 3664 3789 3748
f 3625 3698 3661
f 3749 3661 3698
f 3705 3499 3579
f 3795 3665 3879
f 3835 3836 3627
f 3708 3707 3712
f 3629 3756 3711
f 3712 3707 3667
f 3630 3755 3628
f 3712 3667 3714
f 3582 3994 3796
f 3754 3630 3628
f 3707 3716 3667
f 3667 3716 3714
f 3669 3757 3713
f 3800 3758 3760
f 3756 3585 3801
f 3630 3585 3756
f 3759 3802 3584
f 3506 3631 3671
f 3759 3584 3715
f 3631 3209 3839
f 3505 3670 3585
f 3716 3673 3589
f 3673 3590 3589
f 3841 3538 3588
f 3589 3590 3674
f 3635 3589 3674
f 3588 3538 3541
f 3541 3538 3675
f 3674 3590 3718
f 3674 3718 3635
f 3540 3638 3509
f 3718 3590 3719
f 3638 3804 3593
f 3641 3640 3805
f 3642 3764 3514
f 3677 3514 3764
f 3765 3844 3596
f 3844 3767 3550
f 3885 3679 3940
f 3643 3722 3551
f 3807 3598 3846
f 3680 3644 3722
f 3973 3681 3362
f 3362 3599 3769
f 3769 3599 2976
f 3644 3849 3553
f 3553 3724 3554
f 3724 3812 3554
f 3891 3556 3974
f 4064 3893 3556
f 3602 3727 3558
f 3601 3727 3602
f 3648 3647 3815
f 3683 3682 3728
f 3729 3603 3648
f 3559 3855 3896
f 3897 3519 3772
f 3897 3898 3519
f 3684 3604 3519
f 3368 3605 3950
f 3773 3422 3684
f 3900 3856 3651
f 3564 3901 3902
f 3653 3981 3731
f 4047 3981 3653
f 3860 3774 3652
f 3861 3732 3774
f 3774 3732 3654
f 3733 3818 3654
f 3281 3819 3686
f 3777 3818 3776
f 3687 3775 3778
f 3687 3734 3865
f 3778 3734 3687
f 3655 3656 3866
f 3866 3656 3735
f 3524 3736 3735
f 3690 3737 3736
f 3738 3823 3737
f 3737 3739 3738
f 3825 3657 3782
f 3657 3825 3573
f 3739 3613 3741
f 3741 3827 3739
f 3691 3826 3612
f 3619 3742 3744
f 3693 3743 3692
f 3745 3743 3693
f 3744 3576 3619
f 3744 3694 3576
f 3694 3744 3746
f 3621 3695 3620
f 3660 3621 3620
f 3746 3786 3621
f 3789 3664 3833
f 3697 3700 3624
f 3698 3793 3749
f 3700 3701 3791
f 3749 3793 3792
f 3703 3702 3834
f 3793 3704 3750
f 3751 3792 3579
f 3579 3792 3705
f 3793 3750 3752
f 3750 3706 3752
f 3499 3705 3752
f 3879 3665 3796
f 3752 3706 3753
f 3627 3836 3709
f 3499 3752 3708
f 3708 3753 3707
f 3752 3753 3708
f 3711 3754 3580
f 3709 3882 3710
f 3754 3628 3580
f 3711 3756 3755
f 3755 3756 3628
f 3755 3630 3756
f 3754 3928 3630
f 3670 3669 3801
f 3801 3585 3670
f 3715 3630 3759
f 3964 3762 3760
f 3965 3538 3841
f 3965 3672 3538
f 3841 3588 3762
f 3761 3763 3634
f 3634 3763 3638
f 3593 3804 3884
f 3765 3937 3844
f 3940 3679 3721
f 3680 3722 3723
f 3888 3846 3681
f 3888 3681 3973
f 3362 3769 3973
f 3849 3812 3553
f 3553 3812 3724
f 3974 3556 3893
f 3813 3646 3725
f 3814 3646 3892
f 3892 3646 3813
f 3726 3815 3647
f 3977 3854 3650
f 3650 3368 3950
f 3773 3730 3422
f 4072 3651 3730
f 3856 3901 3606
f 3859 4011 3564
f 3858 3685 3731
f 3733 3732 3984
f 3733 3654 3732
f 3775 3609 3821
f 3818 3777 3821
f 3821 3777 3906
f 3865 3821 3906
f 3778 3821 3865
f 3734 3778 3865
f 3779 3781 3611
f 3690 3736 3524
f 3823 3736 3737
f 3739 3827 3738
f 3825 3740 3573
f 3783 3826 3691
f 3826 3615 3612
f 3743 3658 3692
f 3744 3786 3746
f 3787 3695 3621
f 3786 3787 3621
f 3876 3747 3830
f 3577 3747 3876
f 3664 3788 3833
f 3788 3663 3577
f 3830 3624 3831
f 3831 3624 3790
f 3790 3624 3700
f 3748 3960 3626
f 3702 3626 3960
f 3962 3834 3702
f 3749 3792 3751
f 3703 3834 3666
f 3792 3752 3705
f 3793 3752 3792
f 3794 3835 3666
f 3798 3754 3711
f 3711 3755 3798
f 3710 3799 3668
f 3756 3798 3755
f 3799 3800 3668
f 3757 3926 3925
f 3925 3838 3757
f 3756 3801 3798
f 3757 3838 3713
f 3996 3802 3928
f 3671 3631 3839
f 3757 3672 3965
f 3996 3840 3802
f 3760 3758 3964
f 3928 3759 3630
f 3802 3759 3928
f 3996 3761 3840
f 3717 3932 3883
f 3636 3968 3717
f 3969 3463 3805
f 3593 3884 3642
f 3764 3843 3677
f 3885 3766 4000
f 3597 3767 3845
f 3643 3597 3845
f 3643 3845 3722
f 3845 3847 3722
f 3722 3847 3723
f 3723 3768 3944
f 3769 2976 3810
f 3809 3812 3849
f 3812 3770 3813
f 3771 3816 3648
f 3816 3729 3648
f 3682 3683 3854
f 3898 3899 3519
f 3951 3773 3684
f 3857 3564 3902
f 3904 3860 3652
f 3732 3983 3984
f 3984 3818 3733
f 3686 3819 3862
f 3820 3819 3776
f 3818 3820 3776
f 3775 3821 3778
f 3655 3777 3776
f 3777 3655 3863
f 3611 3822 3570
f 3822 3611 3781
f 3822 3781 3780
f 3735 3909 3866
f 3736 3909 3735
f 3780 3781 3824
f 3780 3824 3569
f 3823 3909 3736
f 3782 3824 3781
f 3825 3783 3740
f 3573 3740 3783
f 3573 3783 3691
f 3827 3741 3784
f 3826 3785 3615
f 3784 3658 3827
f 3743 3827 3658
f 3954 3743 3745
f 3615 3785 3742
f 3873 3954 3745
f 3829 3873 3745
f 3828 3786 3744
f 3742 3828 3744
f 3695 3829 3745
f 3786 3875 3787
f 3700 3791 4261
f 3666 3834 3794
f 3795 3879 3878
f 3881 3837 3754
f 3710 3882 3799
f 3837 3928 3754
f 3994 3671 3930
f 3930 3671 3839
f 3801 3931 3798
f 3931 3801 3669
f 3964 3841 3762
f 3968 3636 3803
f 3763 3934 3638
f 3934 3804 3638
f 3642 3884 3764
f 3677 3843 3765
f 3720 3678 3885
f 3844 3938 3767
f 3845 3767 3886
f 3940 3721 3807
f 3768 3723 3887
f 3768 3887 3889
f 3890 3849 3680
f 3890 3808 3849
f 3810 3811 3769
f 2976 3811 3810
f 3809 3851 3812
f 3811 3363 3891
f 3812 3851 3770
f 3770 3892 3813
f 3852 3726 3814
f 3727 4040 3558
f 3894 3648 3815
f 3682 3976 3728
f 3729 3855 3603
f 3772 3896 3897
f 3684 3519 3951
f 4072 3900 3651
f 3980 4043 3523
f 3980 3523 4046
f 4046 3685 3858
f 3905 3732 3861
f 3732 3905 3983
f 4048 3862 3819
f 3953 3820 3818
f 3863 3906 3777
f 3864 3906 3907
f 3907 3906 3866
f 3866 3863 3655
f 3611 3865 3779
f 3779 3867 3781
f 3867 3911 3781
f 3782 3911 3910
f 3781 3911 3782
f 3868 3738 3782
f 3910 3868 3782
f 3782 3738 3870
f 3738 3827 3870
f 3782 3869 3825
f 3782 3870 3869
f 3869 3783 3825
f 3870 3827 3871
f 3783 3785 3826
f 3827 3743 3954
f 3785 3872 3828
f 3785 3828 3742
f 3695 3874 3829
f 3875 3874 3695
f 3828 3916 3786
f 3787 3875 3695
f 3577 3876 3989
f 3788 3577 3989
f 3830 3831 3832
f 3832 3831 3790
f 3919 3790 3700
f 3702 3920 3962
f 3962 3794 3834
f 3923 3795 3878
f 3880 3796 3797
f 3993 3796 3994
f 3963 3882 3709
f 3754 3798 3881
f 3882 3800 3799
f 3838 3669 3713
f 3761 3996 3966
f 3761 3933 3763
f 3932 3717 3968
f 3842 3884 3804
f 3969 3805 3970
f 3805 3806 3970
f 3844 3937 3938
f 3938 3886 3767
f 3723 3845 3887
f 3807 3846 4035
f 3845 3723 3847
f 3888 4035 3846
f 3680 3723 3848
f 4003 3768 3889
f 4060 3768 4003
f 4002 3888 3973
f 3680 3848 3890
f 3850 3851 3809
f 3811 3891 4135
f 3946 3814 3892
f 4064 3558 4040
f 3894 3771 3648
f 3728 3976 3601
f 3854 3895 3853
f 3977 3895 3854
f 3650 3949 3977
f 3949 3650 3950
f 3951 3730 3773
f 3950 3424 4043
f 3564 3857 3903
f 3903 3859 3564
f 3731 4046 3858
f 4013 3774 3860
f 4013 3861 3774
f 3983 3905 3861
f 3820 4048 3819
f 3864 3865 3906
f 3907 3865 3864
f 3865 3907 3779
f 3906 3863 3866
f 3779 3907 3867
f 3867 3907 3866
f 3866 3909 3910
f 3910 3908 3866
f 3866 3908 3867
f 3867 3908 3910
f 3738 3909 3823
f 3912 3910 3909
f 3909 3738 3912
f 3910 3913 3868
f 3912 3738 3913
f 3868 3913 3738
f 3783 3869 3785
f 3915 3869 3870
f 3870 3871 3915
f 3871 3827 3915
f 3869 3914 3785
f 3915 3827 3954
f 3785 3914 3872
f 3829 3954 3873
f 3874 3954 3829
f 3828 3872 3916
f 3786 3872 3875
f 3916 3872 3786
f 3788 3917 3833
f 3830 3832 3918
f 3790 3918 3832
f 3833 3877 3789
f 3789 3959 3748
f 3959 3960 3748
f 3919 3700 4261
f 3794 3921 3835
f 3794 3962 3921
f 3878 3879 3923
f 3835 3922 3836
f 3836 3924 3709
f 3880 3879 3796
f 4021 3709 3924
f 3797 3796 3993
f 3926 3995 3925
f 3882 3963 3758
f 3800 3882 3758
f 3925 3931 3838
f 3758 3927 3964
f 3931 3669 3838
f 3931 4024 3798
f 3966 3933 3761
f 3934 3763 3933
f 3934 3842 3804
f 3764 3935 3843
f 3806 3720 3936
f 3765 3935 3937
f 3720 3885 4000
f 3939 3942 3938
f 3766 3885 3940
f 3938 3942 3941
f 3938 3941 3886
f 4035 3940 3807
f 3941 3887 3845
f 3886 3941 3845
f 3723 4036 3848
f 3808 3809 3849
f 4135 3891 3974
f 4068 3726 3852
f 3727 3601 4040
f 4068 3815 3726
f 3601 4142 4007
f 3682 3854 3853
f 3729 3947 3855
f 3855 3947 3896
f 3947 3948 3896
f 3896 3948 3978
f 3896 3978 3897
f 3897 3978 4009
f 3897 3899 3898
f 3951 3519 3899
f 3951 3952 3730
f 3952 4072 3730
f 3902 3901 4045
f 3904 4011 4110
f 4013 4014 3861
f 3911 3867 3910
f 3910 3912 3913
f 3869 3915 3914
f 3954 3956 3915
f 3914 3915 3872
f 3956 3954 3955
f 3874 3955 3954
f 3956 3955 3875
f 3915 3956 3872
f 3875 3955 3874
f 3956 3875 3872
f 3957 3830 3990
f 3876 3830 4081
f 4019 3830 3957
f 3830 3918 3990
f 3877 3959 3789
f 3790 3919 3918
f 3960 3992 3920
f 3960 3920 3702
f 3791 4052 4261
f 3920 3961 3962
f 3921 3962 3835
f 3923 3879 3797
f 3836 3922 3924
f 4021 3963 3709
f 3881 3798 4024
f 3758 3963 3927
f 4023 3926 3757
f 3837 4086 3928
f 3928 4086 4025
f 3928 4025 3996
f 3965 3841 3964
f 3966 3996 4026
f 3883 3932 3967
f 3968 3803 3969
f 3842 3934 4030
f 4029 3884 3842
f 3884 4029 4091
f 3884 3935 3764
f 3935 3765 3843
f 3937 3939 3938
f 3939 3971 4001
f 3939 4001 3941
f 3939 3941 3942
f 3887 3941 3943
f 3723 3944 4036
f 3768 4060 3944
f 4061 3890 3848
f 3769 4233 3973
f 4233 3769 3945
f 3769 3811 3945
f 3945 3811 4062
f 3809 4005 3850
f 3850 4005 3851
f 3946 3852 3814
f 3946 4203 3852
f 3601 4007 4040
f 3815 4068 3894
f 4068 3771 3894
f 3601 3976 4142
f 3816 4144 3729
f 4009 3899 3897
f 3951 4071 3952
f 3856 3900 3979
f 4044 3980 4046
f 4046 3731 4010
f 3860 3904 4012
f 4146 3731 3981
f 3817 3982 4047
f 3686 3862 3982
f 3953 3818 4077
f 4077 3818 3984
f 4018 4019 3987
f 4019 3985 3987
f 3917 3788 3989
f 4019 3918 3985
f 3957 3990 4019
f 3989 3876 3988
f 4081 3830 4019
f 4019 3990 3918
f 3917 4020 3833
f 3991 3918 3958
f 3918 3919 3958
f 4222 4052 3795
f 3961 4117 3962
f 3797 3879 3880
f 4086 3837 3881
f 3757 3965 4023
f 3930 3839 3929
f 4087 3931 3925
f 3996 4025 4086
f 3929 3839 3883
f 4026 3933 3966
f 3967 3932 3968
f 3968 4163 4224
f 3933 4122 3934
f 3968 3969 4163
f 4029 3842 4030
f 3884 4091 3935
f 3999 3998 3935
f 3998 3997 3939
f 3935 3998 3937
f 3939 3997 3971
f 3937 3998 3939
f 3766 3940 3972
f 3887 3943 3889
f 3973 4233 4002
f 3890 4061 3808
f 4061 4132 3808
f 3809 3808 4199
f 4062 3811 4135
f 3851 4005 3770
f 4005 3892 3770
f 3974 3893 4064
f 4039 3946 3892
f 4006 4067 3975
f 4008 3816 3771
f 3682 3853 3976
f 4041 3948 3729
f 3729 3948 3947
f 3978 3948 4009
f 4295 3949 3950
f 4109 3950 4145
f 3950 4043 4145
f 4045 3856 3979
f 4043 3980 4044
f 3856 4045 3901
f 3859 3903 4011
f 3860 4012 4013
f 4213 3981 4047
f 3983 3861 4015
f 3817 3686 3982
f 4077 3984 3983
f 3953 4048 3820
f 4016 3987 4049
f 3987 3985 4049
f 3985 4080 4049
f 4016 3986 3987
f 4080 3985 4017
f 3985 3918 4017
f 3987 3986 4018
f 4113 3876 4081
f 3988 3876 4113
f 3989 3988 4113
f 4081 4019 4018
f 3989 4020 3917
f 4017 3918 3991
f 4051 3959 3877
f 3919 4115 3958
f 4115 3919 4261
f 4082 4222 3795
f 4117 4053 3962
f 3962 4053 3835
f 3835 4053 3922
f 4082 3795 3923
f 4021 4022 3963
f 4024 4086 3881
f 3929 4388 3930
f 3965 4157 4023
f 3927 4157 3964
f 3965 3964 4157
f 3931 4119 4024
f 4026 3996 4086
f 4026 4027 3933
f 3933 4027 4122
f 4122 4028 3934
f 4028 4030 3934
f 4091 4032 3935
f 4267 3806 4127
f 3806 3936 4127
f 3935 4032 4033
f 4033 3999 3935
f 4033 3997 3999
f 3720 4127 3936
f 3997 3998 3999
f 3997 4031 3971
f 3766 3972 4094
f 3971 4034 4001
f 4058 3941 4001
f 4035 3888 4059
f 3889 4194 4037
f 4036 3944 4194
f 4038 3848 4036
f 3889 4060 4003
f 4037 4060 3889
f 3848 3944 4004
f 4230 4004 3944
f 3974 4172 4135
f 4005 4039 3892
f 3975 4098 4137
f 4006 3975 4137
f 4098 3975 4285
f 4006 4065 4067
f 4068 4008 3771
f 3816 4008 4070
f 4144 4041 3729
f 4042 3948 4041
f 3951 3899 4009
f 4295 3950 4109
f 3900 4072 3979
f 4044 4046 4073
f 4075 3904 4110
f 3904 4075 4012
f 4013 4012 4076
f 4325 3861 4014
f 4015 3861 4147
f 4015 4147 3983
f 3986 4016 4112
f 4219 3989 4113
f 4081 4018 3986
f 4020 4050 3877
f 3991 3958 4017
f 4020 3877 3833
f 3992 4301 3920
f 4053 4083 3922
f 3922 4054 3924
f 3797 3993 4529
f 4055 4022 4021
f 4022 4157 3963
f 3995 3926 4023
f 3963 4157 3927
f 3995 4087 3925
f 4085 4086 4024
f 4085 4024 4119
f 3931 4087 4119
f 4163 3969 3970
f 4091 4093 4032
f 4093 4125 4056
f 4056 4125 3997
f 4032 4093 4056
f 3997 4092 4031
f 4125 4092 3997
f 4032 4056 3997
f 3997 4033 4032
f 4031 4057 3971
f 4057 4165 3971
f 3972 3940 4035
f 4226 4059 3888
f 4194 3889 3943
f 4194 3944 4096
f 3888 4002 4095
f 3848 4096 3944
f 3848 4004 4230
f 4230 3944 4060
f 3945 4062 4233
f 4199 4063 3809
f 4063 4136 3809
f 3809 4136 4005
f 4172 3974 4064
f 4203 4066 3852
f 4040 4173 4064
f 3975 4067 4285
f 4066 4104 3852
f 3852 4104 4068
f 4007 4105 4040
f 4068 4069 4008
f 4070 4144 3816
f 3948 4042 4009
f 4043 4044 4073
f 3902 4045 3857
f 4110 4011 4074
f 4074 4011 3903
f 4146 4010 3731
f 4014 4013 4076
f 4148 3983 4147
f 4148 4077 3983
f 4152 4049 4078
f 4152 4079 4049
f 4049 4079 4016
f 4078 4049 4080
f 3989 4219 4020
f 4017 3958 4299
f 4299 3958 4115
f 3959 4051 4221
f 4052 4442 4261
f 3961 3920 4301
f 3961 4301 4117
f 4117 4083 4053
f 4083 4156 3922
f 3923 4529 4082
f 3923 3797 4529
f 4156 4054 3922
f 4084 4021 4054
f 4054 4021 3924
f 4055 4021 4084
f 3930 3993 3994
f 3995 4023 4157
f 4026 4086 4027
f 3883 3967 4159
f 4159 3967 3968
f 4027 4088 4122
f 4028 4089 4030
f 4093 4090 4125
f 4089 4090 4093
f 4030 4089 4029
f 4089 4091 4029
f 4093 4091 4089
f 4307 3806 4267
f 4127 3720 4128
f 4000 4128 3720
f 4000 3766 4094
f 4165 4129 3971
f 3971 4129 4034
f 4001 4034 4058
f 4226 3972 4035
f 3941 4195 3943
f 4226 3888 4095
f 4038 4096 3848
f 4279 4060 4037
f 4095 4002 4130
f 4002 4233 4280
f 4281 4132 4061
f 4132 4199 3808
f 4063 4199 4134
f 4005 4136 4039
f 4137 4099 4235
f 4235 4101 4137
f 4098 4100 4202
f 4098 4103 4100
f 4137 4101 4006
f 4172 4064 4102
f 4039 4140 4203
f 3946 4039 4203
f 4064 4173 4102
f 4006 4101 4065
f 4105 4361 4040
f 4104 4141 4068
f 4068 4141 4069
f 4177 4070 4008
f 3853 3895 4178
f 4144 4106 4041
f 4042 4041 4009
f 3949 4107 3977
f 3951 4009 4108
f 3951 4108 4180
f 3952 4071 4072
f 4043 4073 4145
f 4246 4146 4248
f 3981 4249 4146
f 3982 3862 4111
f 3862 4048 4111
f 3953 4077 4148
f 4078 4080 4186
f 4186 4080 4017
f 4186 4017 4187
f 4114 3986 4112
f 4219 4113 4081
f 4081 3986 4114
f 4383 4020 4219
f 4187 4017 4299
f 4020 4383 4050
f 3877 4221 4051
f 4116 3959 4221
f 3959 4116 3960
f 3992 4116 4301
f 4022 4055 4157
f 3930 4388 4346
f 3995 4157 4303
f 4388 3929 3883
f 4160 4086 4085
f 3995 4118 4087
f 4085 4119 4118
f 4119 4087 4118
f 4027 4120 4088
f 4121 4123 4090
f 4124 4090 4089
f 4122 4124 4028
f 4028 4124 4089
f 4090 4123 4125
f 3970 4193 4306
f 3806 4307 3970
f 4125 4164 4092
f 4035 4059 4226
f 4036 3943 4195
f 4036 4194 3943
f 4353 4096 4038
f 4060 4131 4169
f 4061 3848 4196
f 4199 4169 4131
f 4169 4199 4097
f 4132 4170 4199
f 4133 4134 4199
f 4135 4233 4062
f 4063 4134 4136
f 4098 4170 4137
f 4139 4135 4172
f 4136 4138 4039
f 4138 4237 4039
f 4140 4039 4237
f 4098 4285 4103
f 4101 4175 4065
f 4173 4040 4361
f 4066 4174 4104
f 4175 4067 4065
f 4141 4008 4069
f 4007 4142 4207
f 4143 4177 4008
f 3853 4142 3976
f 4177 4144 4070
f 3853 4178 4208
f 3895 3977 4178
f 4041 4108 4009
f 4107 3949 4294
f 3949 4295 4294
f 4295 4109 4369
f 3951 4181 4071
f 4369 4109 4145
f 4071 4181 4072
f 4245 3979 4181
f 3979 4072 4181
f 4046 4010 4073
f 3857 4045 4182
f 3903 3857 4074
f 4010 4146 4246
f 4012 4075 4247
f 4325 4147 3861
f 4148 4147 4325
f 4048 3953 4149
f 4150 4078 4215
f 4078 4150 4152
f 4215 4078 4184
f 4185 4078 4255
f 4153 4079 4152
f 4255 4078 4186
f 4114 4112 4081
f 4383 3877 4050
f 4115 4261 4343
f 3960 4116 3992
f 4442 4052 4222
f 4301 4155 4117
f 4222 4082 4528
f 4117 4156 4083
f 4486 3930 4346
f 4118 3995 4303
f 4160 4085 4118
f 4086 4160 4027
f 4027 4160 4120
f 4161 4121 4090
f 4090 4088 4161
f 4162 4088 4090
f 4088 4162 4122
f 4122 4162 4090
f 4124 4122 4090
f 4123 4121 4265
f 4163 3970 4347
f 4347 3970 4306
f 4193 3970 4307
f 4164 4126 4092
f 4126 4031 4092
f 4166 4129 4165
f 4000 4398 4269
f 4398 4000 4094
f 4094 3972 4167
f 4400 4058 4034
f 3941 4058 4195
f 4195 4229 4036
f 4226 4095 4227
f 4353 4194 4096
f 4095 4130 4227
f 4036 4229 4038
f 3848 4230 4168
f 4196 3848 4168
f 4002 4280 4130
f 4230 4060 4169
f 4131 4197 4199
f 4098 4359 4170
f 4233 4135 4201
f 4137 4170 4171
f 4359 4098 4202
f 4134 4133 4136
f 4137 4171 4099
f 4138 4136 4237
f 4172 4102 4139
f 4173 4239 4102
f 4174 4176 4104
f 4104 4176 4141
f 4207 4105 4007
f 4141 4206 4008
f 4008 4206 4143
f 4142 3853 4208
f 4177 4106 4144
f 4180 4181 3951
f 4073 4010 4465
f 3857 4511 4373
f 3857 4373 4074
f 4373 4110 4074
f 4374 4075 4110
f 3981 4213 4249
f 4047 3982 4213
f 4111 4183 3982
f 4048 4149 4111
f 4216 4150 4215
f 4150 4216 4152
f 4152 4216 4151
f 4078 4185 4184
f 4112 4016 4257
f 4112 4257 4081
f 4154 4383 4219
f 3877 4260 4221
f 4188 4301 4116
f 4301 4302 4484
f 4301 4484 4155
f 4483 4222 4528
f 4155 4484 4117
f 4156 4117 4484
f 4055 4303 4157
f 4160 4118 4189
f 4190 4120 4160
f 4224 4159 3968
f 4088 4120 4191
f 4161 4192 4121
f 4088 4191 4161
f 4123 4305 4125
f 4225 4164 4125
f 4126 4268 4031
f 4268 4057 4031
f 4057 4166 4165
f 4000 4396 4128
f 4396 4000 4269
f 4398 4094 4167
f 4129 4400 4034
f 4167 3972 4226
f 4195 4058 4400
f 4037 4278 4279
f 4168 4230 4038
f 4315 4199 4197
f 4198 4199 4315
f 4359 4097 4199
f 4199 4170 4359
f 4132 4200 4170
f 4198 4133 4199
f 4170 4282 4171
f 4201 4135 4139
f 4283 4136 4133
f 4171 4235 4099
f 4139 4102 4201
f 4100 4103 4202
f 4237 4203 4140
f 4235 4204 4101
f 4175 4101 4204
f 4242 4361 4105
f 4285 4067 4241
f 4067 4175 4241
f 4176 4206 4141
f 4143 4206 4209
f 4143 4209 4177
f 4177 4209 4106
f 4209 4210 4106
f 3977 4107 4294
f 4041 4106 4210
f 4244 4108 4041
f 4211 4179 4108
f 4179 4296 4108
f 4108 4296 4180
f 3979 4245 4045
f 4045 4245 4182
f 3857 4182 4372
f 4465 4010 4297
f 4373 4374 4110
f 4076 4012 4247
f 4146 4249 4248
f 3982 4214 4213
f 4149 4183 4111
f 4148 4149 3953
f 4184 4253 4215
f 4184 4381 4253
f 4381 4184 4255
f 4185 4255 4184
f 4151 4217 4152
f 4152 4217 4298
f 4298 4153 4152
f 4079 4153 4016
f 4016 4153 4218
f 4220 4186 4187
f 4081 4257 4219
f 4187 4299 4220
f 4383 4260 3877
f 4221 4188 4116
f 4442 4222 4300
f 4385 4082 4529
f 4529 3993 4386
f 3930 4486 3993
f 4118 4263 4189
f 4160 4189 4158
f 4189 4263 4191
f 4158 4189 4160
f 4161 4263 4223
f 4189 4191 4120
f 4160 4189 4190
f 4263 4161 4191
f 4190 4189 4120
f 4161 4223 4192
f 4192 4223 4121
f 4264 4265 4121
f 4225 4126 4164
f 4127 4128 4267
f 4166 4270 4129
f 4167 4226 4272
f 4309 4226 4227
f 4229 4195 4228
f 4130 4274 4227
f 4313 4168 4038
f 4231 4130 4280
f 4279 4131 4060
f 4407 4230 4169
f 4357 4232 4233
f 4132 4234 4200
f 4234 4132 4282
f 4315 4133 4198
f 4234 4282 4170
f 4200 4234 4170
f 4233 4201 4358
f 4282 4235 4171
f 4102 4358 4201
f 4136 4283 4237
f 4237 4238 4203
f 4203 4238 4066
f 4066 4238 4286
f 4066 4286 4174
f 4286 4240 4174
f 4174 4240 4242
f 4174 4242 4205
f 4174 4205 4176
f 4205 4242 4105
f 4205 4105 4206
f 4176 4205 4206
f 4206 4105 4207
f 4207 4290 4206
f 4209 4206 4290
f 4207 4142 4290
f 4290 4142 4208
f 4293 4243 4209
f 4243 4210 4209
f 4210 4244 4041
f 4244 4211 4108
f 4181 4212 4245
f 4145 4073 4465
f 3857 4372 4511
f 4297 4010 4246
f 4075 4374 4467
f 4512 4076 4247
f 4425 4148 4325
f 4148 4425 4149
f 4252 4215 4253
f 4215 4252 4254
f 4215 4254 4216
f 4255 4340 4381
f 4151 4298 4217
f 4016 4342 4257
f 4218 4342 4016
f 4219 4258 4259
f 4220 4299 4343
f 4299 4115 4343
f 4300 4222 4671
f 4262 4302 4301
f 4054 4156 4084
f 4055 4488 4303
f 4118 4303 4263
f 4303 4390 4263
f 4304 4264 4121
f 4123 4265 4305
f 4305 4225 4125
f 4536 4307 4267
f 4270 4166 4057
f 4270 4400 4129
f 4195 4400 4349
f 4271 4195 4349
f 4309 4272 4226
f 4273 4195 4271
f 4273 4228 4195
f 4312 4037 4194
f 4353 4312 4194
f 4278 4037 4351
f 4274 4130 4276
f 4229 4228 4038
f 4353 4038 4275
f 4038 4228 4313
f 4275 4038 4354
f 4038 4230 4354
f 4313 4277 4168
f 4168 4277 4196
f 4354 4230 4407
f 4232 4405 4280
f 4131 4315 4197
f 4233 4232 4280
f 4169 4097 4408
f 4233 4358 4357
f 4102 4413 4358
f 4412 4502 4202
f 4415 4413 4102
f 4237 4283 4238
f 4202 4103 4412
f 4285 4412 4103
f 4239 4415 4102
f 4289 4419 4285
f 4286 4242 4240
f 4287 4242 4288
f 4242 4287 4361
f 4289 4285 4241
f 4204 4241 4175
f 4209 4290 4291
f 4209 4321 4293
f 4209 4291 4321
f 3977 4294 4178
f 4294 4295 4178
f 4210 4367 4244
f 4244 4367 4211
f 4367 4179 4211
f 4180 4296 4212
f 4180 4212 4181
f 4464 4145 4465
f 4297 4246 4466
f 4250 4014 4076
f 3982 4183 4214
f 4375 4325 4469
f 4183 4149 4251
f 4254 4252 4331
f 4332 4254 4331
f 4252 4253 4331
f 4334 4381 4435
f 4253 4381 4331
f 4331 4381 4334
f 4335 4254 4332
f 4151 4254 4335
f 4254 4151 4216
f 4339 4298 4151
f 4186 4220 4255
f 4219 4257 4342
f 4259 4154 4219
f 4343 4255 4220
f 4221 4344 4481
f 4343 4261 4442
f 4221 4262 4188
f 4156 4487 4084
f 4055 4084 4487
f 3883 4159 4388
f 4390 4223 4263
f 4224 4391 4159
f 4304 4121 4223
f 4348 4126 4225
f 4268 4395 4057
f 4395 4308 4057
f 4270 4057 4308
f 4400 4270 4684
f 4271 4349 4273
f 4311 4273 4350
f 4228 4273 4311
f 4545 4349 4353
f 4309 4227 4276
f 4037 4312 4351
f 4227 4274 4276
f 4353 4275 4354
f 4231 4276 4130
f 4278 4314 4279
f 4403 4314 4278
f 4405 4231 4280
f 4196 4277 4498
f 4131 4314 4315
f 4407 4169 4408
f 4196 4281 4061
f 4281 4552 4132
f 4552 4281 4356
f 4357 4450 4232
f 4315 4410 4316
f 4315 4316 4133
f 4133 4317 4283
f 4316 4317 4133
f 4552 4235 4282
f 4359 4202 4502
f 4317 4414 4283
f 4238 4283 4284
f 4238 4284 4286
f 4236 4360 4235
f 4285 4318 4418
f 4419 4318 4285
f 4204 4235 4360
f 4173 4361 4239
f 4286 4284 4421
f 4287 4288 4361
f 4286 4362 4242
f 4362 4288 4242
f 4319 4290 4363
f 4291 4290 4321
f 4208 4363 4290
f 4321 4290 4319
f 4363 4208 4422
f 4422 4208 4292
f 4293 4321 4322
f 4293 4322 4243
f 4243 4322 4210
f 4178 4295 4364
f 4295 4369 4461
f 4367 4368 4179
f 4179 4368 4296
f 4212 4323 4245
f 4369 4145 4464
f 4323 4371 4245
f 4371 4324 4245
f 4512 4075 4730
f 4512 4247 4075
f 4246 4248 4468
f 4469 4325 4014
f 4426 4327 4326
f 4327 4427 4326
f 4328 4331 4330
f 4329 4331 4328
f 4333 4332 4329
f 4330 4331 4334
f 4329 4332 4331
f 4335 4332 4333
f 4336 4151 4335
f 4437 4151 4336
f 4337 4435 4381
f 4437 4338 4151
f 4338 4339 4151
f 4339 4382 4298
f 4340 4255 4439
f 4298 4382 4153
f 4439 4255 4669
f 4256 4669 4255
f 4440 4153 4341
f 4153 4440 4218
f 4218 4440 4342
f 4441 4154 4258
f 4258 4154 4259
f 4525 4255 4343
f 4383 4572 4260
f 4260 4344 4221
f 4481 4384 4221
f 4384 4262 4221
f 4188 4262 4301
f 4671 4222 4483
f 4385 4528 4082
f 4156 4530 4387
f 4574 4388 4159
f 4390 4533 4223
f 4264 4305 4265
f 4266 4163 4347
f 4307 4306 4193
f 4398 4396 4269
f 4398 4167 4272
f 4397 4273 4682
f 4273 4397 4399
f 4682 4273 4349
f 4309 4493 4272
f 4400 4446 4349
f 4310 4350 4273
f 4349 4312 4353
f 4349 4351 4312
f 4351 4403 4278
f 4354 4545 4353
f 4405 4406 4231
f 4279 4314 4131
f 4762 4196 4498
f 4355 4315 4314
f 4132 4552 4282
f 4552 4456 4235
f 4283 4416 4284
f 4239 4417 4415
f 4417 4239 4361
f 4285 4418 4412
f 4360 4241 4204
f 4288 4362 4361
f 4421 4362 4286
f 4241 4419 4289
f 4319 4363 4321
f 4320 4321 4363
f 4321 4320 4322
f 4364 4208 4178
f 4320 4365 4322
f 4365 4366 4322
f 4322 4366 4367
f 4322 4367 4210
f 4364 4295 4461
f 4296 4368 4370
f 4212 4296 4323
f 4466 4465 4297
f 4374 4373 4467
f 4246 4468 4729
f 4425 4325 4375
f 4149 4425 4424
f 4326 4376 4426
f 4566 4427 4327
f 4377 4327 4426
f 4429 4378 4426
f 4433 4380 4330
f 4380 4328 4330
f 4380 4433 4328
f 4329 4328 4433
f 4333 4329 4433
f 4335 4333 4336
f 4381 4479 4438
f 4381 4340 4479
f 4339 4338 4382
f 4382 4341 4153
f 4219 4342 4571
f 4383 4154 4572
f 4526 4343 4442
f 4442 4300 4671
f 4385 4529 4528
f 4484 4530 4156
f 4487 4156 4387
f 4487 4488 4055
f 4488 4490 4303
f 4303 4490 4390
f 4389 4159 4391
f 4575 4223 4533
f 4348 4305 4393
f 4305 4348 4225
f 4536 4267 4394
f 4128 4577 4679
f 4128 4396 4445
f 4577 4128 4445
f 4542 4684 4270
f 4684 4544 4400
f 4273 4399 4310
f 4350 4310 4399
f 4493 4309 4495
f 4446 4401 4349
f 4349 4401 4447
f 4349 4402 4351
f 4447 4402 4349
f 4497 4309 4276
f 4352 4497 4276
f 4313 4228 4277
f 4231 4406 4276
f 4403 4404 4314
f 4228 4498 4277
f 4196 4762 4356
f 4450 4406 4232
f 4409 4410 4315
f 4411 4450 4357
f 4357 4358 4411
f 4410 4455 4316
f 4413 4411 4358
f 4317 4316 4414
f 4554 4236 4235
f 4283 4414 4457
f 4458 4415 4417
f 4283 4457 4416
f 4284 4416 4421
f 4318 4412 4418
f 4362 4417 4420
f 4361 4420 4417
f 4362 4420 4361
f 4421 4417 4362
f 4360 4419 4241
f 4208 4364 4292
f 4365 4320 4363
f 4366 4365 4508
f 4461 4460 4364
f 4367 4366 4368
f 4366 4423 4368
f 4559 4368 4423
f 4461 4369 4464
f 4296 4370 4323
f 4324 4182 4245
f 4511 4372 4182
f 4466 4246 4729
f 4075 4467 4730
f 4076 4512 4636
f 4183 4251 4214
f 4251 4149 4424
f 4376 4326 4664
f 4376 4470 4426
f 4376 4514 4470
f 4471 4426 4428
f 4327 4472 4566
f 4377 4426 4378
f 4327 4377 4472
f 4429 4426 4471
f 4429 4431 4378
f 4379 4430 4429
f 4429 4432 4431
f 4430 4432 4429
f 4433 4476 4432
f 4434 4436 4432
f 4433 4330 4476
f 4436 4433 4432
f 4476 4330 4435
f 4330 4334 4435
f 4477 4433 4436
f 4437 4333 4433
f 4477 4437 4433
f 4333 4437 4336
f 4337 4522 4435
f 4381 4438 4337
f 4382 4478 4440
f 4341 4382 4440
f 4440 4571 4342
f 4302 4262 4482
f 4486 4346 4388
f 4574 4159 4389
f 4533 4390 4490
f 4391 4224 4605
f 4223 4575 4304
f 4264 4392 4305
f 4392 4443 4305
f 4305 4443 4393
f 4348 4393 4126
f 4538 4537 4536
f 4126 4444 4268
f 4394 4538 4536
f 4444 4395 4268
f 4308 4542 4270
f 4396 4398 4445
f 4272 4493 4398
f 4350 4399 4494
f 4311 4350 4228
f 4402 4447 4351
f 4447 4403 4351
f 4354 4407 4621
f 4404 4452 4314
f 4405 4232 4406
f 4314 4449 4355
f 4355 4449 4315
f 4450 4453 4451
f 4409 4315 4452
f 4315 4449 4452
f 4196 4356 4281
f 4410 4409 4455
f 4453 4450 4500
f 4500 4450 4411
f 4658 4359 4502
f 4316 4457 4414
f 4455 4457 4316
f 4456 4554 4235
f 4236 4554 4507
f 4505 4415 4506
f 4458 4506 4415
f 4457 4506 4416
f 4318 4502 4412
f 4416 4506 4459
f 4417 4506 4458
f 4318 4360 4236
f 4506 4417 4421
f 4459 4506 4421
f 4416 4459 4421
f 4360 4318 4419
f 4364 4589 4292
f 4589 4422 4292
f 4363 4422 4508
f 4589 4364 4590
f 4365 4363 4508
f 4366 4508 4558
f 4423 4366 4558
f 4423 4558 4462
f 4368 4559 4510
f 4370 4368 4463
f 4370 4371 4323
f 4371 4182 4324
f 4560 4464 4465
f 4182 4593 4511
f 4511 4467 4373
f 4636 4250 4076
f 4214 4248 4213
f 4469 4014 4695
f 4514 4426 4470
f 4426 4514 4515
f 4427 4566 4326
f 4516 4426 4515
f 4428 4426 4516
f 4565 4471 4428
f 4565 4473 4471
f 4472 4567 4566
f 4473 4474 4471
f 4471 4474 4429
f 4377 4378 4518
f 4474 4379 4429
f 4378 4431 4518
f 4518 4431 4432
f 4521 4430 4569
f 4432 4430 4521
f 4432 4476 4520
f 4435 4520 4476
f 4432 4521 4434
f 4434 4477 4436
f 4523 4477 4434
f 4519 4435 4522
f 4337 4438 4479
f 4338 4478 4382
f 4340 4439 4479
f 4571 4258 4219
f 4572 4480 4260
f 4344 4260 4480
f 4481 4344 4384
f 4739 4671 4483
f 4484 4345 4530
f 4386 3993 4486
f 4489 4490 4488
f 4388 4574 4532
f 4708 4533 4490
f 4224 4607 4673
f 4224 4163 4607
f 4607 4163 4266
f 4575 4264 4304
f 4264 4534 4392
f 4306 4307 4536
f 4491 4444 4126
f 4394 4267 4128
f 4395 4578 4308
f 4578 4542 4308
f 4445 4398 4577
f 4399 4397 4680
f 4399 4680 4492
f 4398 4493 4577
f 4492 4541 4399
f 4649 4682 4349
f 4618 4495 4309
f 4618 4309 4496
f 4496 4309 4497
f 4447 4401 4582
f 4499 4497 4352
f 4276 4499 4352
f 4276 4406 4448
f 4448 4499 4276
f 4406 4499 4448
f 4546 4499 4406
f 4314 4452 4449
f 4407 4548 4621
f 4451 4406 4450
f 4409 4550 4454
f 4454 4550 4453
f 4453 4551 4454
f 4097 4658 4408
f 4359 4658 4097
f 4551 4453 4500
f 4454 4551 4409
f 4455 4409 4501
f 4455 4501 4457
f 4411 4413 4504
f 4413 4415 4504
f 4415 4505 4504
f 4504 4505 4555
f 4457 4503 4555
f 4457 4555 4506
f 4506 4555 4505
f 4507 4502 4318
f 4236 4507 4318
f 4422 4589 4508
f 4364 4460 4590
f 4592 4460 4461
f 4558 4509 4462
f 4461 4464 4592
f 4462 4509 4423
f 4509 4559 4423
f 4368 4510 4463
f 4463 4510 4370
f 4510 4371 4370
f 4371 4593 4182
f 4466 4560 4465
f 4467 4511 4561
f 4249 4213 4248
f 4424 4513 4251
f 4425 4513 4424
f 4562 4425 4469
f 4375 4469 4425
f 4564 4595 4517
f 4428 4516 4565
f 4517 4596 4565
f 4566 4567 4806
f 4565 4474 4473
f 4377 4518 4472
f 4518 4568 4472
f 4379 4474 4430
f 4432 4475 4518
f 4520 4518 4475
f 4432 4520 4475
f 4523 4434 4521
f 4520 4435 4519
f 4437 4477 4338
f 4477 4478 4338
f 4478 4600 4440
f 4524 4571 4440
f 4525 4256 4255
f 4997 4441 4258
f 4441 4572 4154
f 4526 4525 4343
f 4384 4527 4262
f 4531 4529 4386
f 4531 4386 4485
f 4642 4486 4388
f 4708 4490 4489
f 4533 4606 4575
f 4605 4224 4673
f 4575 4534 4264
f 4347 4306 4535
f 4534 4443 4392
f 4675 4536 4537
f 4393 4491 4126
f 4444 4539 4395
f 4128 4679 4394
f 4680 4540 4541
f 4579 4577 4493
f 4399 4541 4494
f 4541 4543 4494
f 4615 4544 4684
f 4544 4446 4400
f 4618 4580 4495
f 4446 4617 4582
f 4446 4582 4401
f 4718 4349 4545
f 4497 4653 4496
f 4447 4582 4619
f 4653 4497 4546
f 4350 4626 4228
f 4497 4499 4546
f 4228 4626 4498
f 4404 4403 4452
f 4406 4587 4546
f 4655 4621 4548
f 4451 4587 4406
f 4549 4587 4451
f 4453 4549 4451
f 4550 4549 4453
f 4586 4587 4550
f 4588 4550 4409
f 4452 4588 4409
f 4411 4551 4500
f 4409 4551 4553
f 4409 4553 4501
f 4504 4551 4411
f 4503 4551 4504
f 4457 4501 4553
f 4551 4503 4457
f 4553 4551 4457
f 4555 4503 4504
f 4694 4464 4560
f 4511 4593 4561
f 4635 4729 4468
f 4512 4730 4636
f 4695 4014 4250
f 4425 4562 4513
f 4664 4326 4805
f 4376 4664 4514
f 4326 4563 4732
f 4326 4566 4563
f 4565 4516 4666
f 4665 4517 4565
f 4564 4517 4665
f 4517 4595 4668
f 4806 4732 4566
f 4565 4596 4474
f 4472 4568 4567
f 4568 4519 4567
f 4430 4474 4569
f 4518 4520 4568
f 4520 4519 4568
f 4597 4523 4570
f 4523 4597 4477
f 4597 4478 4477
f 4525 4526 4256
f 4997 4572 4441
f 4776 4573 4572
f 4526 4442 4602
f 4480 4384 4344
f 4442 5034 4864
f 4442 4671 5034
f 4262 4527 4603
f 4739 4483 4672
f 4672 4483 4528
f 4742 4484 4302
f 4672 4528 4529
f 4485 4529 4531
f 4642 4386 4486
f 4604 4488 4487
f 4604 4489 4488
f 4642 4388 4532
f 4347 4535 4266
f 4443 4491 4393
f 4444 4491 4539
f 4540 4680 4610
f 4539 4576 4395
f 4395 4576 4578
f 4680 4541 4492
f 4612 4542 4578
f 4493 4495 4579
f 4446 4544 4615
f 4495 4580 4579
f 4581 4617 4446
f 4447 4619 4403
f 4584 4653 4546
f 4620 4583 4403
f 4546 4688 4584
f 4403 4583 4585
f 4585 4583 4452
f 4585 4452 4403
f 4452 4583 4547
f 4547 4625 4452
f 4587 4549 4550
f 4588 4586 4550
f 4356 4658 4552
f 4658 4502 4554
f 4552 4554 4456
f 4507 4554 4502
f 4631 4556 4589
f 4589 4590 4630
f 4556 4508 4589
f 4558 4508 4557
f 4558 4557 4591
f 4460 4592 4632
f 4558 4591 4509
f 5022 4560 4466
f 4250 4636 4695
f 4662 4214 4803
f 4251 4803 4214
f 4469 4804 4562
f 4732 4697 4326
f 4770 4564 4594
f 4638 4564 4698
f 4563 4566 4732
f 4595 4564 4667
f 4638 4667 4564
f 4569 4474 4596
f 4521 4736 4523
f 4523 4736 4570
f 4522 4737 4519
f 4522 4337 4598
f 4597 4599 4478
f 4599 4738 4478
f 4738 4600 4478
f 4600 4524 4440
f 4571 4601 4258
f 4864 4526 4602
f 4603 4527 4384
f 4603 4814 4262
f 4814 4482 4262
f 4302 4482 4815
f 4742 4345 4484
f 4606 4645 4575
f 4646 4535 4306
f 4266 4535 4646
f 4536 4646 4306
f 4646 4536 4675
f 4491 4609 4539
f 4648 4538 4394
f 4540 4610 4678
f 4610 4680 4837
f 4679 4577 4611
f 4680 4397 4682
f 4542 4612 4684
f 4615 4684 4650
f 4614 4579 4580
f 4615 4581 4446
f 4581 4615 4617
f 4617 4619 4582
f 4494 4793 4350
f 4653 4618 4496
f 4651 4618 4653
f 4545 4354 4621
f 4619 4620 4403
f 4350 4723 4626
f 4584 4688 4653
f 4623 4688 4546
f 4546 4622 4623
f 4587 4622 4546
f 4587 4624 4623
f 4587 4623 4622
f 4586 4624 4587
f 4625 4588 4452
f 4498 4656 4762
f 4407 4794 4548
f 4658 4356 4628
f 4763 4356 4657
f 4658 4554 4552
f 4589 4630 4629
f 4659 4589 4629
f 4631 4589 4659
f 4556 4631 4508
f 4508 4631 4767
f 4632 4590 4460
f 4559 4661 4510
f 4592 4464 4634
f 4694 4634 4464
f 4371 4510 4561
f 4371 4561 4593
f 4468 4248 4214
f 4804 4469 4695
f 4663 4251 4513
f 4637 4513 4562
f 4805 4326 4697
f 4665 4594 4564
f 4698 4564 4770
f 4665 4565 4666
f 4667 4668 4595
f 4596 4734 4569
f 4567 4519 4858
f 4700 4521 4569
f 4521 4700 4736
f 4639 4570 4736
f 4570 4639 4597
f 4639 4599 4597
f 4598 4337 4702
f 4337 4479 4703
f 4439 4703 4479
f 4738 4524 4600
f 4997 4776 4572
f 4572 4640 4480
f 4480 4640 4384
f 4864 4602 4442
f 4603 4384 4640
f 4742 4302 4815
f 4672 4529 4741
f 4530 4345 4641
f 4642 4532 4574
f 4744 4489 4604
f 4391 4605 4389
f 4489 4644 4708
f 4709 4533 4708
f 4711 4673 4607
f 4645 4674 4575
f 4575 4674 4534
f 4608 4713 4534
f 4713 4443 4534
f 4675 4537 4538
f 4443 4647 4491
f 4749 4610 4876
f 4647 4609 4491
f 4676 4610 4749
f 4752 4538 4648
f 4677 4538 4752
f 4876 4610 4837
f 4576 4716 4578
f 4754 4541 4540
f 4679 4611 4838
f 4838 4611 4577
f 4681 4838 4577
f 4613 4541 4784
f 4613 4543 4541
f 4683 4579 4614
f 4577 4579 4683
f 4543 4613 4494
f 4649 4349 4931
f 4613 4760 4494
f 4652 4614 4580
f 4615 4685 4617
f 4760 4793 4494
f 4580 4618 4652
f 4652 4618 4651
f 4617 4616 4619
f 4350 4793 4723
f 4545 4791 4718
f 4687 4653 4688
f 4545 4621 4791
f 4583 4620 4547
f 4688 4623 4624
f 4547 4620 4625
f 4620 4654 4625
f 4588 4654 4624
f 4586 4588 4624
f 4625 4654 4588
f 4656 4655 4548
f 4626 4656 4498
f 4407 4408 4794
f 4628 4763 4658
f 4356 4763 4628
f 4658 4627 4408
f 4659 4629 4693
f 4629 4630 4693
f 4764 4590 4765
f 4630 4590 4764
f 4557 4508 4767
f 4590 4632 4765
f 4632 4592 4660
f 4633 4509 4591
f 4561 4510 4661
f 4466 4729 5022
f 4939 4729 4635
f 4214 4662 4468
f 4663 4803 4251
f 4562 4731 4637
f 4664 4805 4855
f 4516 4515 4666
f 4772 4668 4667
f 4772 4699 4668
f 4517 4668 4596
f 4898 4734 4596
f 4774 4519 4737
f 4737 4522 4598
f 4256 4526 4669
f 4901 4526 4864
f 4345 4742 4641
f 4485 4906 4529
f 4387 4530 4641
f 4642 4706 4819
f 4643 4487 4743
f 4487 4643 4604
f 4574 4706 4642
f 4604 4643 4744
f 4744 4644 4489
f 4707 4605 4673
f 4533 4710 4606
f 4606 4674 4645
f 4711 4607 4266
f 4534 4674 4608
f 4538 4677 4675
f 4678 4610 4676
f 4784 4541 4754
f 4682 4649 4929
f 4614 4652 4717
f 4615 4650 4685
f 4617 4685 4616
f 4685 4720 4616
f 4616 4720 4619
f 4720 4689 4619
f 4619 4689 4620
f 4624 4687 4688
f 4689 4691 4620
f 4723 4690 4626
f 4690 4692 4626
f 4654 4691 4624
f 4691 4654 4620
f 4655 4692 4621
f 4626 4692 4656
f 4656 4692 4655
f 4656 4548 4794
f 4656 4794 4762
f 4762 4657 4356
f 4630 4764 4693
f 4631 4659 4767
f 4557 4726 4591
f 4765 4632 4660
f 4592 4634 4660
f 4559 4936 4661
f 4661 4852 4561
f 4561 4937 4768
f 4768 4467 4561
f 4635 4468 4939
f 4513 4637 4663
f 4804 4731 4562
f 4514 4664 4855
f 4594 4665 4666
f 4514 4855 4515
f 4770 5024 4698
f 4699 4944 4668
f 4944 4596 4668
f 4858 4519 4774
f 4569 4735 4700
f 4702 4337 4703
f 4669 4703 4439
f 4601 4670 4258
f 4775 4258 4670
f 4258 4775 4997
f 4572 4573 4640
f 4640 4573 4603
f 4815 4482 4740
f 4741 4529 4906
f 4485 4386 4704
f 4641 4705 4387
f 4574 4745 4706
f 4605 4707 4389
f 4707 4673 4827
f 4709 4710 4533
f 4711 4747 4673
f 4674 4712 4608
f 4266 4646 4832
f 4832 4646 4675
f 4749 4714 4676
f 4443 4713 4647
f 4752 4835 4677
f 4713 4782 4647
f 4782 4609 4647
f 4838 4783 4394
f 4609 4716 4539
f 4678 4715 4540
f 4715 4754 4540
f 4394 4679 4838
f 4539 4716 4576
f 4716 4787 4578
f 4755 4681 4577
f 4578 4787 4612
f 4680 4682 4929
f 4577 4683 4755
f 4612 4787 4684
f 4684 4787 4756
f 4684 4756 4650
f 4683 4614 4717
f 4349 4718 4931
f 4758 4717 4652
f 4685 4650 4757
f 4757 4759 4685
f 4685 4719 4720
f 4653 4652 4651
f 4686 4653 4687
f 4689 4721 4686
f 4719 4721 4689
f 4689 4720 4719
f 4686 4687 4624
f 4724 4686 4624
f 4791 4621 4690
f 4691 4686 4724
f 4689 4686 4691
f 4724 4624 4691
f 4621 4692 4690
f 4794 4408 4725
f 4408 4627 4725
f 4659 4693 4795
f 4659 4795 4796
f 4796 4797 4659
f 4659 4797 4849
f 4849 4767 4659
f 4767 4726 4557
f 4591 4728 4633
f 4633 4728 4509
f 4660 4634 4983
f 4634 5020 4983
f 4728 4559 4509
f 4852 4937 4561
f 4467 4768 4730
f 4802 4468 4662
f 4666 4696 4594
f 4855 4771 4515
f 4896 4698 5024
f 4896 4807 4698
f 4698 4807 4638
f 4638 4807 4667
f 4596 4944 4733
f 4733 4898 4596
f 4809 4737 4598
f 4639 4860 4599
f 4702 4809 4598
f 4702 4703 4809
f 4996 4571 4524
f 4601 4571 4670
f 4671 4739 5034
f 4814 4603 4813
f 4742 4907 4641
f 4642 4704 4386
f 4643 4743 4744
f 4745 4574 4389
f 4780 4644 4744
f 4708 4644 4746
f 4827 4673 4747
f 4709 4708 4710
f 4710 4708 4748
f 4710 4748 4606
f 4606 4748 4674
f 4266 4832 4711
f 4608 4712 4713
f 4712 4750 4713
f 4836 4678 4676
f 4609 4782 4716
f 4394 4752 4648
f 4752 4394 4783
f 4887 4838 4681
f 4716 4839 4787
f 4756 4789 4650
f 4789 4757 4650
f 4758 4683 4717
f 4685 4759 4719
f 4761 4652 4653
f 4686 4761 4653
f 4721 4761 4686
f 4791 4690 4722
f 4722 4690 4723
f 4762 4763 4657
f 4795 4693 4891
f 4765 4766 4798
f 4983 5155 4765
f 4726 4727 4591
f 4765 4660 4983
f 4730 4768 4937
f 5022 4729 4939
f 4893 4695 4636
f 4662 4803 4854
f 4805 4697 4732
f 4666 4515 4769
f 4772 4944 4699
f 4806 4567 4773
f 4773 4567 4858
f 4569 4734 4735
f 4701 4859 4774
f 4700 4808 4736
f 4774 4737 4701
f 4701 4737 4809
f 4736 4860 4639
f 4599 4860 4810
f 4599 4811 4738
f 4703 4669 4812
f 4738 4861 4524
f 4861 4996 4524
f 4670 4571 4775
f 4776 4903 4573
f 4603 4573 4952
f 4482 4814 4777
f 4904 4672 4741
f 4816 4907 4742
f 4907 4817 4641
f 4641 4817 4705
f 4642 4819 4909
f 4387 4705 4818
f 4487 4820 4743
f 4743 4820 4744
f 4706 4745 4778
f 4780 4744 4779
f 4389 4707 4827
f 4827 4747 4828
f 4708 4746 4826
f 4826 4748 4708
f 4711 4829 4747
f 4831 4711 4832
f 4781 4712 4674
f 4835 4832 4675
f 4749 4924 4830
f 4834 4836 4749
f 4924 4749 4876
f 4835 4675 4677
f 4750 4751 4713
f 4749 4836 4714
f 4835 4752 4878
f 4713 4751 4782
f 4836 4715 4678
f 4782 4753 4716
f 4716 4753 4886
f 4715 4784 4754
f 4887 4681 4785
f 4786 4788 4784
f 4784 4788 4613
f 4839 4756 4787
f 4755 4683 4790
f 4758 4790 4683
f 4846 4790 4758
f 4757 4789 4759
f 4759 4792 4719
f 4652 4846 4758
f 4761 4846 4652
f 4719 4792 4846
f 4721 4846 4761
f 4719 4846 4721
f 4793 4791 4722
f 4793 4722 4723
f 4762 4794 4763
f 4658 4725 4627
f 4763 4725 4658
f 4693 4764 4935
f 4764 4765 4798
f 5155 4851 4765
f 4591 5304 4728
f 4727 5304 4591
f 4728 5106 4559
f 5021 4936 4559
f 4937 4799 4730
f 4730 4799 4940
f 4939 4468 4800
f 4801 4893 4636
f 4695 4893 4804
f 4663 4637 4731
f 4666 4769 4696
f 4805 4732 4806
f 4895 4805 4806
f 5026 4667 4896
f 4807 4896 4667
f 4857 4895 4806
f 4808 4860 4736
f 4703 4949 4809
f 4810 4811 4599
f 4861 4738 4811
f 4669 4526 4951
f 4951 4526 4901
f 5033 4901 4864
f 4864 5034 4863
f 4777 4740 4482
f 4704 5005 4485
f 4817 4818 4705
f 4642 4909 4704
f 4911 4819 4706
f 4778 4867 4706
f 4744 4821 4915
f 4744 4915 4822
f 4745 4958 4778
f 4779 4744 4822
f 4868 4745 4827
f 4745 4389 4827
f 4779 4644 4780
f 4869 4827 4828
f 4824 4825 4644
f 4644 4825 4826
f 4644 4826 4746
f 4747 4829 4828
f 4748 4826 4781
f 4831 4829 4711
f 4748 4781 4674
f 4749 4830 5007
f 4781 4833 4712
f 4712 4833 4750
f 4878 4925 4835
f 4714 4836 4676
f 4972 4783 4838
f 4881 4784 4715
f 4837 4680 4929
f 4882 4838 4887
f 4886 4839 4716
f 4755 4785 4681
f 4931 4929 4649
f 4756 4839 4789
f 4840 4889 4755
f 4788 4786 4613
f 4839 4841 4789
f 4786 5012 4613
f 4841 4759 4789
f 4790 4840 4755
f 5012 4843 4613
f 4846 4845 4790
f 4759 4790 4845
f 4844 4790 4759
f 4718 4791 4931
f 4792 4845 4846
f 4759 4845 4792
f 4760 4791 4793
f 4843 4760 4613
f 4725 4763 4794
f 4847 4795 4891
f 4796 4795 4847
f 4797 4796 4892
f 4764 4798 4935
f 4980 4798 4766
f 4766 4765 4851
f 4727 4767 4982
f 4767 4727 4726
f 5106 5021 4559
f 5268 4661 4936
f 4560 5022 4694
f 5052 5022 4939
f 4985 4853 4636
f 4853 4801 4636
f 4801 4853 4893
f 4662 4854 4802
f 4804 4987 4731
f 4667 4856 4772
f 4806 4773 4946
f 4858 4946 4773
f 4733 4991 4898
f 4898 4735 4734
f 4700 4735 4947
f 4859 4992 4774
f 4669 4862 4812
f 4951 4862 4669
f 4775 4571 5070
f 4903 4776 4997
f 5033 4864 4863
f 4573 4903 4952
f 5034 4739 5074
f 4865 4603 4952
f 4813 4603 4865
f 4866 4739 4672
f 4815 4740 4777
f 4815 4905 4742
f 4741 5001 4904
f 4906 5001 4741
f 4816 4742 4905
f 4485 5005 4906
f 4387 4818 4913
f 4910 4909 4819
f 4387 4913 4487
f 4913 4820 4487
f 4911 4706 4867
f 4820 4913 4744
f 4821 4912 4915
f 4822 4915 4779
f 4868 4958 4745
f 4823 4644 4779
f 4827 4869 4868
f 4870 4824 4644
f 4871 4916 4828
f 4871 4828 4872
f 4826 4824 4871
f 4825 4824 4826
f 4872 4828 4919
f 4826 4871 4872
f 4828 4829 4919
f 4872 4874 4826
f 4826 4874 4781
f 4781 4874 4875
f 5007 4834 4749
f 5007 4830 5149
f 4829 4831 4922
f 4781 4875 4833
f 4832 4835 4831
f 4833 4875 4750
f 4831 4835 4925
f 4834 4965 4836
f 4750 4875 4926
f 4876 5150 4924
f 4750 4926 4879
f 4750 4879 4751
f 4879 4926 4751
f 4876 4837 5210
f 4836 4881 4715
f 4968 4783 4972
f 4752 4783 4968
f 4782 4880 4753
f 4882 4972 4838
f 4929 5011 4837
f 4887 4785 4888
f 4839 4886 4884
f 4755 4888 4785
f 4784 4930 4786
f 4839 4884 4890
f 4889 4888 4755
f 4890 4889 4841
f 4839 4890 4841
f 4759 4841 4889
f 4889 4840 4790
f 4790 4842 4889
f 4842 4790 4844
f 4889 4842 4844
f 4759 4889 4844
f 4791 5012 4931
f 5012 4791 4843
f 4843 4791 4760
f 4891 4693 4932
f 4892 4796 4847
f 4797 4848 4849
f 4798 4980 4979
f 4981 4767 4848
f 4850 4767 4981
f 4767 4850 4982
f 5020 4634 5050
f 4661 4937 4852
f 4799 4937 4940
f 4730 4940 4636
f 5054 4939 4800
f 4985 4636 4940
f 4468 4802 4854
f 5112 4804 4893
f 4803 4663 4854
f 4594 4696 4770
f 4805 4895 4855
f 5026 4856 4667
f 4944 4772 4945
f 4806 4946 4857
f 4944 5174 4897
f 4897 4733 4944
f 5029 4898 5116
f 5116 4898 4991
f 4946 4858 4774
f 4898 4947 4735
f 4701 4809 4899
f 4950 4811 4810
f 5031 4812 4862
f 5069 4571 4996
f 4571 5069 5070
f 5070 4997 4775
f 4997 4902 4903
f 4906 5005 5002
f 4817 4907 4908
f 5005 4704 4954
f 4817 4908 4818
f 4909 4955 4704
f 4910 4955 4909
f 4819 4867 4910
f 4911 4867 4819
f 4914 4867 4778
f 4913 4821 4744
f 4915 4914 4778
f 4915 4778 4958
f 4823 4915 4958
f 4779 4915 4823
f 4868 4960 4958
f 4823 4870 4644
f 4869 4828 5006
f 4916 5006 4828
f 4824 4870 4917
f 4917 4916 4871
f 4824 4917 4871
f 4874 4872 4918
f 4872 4919 4918
f 4874 4918 4919
f 4919 4829 4873
f 4874 4919 4921
f 5007 5149 5093
f 5007 4920 4834
f 4874 4921 4875
f 4926 4875 4877
f 4925 4966 4831
f 4836 4965 4927
f 4926 4928 4751
f 4751 4928 4969
f 4968 4878 4752
f 4751 4969 4782
f 4782 4969 4880
f 4880 4969 4753
f 5011 4929 4883
f 4881 4973 4784
f 4753 4885 4886
f 4886 4885 4884
f 4882 4887 4884
f 4884 4887 4889
f 4887 4888 4889
f 4884 4889 4890
f 4847 4891 4933
f 4892 4847 4933
f 4932 4693 4934
f 4693 4935 4934
f 4892 4978 4797
f 4797 4978 5104
f 4797 5104 4848
f 4935 4798 4979
f 4849 4848 4767
f 4980 4766 5049
f 4851 5155 4766
f 4634 4694 5050
f 4937 4938 4940
f 4941 4853 4985
f 4941 4893 4853
f 4468 4854 4986
f 4804 4942 4987
f 4770 4696 5168
f 4943 4895 4857
f 4946 4990 4857
f 4944 4945 5174
f 4991 4733 5116
f 5029 5061 4898
f 4946 4774 4992
f 4859 5123 4992
f 4700 4948 4808
f 4859 4701 4899
f 4950 4861 4811
f 4902 4998 4903
f 4739 5075 5074
f 5075 4739 4866
f 4672 4904 5000
f 5001 5000 4904
f 4815 4777 4905
f 5002 5001 4906
f 4907 5004 4908
f 4908 4953 4955
f 4818 4908 4955
f 4914 4910 4867
f 5042 4956 4915
f 4957 5042 4915
f 4912 4957 4915
f 4915 4956 4914
f 4869 4960 4868
f 4958 4959 4961
f 4958 4961 4823
f 4960 4869 5006
f 4961 4917 4823
f 4917 4959 4916
f 4870 4823 4917
f 5205 5008 5007
f 5007 4962 4920
f 4873 4829 4922
f 4873 4922 4921
f 4920 4963 4834
f 4919 4873 4921
f 4963 4964 4834
f 4923 4921 4922
f 4921 4923 4875
f 4922 4831 4923
f 4967 4923 4831
f 4875 4923 4877
f 4964 4965 4834
f 4967 4831 4966
f 4877 4923 4967
f 4966 4925 4967
f 4877 4967 4926
f 5210 5150 4876
f 4925 4878 4967
f 4968 4967 4878
f 4926 4967 4928
f 4970 4967 4968
f 4969 4967 4970
f 4928 4967 4969
f 4836 4927 4881
f 5011 5044 4837
f 4970 4968 4969
f 4969 4968 4753
f 4753 4968 4972
f 4971 4972 4882
f 4974 4973 4881
f 4884 4971 4882
f 4972 4971 4885
f 4753 4972 4885
f 4885 4971 4884
f 4974 4784 4973
f 4974 4975 4784
f 4975 4930 4784
f 4883 4931 5012
f 4929 4931 4883
f 4786 4930 5012
f 5014 4891 4976
f 4891 4932 4976
f 4933 4891 5014
f 5015 4892 4933
f 4934 4935 4979
f 4850 4981 4982
f 5268 4937 4661
f 5052 5051 5022
f 5052 4939 5054
f 4468 4986 4800
f 4941 4985 4893
f 5112 4893 5023
f 4731 4894 4663
f 4515 4771 4769
f 4769 5057 4696
f 4770 5168 5170
f 5170 5024 4770
f 4896 5024 4989
f 4896 5058 5026
f 5026 5058 4856
f 4857 4990 5059
f 5028 4946 4992
f 4733 5176 5116
f 4898 5061 4947
f 4947 4948 4700
f 4808 4948 4860
f 4859 4899 5065
f 4948 4810 4860
f 4950 4810 4993
f 4809 4949 4899
f 4949 4703 4812
f 4994 4949 4812
f 4994 4812 5031
f 4996 4861 4995
f 4951 4900 4862
f 4951 4901 4900
f 4900 4901 5033
f 4998 4952 4903
f 5035 4952 4999
f 4952 5036 4865
f 5035 5036 4952
f 4865 5036 4813
f 4813 5037 4814
f 5037 4777 4814
f 5000 4866 4672
f 4905 5003 4816
f 4816 5003 4907
f 4908 5090 5005
f 5004 5090 4908
f 5005 4954 4953
f 4908 5005 4953
f 4955 4954 4704
f 4953 4954 4955
f 4910 4818 4955
f 4910 5042 4818
f 4818 5042 4912
f 4913 4818 4821
f 4821 4818 4912
f 4914 5042 4910
f 4956 5042 4914
f 4912 5042 4957
f 4958 4960 4959
f 4916 4960 5006
f 4959 4960 4916
f 4917 4961 4959
f 5007 5008 4962
f 4924 5149 4830
f 4837 5044 5210
f 4927 5096 4881
f 4883 5010 5011
f 4974 4883 5012
f 4975 4974 4930
f 5012 4930 4974
f 4976 4977 5013
f 4976 5013 5014
f 4976 5101 4977
f 4976 4932 5101
f 4933 5014 5015
f 5014 5047 5015
f 4892 5015 5047
f 4932 4934 5016
f 4932 5016 5101
f 4892 5017 4978
f 4934 4979 5016
f 4979 4980 5049
f 4848 5019 4981
f 5155 4983 5157
f 4728 5304 5106
f 5222 4694 5022
f 5268 5053 4937
f 4940 4938 4985
f 4985 5023 4893
f 4731 5055 4894
f 4942 4731 4987
f 4804 5112 4942
f 4895 5025 4855
f 4769 4771 5228
f 5057 4769 5056
f 5171 4895 4943
f 5058 4896 4989
f 5059 5173 4857
f 4772 5027 5323
f 5027 4772 4856
f 4946 5059 4990
f 5059 4946 5028
f 5176 4733 4897
f 5061 5030 4947
f 5030 5122 4947
f 4859 5124 5123
f 4948 4993 4810
f 4899 4949 5067
f 4950 4993 4861
f 4995 4861 4993
f 5069 4996 5032
f 4900 5033 5284
f 4998 5072 4952
f 5034 5196 4863
f 4999 4952 5072
f 5036 5037 4813
f 5037 5038 4777
f 4777 5038 4905
f 5000 5001 5142
f 5087 5001 5002
f 5038 5039 4905
f 5087 5002 5005
f 4905 5039 5003
f 5087 5005 5041
f 5003 5040 4907
f 4907 5040 5004
f 5090 5041 5005
f 5007 5093 5205
f 5094 4962 5008
f 4962 5148 4920
f 4920 5148 4963
f 4963 5043 4964
f 4965 4964 5043
f 5096 5009 4881
f 4881 5009 4974
f 5009 5010 4974
f 4974 5010 4883
f 5045 5013 4977
f 5099 5013 5045
f 5100 5013 5099
f 5013 5100 5014
f 5014 5100 5152
f 4977 5101 5217
f 5047 5014 5152
f 4892 5047 5017
f 5101 5016 5102
f 5104 5048 4848
f 5018 5019 4848
f 5019 5105 4981
f 4766 5155 5049
f 5157 4983 5020
f 5268 4936 5021
f 5052 5054 5051
f 4937 5108 4938
f 4984 5054 4800
f 5023 4985 5163
f 5023 5273 5112
f 5166 4854 4663
f 5273 5111 5112
f 4942 5055 4731
f 4855 5275 4771
f 5228 5318 4769
f 5056 4769 5318
f 5024 4988 5229
f 5229 4989 5024
f 5171 5025 4895
f 4943 4857 5171
f 5363 5027 4856
f 5028 4992 5059
f 5179 5059 4992
f 5179 4992 5060
f 5061 5116 5118
f 5116 5061 5029
f 5117 5062 5061
f 5062 5030 5061
f 5122 5063 4947
f 4859 5126 5124
f 4947 5063 4948
f 5126 4859 5065
f 4948 5064 5128
f 5063 5064 4948
f 4948 5128 5132
f 4948 5066 4993
f 4949 4994 5067
f 5242 5031 4862
f 4996 4995 5032
f 4862 4900 5284
f 5284 5033 5137
f 5194 5070 5138
f 5070 5194 4997
f 4997 5071 4902
f 4863 5196 5139
f 4902 5072 4998
f 5197 5196 5034
f 5072 5035 4999
f 5075 5141 5074
f 5141 5075 4866
f 5142 5076 4866
f 5142 4866 5000
f 5078 5079 5080
f 5077 5079 5078
f 5077 5078 5081
f 5078 5080 5082
f 5082 5083 5084
f 5082 5084 5078
f 5078 5084 5081
f 5038 5081 5084
f 5087 5142 5001
f 5089 5085 5086
f 5083 5086 5085
f 5083 5085 5084
f 5084 5085 5089
f 5038 5084 5089
f 5003 5039 5038
f 5040 5003 5038
f 5004 5040 5090
f 5038 5091 5040
f 5148 4962 5094
f 5148 5095 4963
f 5043 4963 5295
f 5207 4924 5208
f 5208 4924 5150
f 5011 5098 5044
f 5096 5097 5009
f 5097 5098 5011
f 5010 5097 5011
f 5097 5010 5009
f 5213 5099 5045
f 4977 5046 5045
f 4977 5217 5046
f 5102 5016 5103
f 5017 5104 4978
f 5104 5018 5048
f 5016 4979 5154
f 5048 5018 4848
f 5105 4982 4981
f 5304 4727 4982
f 5157 5020 5303
f 5303 5020 5158
f 5050 5158 5020
f 5106 5107 5021
f 5021 5107 5308
f 4694 5222 5050
f 5222 5022 5382
f 5022 5051 5382
f 5159 5356 5051
f 5054 5159 5051
f 5268 5108 5053
f 5312 5159 5054
f 5053 5108 4937
f 5108 5160 4938
f 4938 5160 4985
f 4984 4800 5109
f 4800 5162 5109
f 5162 4800 4986
f 4986 4854 5166
f 5110 5166 4663
f 4894 5110 4663
f 5055 5110 4894
f 4942 5112 5055
f 4696 5057 5169
f 4855 5025 5171
f 5275 4855 5171
f 5171 4857 5173
f 4989 5229 5058
f 5276 5058 5229
f 4945 4772 5114
f 5174 4945 5114
f 5175 5115 4897
f 5115 5176 4897
f 5118 5117 5061
f 5117 5119 5120
f 5117 5120 5062
f 5062 5120 5030
f 5123 5060 4992
f 5030 5120 5121
f 5121 5122 5030
f 5123 5124 5125
f 5122 5125 5063
f 5063 5125 5064
f 5127 5124 5126
f 5127 5126 5065
f 5129 5127 5065
f 5132 5128 5130
f 4899 5129 5065
f 5188 5129 4899
f 5132 5131 4948
f 4948 5131 5066
f 5188 4899 5133
f 5067 5133 4899
f 5066 5134 4993
f 5134 5135 4993
f 5067 4994 5031
f 4993 5135 5136
f 4993 5136 4995
f 5136 5032 4995
f 5069 5032 5068
f 5069 5247 5070
f 5247 5138 5070
f 5194 5071 4997
f 5071 5250 4902
f 5072 4902 5251
f 5034 5074 5197
f 5072 5073 5035
f 5035 5140 5036
f 5076 5141 4866
f 5037 5036 5201
f 5143 5081 5037
f 5037 5081 5038
f 5081 5144 5077
f 5079 5145 5080
f 5079 5144 5145
f 5077 5144 5079
f 5144 5142 5087
f 5145 5144 5146
f 5080 5147 5082
f 5080 5145 5147
f 5145 5146 5147
f 5082 5147 5083
f 5144 5087 5089
f 5146 5144 5089
f 5086 5146 5089
f 5147 5146 5086
f 5083 5147 5086
f 5088 5091 5087
f 5087 5091 5089
f 5087 5041 5088
f 5089 5091 5038
f 5090 5088 5041
f 5090 5091 5088
f 5040 5091 5090
f 4963 5095 5259
f 5149 4924 5207
f 5043 5295 4965
f 5295 5209 4965
f 5260 4965 5209
f 5210 5208 5150
f 4965 5260 4927
f 5260 5151 4927
f 4927 5151 5096
f 5096 5151 5097
f 5151 5044 5097
f 5098 5097 5044
f 5046 5215 5045
f 5099 5218 5100
f 5217 5101 5262
f 5100 5218 5152
f 5101 5102 5219
f 5262 5101 5219
f 5047 5220 5017
f 5047 5153 5220
f 5102 5103 5154
f 5154 5103 5016
f 4979 5049 5154
f 5155 5221 5049
f 5156 5304 4982
f 5355 5106 5304
f 5106 5308 5107
f 5268 5223 5108
f 5109 5054 4984
f 4985 5160 5163
f 5162 5161 5109
f 4986 5225 5162
f 4986 5164 5225
f 5163 5165 5023
f 4986 5166 5164
f 5165 5226 5023
f 5226 5273 5023
f 5167 5166 5110
f 5055 5167 5110
f 5111 5167 5055
f 5112 5111 5055
f 5057 5056 5169
f 5113 5170 5168
f 5171 5173 5230
f 4856 5058 5172
f 5323 5027 5363
f 5114 4772 5231
f 4772 5323 5231
f 5173 5059 5179
f 5175 4897 5174
f 5115 5175 5176
f 5177 5118 5116
f 5176 5177 5116
f 5178 5177 5176
f 5117 5181 5119
f 5118 5181 5117
f 5177 5181 5118
f 5119 5235 5120
f 5120 5235 5121
f 5123 5237 5060
f 5121 5182 5122
f 5182 5123 5183
f 5122 5182 5183
f 5122 5183 5123
f 5122 5123 5125
f 5125 5124 5184
f 5125 5184 5064
f 5184 5124 5064
f 5064 5124 5128
f 5124 5127 5185
f 5124 5185 5128
f 5185 5127 5128
f 5128 5127 5130
f 5130 5127 5186
f 5130 5186 5187
f 5130 5187 5132
f 5129 5188 5127
f 5239 5186 5127
f 5132 5187 5131
f 5187 5186 5131
f 5066 5131 5134
f 5067 5188 5133
f 5135 5134 5189
f 5191 5188 5067
f 5067 5031 5191
f 5189 5136 5135
f 5136 5189 5190
f 5242 4862 5245
f 4862 5192 5245
f 5284 5192 4862
f 5069 5068 5247
f 5247 5193 5194
f 5194 5138 5247
f 5033 5248 5137
f 4863 5139 5033
f 5033 5139 5196
f 5195 5071 5194
f 5197 5288 5196
f 5073 5140 5035
f 5074 5141 5200
f 5140 5199 5036
f 5076 5200 5141
f 5036 5199 5201
f 5202 5200 5076
f 5037 5201 5203
f 5202 5076 5204
f 5142 5204 5076
f 5037 5203 5143
f 5203 5204 5144
f 5081 5143 5203
f 5204 5142 5144
f 5081 5203 5144
f 5205 5092 5370
f 5092 5205 5093
f 5293 5092 5093
f 5008 5206 5094
f 5093 5149 5428
f 5341 5149 5207
f 4963 5259 5295
f 5260 5208 5210
f 5260 5211 5151
f 5210 5044 5211
f 5044 5151 5211
f 5213 5045 5296
f 5296 5045 5297
f 5045 5215 5297
f 5213 5214 5216
f 5215 5046 5408
f 5046 5217 5408
f 5218 5099 5300
f 5218 5300 5152
f 5152 5300 5047
f 5102 5154 5263
f 5154 5266 5264
f 5220 5104 5017
f 5154 5049 5266
f 5156 4982 5105
f 5157 5303 5155
f 5308 5106 5305
f 5382 5051 5383
f 5356 5383 5051
f 5159 5312 5356
f 5223 5268 5357
f 5312 5054 5269
f 5269 5054 5109
f 5160 5224 5163
f 5109 5161 5269
f 5225 5161 5162
f 5166 5225 5164
f 5111 5166 5167
f 4771 5275 5228
f 5319 5024 5170
f 5230 5275 5171
f 5363 4856 5364
f 5172 5364 4856
f 5364 5058 5276
f 5364 5172 5058
f 5173 5232 5230
f 5363 5452 5323
f 5232 5173 5179
f 5232 5179 5180
f 5233 5174 5114
f 5234 5278 5232
f 5281 5176 5175
f 5180 5179 5235
f 5119 5232 5180
f 5234 5232 5119
f 5181 5234 5119
f 5278 5234 5181
f 5178 5281 5177
f 5176 5281 5178
f 5235 5179 5060
f 5235 5060 5237
f 5180 5235 5119
f 5235 5237 5121
f 5121 5237 5238
f 5121 5238 5182
f 5123 5236 5237
f 5182 5236 5123
f 5237 5236 5182
f 5182 5238 5237
f 5127 5240 5239
f 5188 5240 5127
f 5186 5239 5131
f 5131 5239 5240
f 5131 5240 5190
f 5191 5241 5188
f 5131 5190 5134
f 5134 5190 5189
f 5190 5243 5136
f 5031 5242 5191
f 5136 5244 5032
f 5243 5244 5136
f 5032 5244 5326
f 5032 5326 5068
f 5192 5284 5245
f 5068 5246 5247
f 5246 5286 5247
f 5248 5284 5137
f 5247 5249 5193
f 5193 5249 5194
f 5194 5249 5195
f 5196 5288 5033
f 5071 5195 5250
f 5250 5251 4902
f 5072 5289 5252
f 5251 5289 5072
f 5197 5074 5288
f 5198 5288 5074
f 5072 5252 5073
f 5073 5252 5140
f 5198 5074 5290
f 5253 5290 5074
f 5200 5253 5074
f 5140 5252 5199
f 5253 5200 5202
f 5255 5253 5202
f 5292 5255 5202
f 5203 5254 5292
f 5199 5254 5201
f 5203 5292 5202
f 5201 5254 5203
f 5202 5256 5203
f 5256 5202 5204
f 5203 5256 5204
f 5205 5338 5008
f 5338 5427 5008
f 5257 5008 5339
f 5008 5257 5206
f 5206 5257 5094
f 5148 5259 5095
f 5208 5260 5209
f 5210 5211 5260
f 5213 5296 5212
f 5212 5214 5213
f 5297 5215 5345
f 5213 5216 5099
f 5408 5217 5261
f 5099 5216 5300
f 5261 5217 5262
f 5219 5261 5262
f 5263 5154 5264
f 5104 5220 5410
f 5410 5265 5104
f 5104 5265 5018
f 5353 5267 5018
f 5221 5266 5049
f 5018 5267 5019
f 5156 5105 5412
f 5050 5222 5382
f 5312 5311 5356
f 5223 5313 5108
f 5108 5314 5160
f 5313 5314 5108
f 5160 5314 5224
f 5224 5314 5163
f 5161 5225 5269
f 5225 5315 5269
f 5270 5315 5225
f 5163 5316 5165
f 5166 5270 5225
f 5271 5270 5166
f 5317 5271 5166
f 5165 5316 5226
f 5272 5317 5166
f 5111 5272 5166
f 5273 5272 5111
f 5056 5318 5169
f 4696 5169 5227
f 5168 4696 5274
f 5024 5319 4988
f 5170 5113 5319
f 5275 5230 5232
f 5232 5320 5275
f 5231 5324 5114
f 5232 5278 5279
f 5181 5279 5278
f 5366 5181 5177
f 5177 5280 5366
f 5281 5280 5177
f 5399 5281 5175
f 5188 5241 5240
f 5190 5240 5241
f 5190 5241 5243
f 5241 5191 5282
f 5191 5242 5282
f 5243 5241 5282
f 5243 5282 5242
f 5283 5242 5245
f 5243 5242 5283
f 5284 5283 5245
f 5326 5286 5068
f 5068 5286 5246
f 5284 5248 5285
f 5287 5285 5248
f 5247 5286 5249
f 5248 5033 5287
f 5033 5288 5287
f 5252 5289 5336
f 5252 5336 5199
f 5292 5253 5255
f 5254 5199 5292
f 5370 5092 5454
f 5205 5370 5338
f 5427 5339 5008
f 5428 5092 5293
f 5293 5093 5428
f 5403 5149 5258
f 5094 5371 5148
f 5148 5342 5259
f 5207 5208 5342
f 5295 5342 5208
f 5295 5208 5209
f 5212 5296 5373
f 5214 5212 5373
f 5298 5214 5344
f 5345 5215 5346
f 5346 5215 5408
f 5047 5350 5153
f 5047 5300 5350
f 5263 5377 5219
f 5102 5263 5219
f 5264 5377 5263
f 5153 5301 5220
f 5220 5301 5410
f 5378 5264 5266
f 5265 5410 5018
f 5353 5018 5410
f 5352 5266 5221
f 5267 5353 5019
f 5019 5302 5105
f 5221 5155 5354
f 5354 5155 5502
f 5303 5502 5155
f 5439 5106 5355
f 5106 5439 5305
f 5383 5356 5307
f 5309 5021 5308
f 5021 5309 5268
f 5268 5310 5357
f 5357 5313 5223
f 5269 5387 5312
f 5270 5390 5315
f 5314 5316 5163
f 5270 5271 5390
f 5226 5316 5273
f 5273 5317 5272
f 5316 5317 5273
f 4696 5227 5542
f 5168 5274 5113
f 4988 5362 5229
f 5320 5228 5275
f 5277 5320 5232
f 5232 5321 5277
f 5321 5232 5279
f 5279 5322 5321
f 5324 5231 5323
f 5181 5366 5279
f 5399 5280 5281
f 5174 5399 5175
f 5243 5326 5244
f 5284 5325 5283
f 5326 5368 5286
f 5284 5285 5325
f 5327 5325 5285
f 5286 5329 5249
f 5285 5287 5327
f 5249 5329 5195
f 5288 5327 5287
f 5329 5328 5195
f 5369 5327 5288
f 5288 5330 5369
f 5251 5250 5333
f 5330 5288 5335
f 5288 5198 5335
f 5251 5333 5334
f 5253 5335 5198
f 5334 5333 5289
f 5251 5334 5289
f 5253 5198 5290
f 5335 5253 5336
f 5335 5336 5289
f 5291 5336 5253
f 5291 5253 5292
f 5292 5336 5291
f 5199 5336 5292
f 5370 5337 5338
f 5454 5092 5401
f 5339 5340 5257
f 5402 5428 5149
f 5257 5294 5094
f 5341 5258 5149
f 5342 5341 5207
f 5259 5342 5343
f 5259 5343 5295
f 5342 5295 5343
f 5373 5296 5431
f 5374 5214 5373
f 5431 5297 5345
f 5296 5297 5431
f 5214 5374 5344
f 5298 5347 5214
f 5214 5347 5216
f 5408 5261 5436
f 5436 5261 5348
f 5299 5300 5409
f 5219 5349 5261
f 5299 5350 5300
f 5349 5219 5377
f 5350 5299 5153
f 5412 5105 5302
f 5303 5381 5502
f 5156 5380 5304
f 5303 5158 5381
f 5050 5415 5158
f 5050 5382 5415
f 5305 5384 5308
f 5384 5306 5308
f 5309 5308 5385
f 5356 5311 5386
f 5356 5386 5417
f 5310 5268 5309
f 5387 5442 5312
f 5269 5390 5387
f 5315 5390 5269
f 5314 5313 5358
f 5314 5358 5359
f 5314 5359 5316
f 5271 5360 5390
f 5361 5360 5271
f 5317 5361 5271
f 5393 5361 5317
f 5316 5359 5393
f 5316 5393 5317
f 4696 5542 5274
f 5423 5319 5113
f 5228 5322 5318
f 5228 5320 5322
f 5394 5364 5276
f 5320 5277 5321
f 5322 5320 5321
f 5279 5365 5322
f 5397 5324 5323
f 5452 5395 5323
f 5366 5365 5279
f 5367 5233 5114
f 5114 5324 5397
f 5396 5366 5280
f 5367 5399 5174
f 5233 5367 5174
f 5283 5325 5243
f 5243 5325 5326
f 5368 5326 5325
f 5368 5325 5327
f 5329 5368 5327
f 5286 5368 5329
f 5329 5327 5328
f 5328 5327 5369
f 5328 5331 5195
f 5331 5328 5369
f 5195 5331 5250
f 5369 5330 5332
f 5250 5331 5333
f 5331 5369 5332
f 5331 5332 5333
f 5332 5330 5335
f 5289 5332 5335
f 5333 5332 5289
f 5370 5454 5400
f 5401 5092 5428
f 5257 5429 5294
f 5258 5341 5405
f 5341 5148 5371
f 5341 5372 5148
f 5372 5341 5342
f 5148 5372 5342
f 5431 5345 5375
f 5375 5345 5434
f 5345 5346 5434
f 5434 5346 5408
f 5408 5462 5434
f 5347 5376 5216
f 5216 5409 5300
f 5261 5349 5348
f 5299 5301 5153
f 5410 5301 5467
f 5378 5266 5351
f 5351 5266 5411
f 5411 5266 5352
f 5352 5221 5411
f 5379 5411 5221
f 5019 5353 5302
f 5412 5302 5353
f 5221 5354 5379
f 5156 5412 5414
f 5384 5305 5470
f 5307 5356 5417
f 5384 5385 5306
f 5306 5385 5308
f 5442 5311 5312
f 5442 5386 5311
f 5387 5390 5388
f 5357 5389 5313
f 5313 5389 5358
f 5360 5419 5388
f 5390 5391 5388
f 5391 5360 5388
f 5360 5391 5390
f 5392 5360 5393
f 5393 5360 5361
f 5359 5358 5393
f 5319 5423 4988
f 5227 5169 5477
f 5113 5274 5543
f 5423 5113 5543
f 5362 5394 5229
f 5229 5394 5276
f 5318 5322 5424
f 5365 5424 5322
f 5363 5364 5394
f 5366 5450 5365
f 5396 5450 5366
f 5398 5396 5399
f 5367 5114 5453
f 5114 5397 5453
f 5399 5396 5280
f 5370 5400 5426
f 5337 5427 5338
f 5428 5402 5403
f 5402 5149 5403
f 5429 5257 5340
f 5294 5429 5094
f 5094 5429 5404
f 5094 5404 5371
f 5371 5405 5341
f 5344 5374 5461
f 5344 5406 5298
f 5462 5408 5407
f 5298 5406 5376
f 5298 5376 5347
f 5376 5409 5216
f 5348 5349 5585
f 5585 5349 5377
f 5377 5264 5585
f 5378 5465 5264
f 5351 5411 5378
f 5414 5412 5413
f 5381 5468 5502
f 5156 5414 5380
f 5381 5158 5415
f 5304 5380 5355
f 5416 5470 5305
f 5439 5416 5305
f 5415 5382 5469
f 5382 5383 5469
f 5307 5417 5383
f 5384 5309 5385
f 5444 5442 5387
f 5310 5309 5418
f 5388 5444 5387
f 5310 5418 5357
f 5357 5418 5389
f 5419 5444 5388
f 5389 5420 5358
f 5360 5392 5419
f 5393 5421 5392
f 5422 5421 5393
f 5358 5422 5393
f 5169 5449 5477
f 5169 5318 5449
f 5449 5318 5424
f 5363 5451 5452
f 5396 5480 5450
f 5452 5425 5395
f 5453 5398 5399
f 5367 5453 5399
f 5370 5572 5483
f 5370 5426 5572
f 5483 5337 5370
f 5454 5401 5484
f 5405 5403 5258
f 5405 5429 5403
f 5429 5405 5371
f 5404 5429 5371
f 5374 5373 5431
f 5432 5374 5431
f 5430 5431 5434
f 5434 5431 5375
f 5461 5406 5344
f 5434 5462 5435
f 5408 5499 5407
f 5408 5436 5499
f 5348 5499 5436
f 5499 5348 5463
f 5409 5464 5299
f 5299 5464 5301
f 5264 5465 5585
f 5301 5464 5467
f 5378 5411 5586
f 5410 5534 5353
f 5353 5534 5437
f 5353 5437 5412
f 5616 5379 5502
f 5413 5412 5437
f 5354 5502 5379
f 5413 5437 5438
f 5468 5562 5561
f 5380 5505 5355
f 5384 5470 5440
f 5469 5383 5386
f 5383 5417 5386
f 5440 5443 5384
f 5443 5441 5384
f 5384 5441 5309
f 5309 5441 5443
f 5442 5472 5386
f 5444 5472 5442
f 5309 5443 5418
f 5444 5419 5446
f 5389 5418 5420
f 5392 5446 5419
f 5421 5422 5446
f 5421 5446 5392
f 5358 5445 5447
f 5420 5445 5358
f 5447 5422 5358
f 5227 5567 5542
f 5567 5227 5477
f 5542 5543 5274
f 5448 5423 5543
f 4988 5423 5362
f 5449 5424 5365
f 5449 5365 5450
f 5479 5363 5394
f 5512 5451 5363
f 5425 5452 5451
f 5398 5480 5396
f 5481 5480 5398
f 5323 5453 5397
f 5400 5454 5426
f 5426 5454 5546
f 5337 5545 5427
f 5484 5428 5516
f 5401 5428 5484
f 5427 5545 5339
f 5403 5429 5455
f 5339 5487 5340
f 5429 5340 5487
f 5488 5457 5458
f 5456 5489 5457
f 5457 5459 5458
f 5489 5459 5457
f 5494 5431 5430
f 5432 5431 5494
f 5374 5432 5494
f 5495 5433 5374
f 5526 5430 5434
f 5374 5433 5461
f 5434 5435 5460
f 5462 5407 5435
f 5376 5406 5500
f 5465 5378 5586
f 5437 5534 5501
f 5504 5414 5438
f 5414 5413 5438
f 5562 5468 5381
f 5416 5439 5506
f 5416 5508 5470
f 5386 5471 5469
f 5473 5440 5470
f 5472 5471 5386
f 5472 5444 5475
f 5446 5475 5444
f 5420 5418 5445
f 5445 5476 5422
f 5422 5475 5446
f 5422 5476 5475
f 5445 5422 5447
f 5477 5449 5478
f 5362 5479 5394
f 5478 5449 5450
f 5479 5512 5363
f 5480 5478 5450
f 5482 5481 5453
f 5453 5481 5398
f 5483 5545 5337
f 5545 5515 5339
f 5403 5516 5428
f 5487 5339 5485
f 5403 5455 5486
f 5403 5486 5516
f 5487 5486 5455
f 5487 5455 5429
f 5457 5488 5520
f 5456 5457 5521
f 5524 5490 5459
f 5524 5459 5489
f 5491 5459 5490
f 5491 5490 5524
f 5493 5491 5524
f 5374 5494 5525
f 5430 5526 5494
f 5374 5525 5495
f 5526 5434 5496
f 5495 5497 5433
f 5434 5460 5496
f 5433 5497 5461
f 5435 5407 5528
f 5461 5497 5406
f 5407 5499 5498
f 5376 5500 5409
f 5464 5409 5532
f 5466 5467 5464
f 5533 5467 5466
f 5533 5410 5467
f 5410 5533 5534
f 5411 5379 5616
f 5501 5438 5437
f 5414 5504 5380
f 5355 5505 5439
f 5505 5506 5439
f 5507 5469 5471
f 5470 5508 5509
f 5509 5473 5470
f 5440 5473 5443
f 5473 5510 5443
f 5443 5510 5418
f 5510 5474 5418
f 5541 5472 5475
f 5476 5541 5475
f 5474 5541 5511
f 5511 5541 5445
f 5474 5511 5418
f 5445 5541 5476
f 5418 5511 5445
f 5448 5568 5423
f 5423 5568 5362
f 5362 5512 5479
f 5480 5513 5478
f 5481 5514 5480
f 5514 5323 5395
f 5482 5514 5481
f 5453 5514 5482
f 5323 5514 5453
f 5546 5454 5484
f 5515 5547 5339
f 5485 5339 5547
f 5485 5486 5487
f 5517 5519 5518
f 5520 5521 5457
f 5633 5489 5456
f 5458 5459 5522
f 5522 5459 5603
f 5459 5491 5603
f 5524 5492 5493
f 5491 5493 5492
f 5491 5577 5576
f 5492 5577 5491
f 5549 5494 5605
f 5525 5494 5549
f 5494 5526 5605
f 5526 5496 5552
f 5497 5495 5553
f 5435 5528 5460
f 5497 5529 5406
f 5407 5498 5528
f 5406 5529 5530
f 5499 5528 5498
f 5556 5499 5643
f 5530 5500 5406
f 5463 5643 5499
f 5500 5531 5409
f 5532 5409 5531
f 5463 5348 5585
f 5532 5614 5464
f 5586 5411 5587
f 5616 5502 5561
f 5468 5561 5502
f 5535 5503 5438
f 5503 5504 5438
f 5504 5536 5380
f 5380 5591 5505
f 5469 5507 5537
f 5591 5506 5505
f 5591 5416 5506
f 5416 5593 5538
f 5564 5537 5507
f 5416 5509 5508
f 5538 5509 5416
f 5540 5507 5471
f 5564 5507 5540
f 5509 5539 5473
f 5472 5540 5471
f 5539 5540 5473
f 5540 5472 5473
f 5510 5473 5541
f 5472 5541 5473
f 5510 5541 5474
f 5478 5513 5477
f 5362 5544 5512
f 5513 5480 5514
f 5512 5425 5451
f 5596 5514 5395
f 5425 5596 5395
f 5545 5483 5515
f 5516 5546 5484
f 5485 5547 5516
f 5485 5516 5486
f 5599 5517 5518
f 5519 5599 5518
f 5601 5521 5520
f 5520 5488 5660
f 5488 5458 5631
f 5521 5633 5456
f 5489 5633 5523
f 5458 5522 5603
f 5576 5603 5491
f 5524 5489 5523
f 5492 5524 5523
f 5576 5577 5548
f 5492 5637 5577
f 5492 5578 5637
f 5525 5549 5495
f 5550 5526 5552
f 5605 5526 5550
f 5549 5551 5495
f 5496 5527 5552
f 5460 5527 5496
f 5497 5553 5555
f 5583 5642 5460
f 5460 5528 5583
f 5497 5555 5529
f 5529 5555 5530
f 5556 5528 5499
f 5500 5530 5531
f 5531 5530 5557
f 5614 5558 5464
f 5464 5558 5466
f 5587 5411 5616
f 5534 5560 5501
f 5560 5535 5501
f 5619 5561 5562
f 5501 5535 5438
f 5504 5535 5536
f 5503 5535 5504
f 5536 5591 5380
f 5620 5381 5415
f 5620 5415 5469
f 5537 5655 5469
f 5563 5593 5416
f 5591 5563 5416
f 5538 5565 5539
f 5509 5538 5539
f 5565 5566 5539
f 5566 5564 5540
f 5539 5566 5540
f 5543 5542 5594
f 5448 5543 5568
f 5513 5569 5477
f 5569 5513 5570
f 5544 5425 5512
f 5514 5570 5513
f 5514 5595 5570
f 5571 5514 5596
f 5515 5483 5572
f 5546 5516 5573
f 5515 5573 5516
f 5515 5516 5547
f 5678 5517 5657
f 5517 5599 5657
f 5517 5626 5519
f 5602 5521 5601
f 5660 5488 5631
f 5521 5632 5633
f 5458 5681 5631
f 5458 5603 5681
f 5576 5635 5603
f 5492 5523 5634
f 5604 5548 5577
f 5579 5549 5605
f 5605 5552 5638
f 5549 5579 5551
f 5605 5550 5552
f 5608 5551 5579
f 5495 5551 5608
f 5460 5552 5527
f 5581 5553 5495
f 5582 5554 5553
f 5553 5554 5555
f 5555 5554 5530
f 5463 5585 5643
f 5584 5531 5557
f 5531 5614 5532
f 5644 5465 5586
f 5559 5533 5466
f 5534 5559 5588
f 5533 5559 5534
f 5588 5560 5534
f 5616 5561 5618
f 5618 5561 5619
f 5536 5535 5589
f 5653 5562 5381
f 5536 5589 5621
f 5620 5653 5381
f 5536 5621 5590
f 5469 5655 5620
f 5537 5592 5655
f 5564 5592 5537
f 5566 5565 5564
f 5543 5596 5568
f 5569 5567 5477
f 5542 5567 5594
f 5596 5543 5594
f 5568 5596 5362
f 5567 5569 5570
f 5362 5596 5544
f 5571 5595 5514
f 5596 5595 5571
f 5544 5596 5425
f 5546 5572 5426
f 5597 5573 5515
f 5573 5597 5546
f 5574 5598 5719
f 5657 5599 5574
f 5574 5575 5598
f 5601 5520 5660
f 5633 5634 5523
f 5635 5576 5604
f 5634 5749 5492
f 5576 5548 5604
f 5578 5683 5637
f 5577 5637 5604
f 5664 5605 5638
f 5579 5605 5666
f 5664 5666 5605
f 5606 5579 5666
f 5638 5552 5687
f 5687 5552 5607
f 5579 5606 5608
f 5607 5552 5580
f 5609 5495 5608
f 5581 5495 5609
f 5460 5610 5640
f 5609 5582 5553
f 5581 5609 5553
f 5642 5610 5460
f 5611 5642 5583
f 5583 5528 5611
f 5582 5612 5530
f 5554 5582 5530
f 5556 5611 5528
f 5530 5613 5557
f 5585 5465 5644
f 5614 5615 5558
f 5615 5466 5558
f 5644 5586 5669
f 5669 5586 5647
f 5587 5647 5586
f 5647 5587 5616
f 5618 5648 5616
f 5560 5559 5617
f 5588 5559 5560
f 5617 5650 5560
f 5651 5619 5562
f 5560 5589 5535
f 5651 5562 5653
f 5654 5621 5589
f 5563 5590 5621
f 5591 5590 5563
f 5590 5591 5536
f 5564 5565 5592
f 5565 5623 5656
f 5677 5538 5622
f 5593 5622 5538
f 5563 5622 5593
f 5538 5623 5565
f 5567 5570 5594
f 5595 5594 5570
f 5596 5594 5595
f 5572 5597 5515
f 5546 5597 5572
f 5574 5719 5657
f 5626 5517 5624
f 5719 5598 5625
f 5625 5598 5600
f 5625 5600 5627
f 5599 5721 5574
f 5574 5721 5575
f 5721 5599 5519
f 5627 5600 5628
f 5519 5698 5721
f 5628 5629 5627
f 5601 5630 5602
f 5602 5630 5521
f 5630 5632 5521
f 5492 5749 5578
f 5663 5638 5687
f 5666 5662 5688
f 5608 5666 5688
f 5666 5608 5606
f 5580 5708 5607
f 5641 5608 5639
f 5460 5640 5580
f 5552 5460 5580
f 5608 5641 5609
f 5641 5667 5582
f 5609 5641 5582
f 5612 5613 5530
f 5643 5585 5713
f 5557 5668 5584
f 5584 5668 5531
f 5713 5585 5755
f 5531 5668 5614
f 5466 5615 5645
f 5645 5646 5466
f 5466 5646 5559
f 5671 5647 5616
f 5648 5671 5616
f 5650 5559 5649
f 5617 5559 5650
f 5619 5648 5618
f 5589 5673 5652
f 5589 5650 5673
f 5560 5650 5589
f 5589 5652 5654
f 5676 5653 5620
f 5676 5620 5655
f 5563 5621 5654
f 5563 5677 5622
f 5592 5656 5655
f 5565 5656 5592
f 5677 5623 5538
f 5678 5624 5517
f 5626 5624 5519
f 5629 5788 5627
f 5628 5600 5722
f 5658 5698 5519
f 5629 5659 5788
f 5601 5660 5630
f 5660 5631 5661
f 5680 5632 5630
f 5631 5681 5661
f 5632 5680 5633
f 5725 5681 5726
f 5681 5603 5726
f 5634 5633 5797
f 5604 5636 5635
f 5604 5662 5636
f 5705 5637 5683
f 5604 5637 5662
f 5662 5637 5705
f 5662 5666 5684
f 5664 5638 5663
f 5707 5663 5687
f 5686 5663 5707
f 5665 5688 5662
f 5608 5688 5639
f 5639 5667 5641
f 5611 5556 5643
f 5612 5557 5613
f 5557 5714 5668
f 5668 5714 5614
f 5755 5585 5644
f 5644 5669 5690
f 5615 5780 5645
f 5690 5669 5647
f 5670 5649 5559
f 5692 5671 5648
f 5619 5692 5648
f 5619 5717 5692
f 5649 5693 5650
f 5650 5693 5673
f 5673 5674 5652
f 5676 5695 5651
f 5652 5674 5696
f 5696 5654 5652
f 5651 5653 5676
f 5654 5696 5675
f 5677 5675 5676
f 5677 5676 5656
f 5675 5677 5654
f 5676 5655 5656
f 5654 5677 5563
f 5623 5677 5656
f 5787 5519 5624
f 5762 5600 5598
f 5575 5762 5598
f 5787 5658 5519
f 5628 5790 5629
f 5661 5630 5660
f 5680 5797 5633
f 5603 5635 5727
f 5682 5635 5636
f 5768 5636 5703
f 5770 5683 5578
f 5636 5662 5684
f 5684 5685 5636
f 5684 5666 5685
f 5662 5705 5665
f 5663 5686 5685
f 5664 5663 5685
f 5666 5664 5685
f 5687 5607 5707
f 5688 5753 5639
f 5580 5640 5610
f 5667 5689 5612
f 5582 5667 5612
f 5755 5644 5735
f 5735 5644 5690
f 5646 5691 5559
f 5559 5691 5670
f 5692 5717 5671
f 5670 5691 5649
f 5649 5672 5693
f 5691 5672 5649
f 5717 5619 5651
f 5718 5717 5651
f 5695 5718 5651
f 5673 5693 5674
f 5693 5694 5674
f 5694 5697 5675
f 5674 5694 5675
f 5694 5695 5676
f 5674 5675 5696
f 5697 5694 5676
f 5697 5676 5675
f 5678 5657 5784
f 5575 5721 5762
f 5629 5790 5679
f 5723 5658 5699
f 5700 5658 5723
f 5681 5725 5661
f 5603 5727 5726
f 5797 5702 5634
f 5727 5635 5728
f 5635 5682 5728
f 5634 5702 5749
f 5682 5729 5728
f 5636 5701 5729
f 5682 5636 5729
f 5701 5636 5768
f 5749 5770 5578
f 5636 5704 5703
f 5704 5769 5703
f 5636 5685 5704
f 5685 5769 5704
f 5685 5686 5769
f 5705 5706 5665
f 5686 5707 5769
f 5707 5607 5731
f 5708 5731 5607
f 5580 5774 5708
f 5709 5732 5639
f 5639 5732 5667
f 5580 5610 5827
f 5667 5733 5689
f 5689 5733 5612
f 5643 5713 5775
f 5733 5710 5612
f 5775 5713 5711
f 5557 5612 5712
f 5557 5712 5714
f 5614 5714 5778
f 5614 5780 5615
f 5737 5736 5647
f 5647 5736 5690
f 5759 5647 5671
f 5645 5691 5646
f 5759 5671 5742
f 5742 5671 5717
f 5691 5716 5672
f 5718 5742 5717
f 5672 5716 5693
f 5716 5694 5693
f 5784 5624 5678
f 5627 5788 5625
f 5722 5600 5762
f 5698 5744 5721
f 5722 5762 5628
f 5699 5658 5787
f 5658 5700 5698
f 5700 5724 5745
f 5723 5818 5700
f 5700 5630 5724
f 5630 5661 5724
f 5700 5818 5630
f 5818 5680 5630
f 5661 5725 5724
f 5768 5703 5769
f 5705 5683 5706
f 5769 5707 5771
f 5771 5707 5750
f 5707 5731 5750
f 5731 5708 5752
f 5824 5688 5665
f 5753 5688 5824
f 5708 5774 5752
f 5753 5709 5639
f 5642 5827 5610
f 5827 5642 5611
f 5611 5643 5775
f 5612 5710 5734
f 5612 5734 5712
f 5711 5713 5840
f 5614 5778 5780
f 5690 5736 5735
f 5756 5737 5647
f 5756 5647 5739
f 5759 5739 5647
f 5780 5715 5645
f 5645 5715 5691
f 5759 5742 5741
f 5691 5740 5716
f 5716 5741 5742
f 5740 5741 5716
f 5716 5742 5743
f 5716 5743 5694
f 5694 5743 5695
f 5742 5718 5695
f 5743 5742 5695
f 5719 5625 5783
f 5719 5783 5657
f 5720 5624 5784
f 5787 5624 5720
f 5744 5762 5721
f 5760 5699 5787
f 5698 5745 5744
f 5762 5790 5628
f 5699 5760 5723
f 5698 5700 5745
f 5760 5793 5723
f 5723 5793 5818
f 5818 5766 5680
f 5725 5747 5724
f 5725 5726 5747
f 5726 5727 5747
f 5727 5728 5748
f 5748 5729 5701
f 5728 5729 5748
f 5701 5730 5796
f 5701 5768 5730
f 5751 5683 5770
f 5706 5683 5751
f 5706 5751 5665
f 5665 5773 5824
f 5753 5732 5709
f 5774 5580 5827
f 5667 5732 5826
f 5826 5754 5667
f 5667 5754 5733
f 5733 5734 5710
f 5734 5733 5712
f 5755 5840 5713
f 5735 5840 5755
f 5735 5736 5777
f 5780 5757 5715
f 5758 5739 5759
f 5691 5758 5759
f 5715 5758 5691
f 5740 5759 5741
f 5691 5759 5740
f 5762 5744 5745
f 5659 5629 5761
f 5679 5763 5629
f 5745 5724 5764
f 5747 5727 5794
f 5818 5746 5766
f 5727 5748 5765
f 5680 5766 5797
f 5770 5749 5767
f 5768 5769 5730
f 5769 5799 5730
f 5800 5769 5771
f 5751 5875 5665
f 5875 5773 5665
f 5753 5824 5803
f 5611 5805 5827
f 5611 5775 5839
f 5776 5775 5711
f 5714 5712 5806
f 5714 5806 5841
f 5737 5777 5736
f 5756 5777 5737
f 5778 5738 5780
f 5780 5738 5845
f 5756 5807 5779
f 5739 5807 5756
f 5757 5781 5715
f 5781 5782 5715
f 5739 5782 5807
f 5715 5782 5758
f 5758 5782 5739
f 5657 5783 5810
f 5784 5657 5811
f 5720 5784 5787
f 5785 5783 5625
f 5625 5788 5785
f 5788 5659 5761
f 5762 5789 5790
f 5762 5745 5789
f 5629 5830 5761
f 5791 5790 5789
f 5629 5763 5830
f 5791 5679 5790
f 5745 5791 5789
f 5792 5791 5745
f 5760 5852 5793
f 5792 5764 5791
f 5745 5764 5792
f 5724 5791 5764
f 5724 5747 5791
f 5747 5794 5791
f 5727 5765 5794
f 5765 5748 5795
f 5795 5701 5796
f 5748 5701 5795
f 5746 5797 5766
f 5797 5798 5702
f 5702 5798 5749
f 5767 5749 5798
f 5796 5730 5821
f 5799 5769 5800
f 5771 5750 5772
f 5772 5750 5802
f 5802 5750 5731
f 5752 5802 5731
f 5752 5774 5891
f 5891 5774 5825
f 5753 5826 5732
f 5805 5834 5827
f 5837 5733 5804
f 5733 5754 5804
f 5805 5611 5839
f 5775 5776 5839
f 5838 5712 5733
f 5711 5840 5776
f 5828 5840 5735
f 5777 5828 5735
f 5756 5779 5777
f 5807 5809 5779
f 5845 5808 5780
f 5780 5808 5757
f 5807 5848 5809
f 5757 5808 5781
f 5807 5782 5848
f 5850 5811 5657
f 5812 5783 5785
f 5811 5786 5784
f 5784 5786 5787
f 5785 5788 5897
f 5813 5787 5786
f 5788 5761 5830
f 5897 5788 5887
f 5813 5760 5787
f 5813 5851 5760
f 5853 5763 5679
f 5791 5814 5679
f 5852 5817 5818
f 5793 5852 5818
f 5816 5794 5814
f 5791 5816 5814
f 5791 5794 5816
f 5794 5815 5814
f 5818 5817 5746
f 5794 5765 5815
f 5765 5795 5819
f 5796 5821 5819
f 5795 5796 5819
f 5820 5797 5746
f 5821 5730 5799
f 5770 5767 5833
f 5770 5823 5751
f 5801 5751 5823
f 5801 5875 5751
f 5826 5803 5860
f 5803 5826 5753
f 5826 5804 5754
f 5733 5837 5838
f 5712 5838 5806
f 5840 5839 5776
f 5779 5828 5777
f 5844 5828 5809
f 5809 5828 5779
f 5778 5843 5738
f 5843 5845 5738
f 5848 5829 5809
f 5808 5848 5781
f 5781 5848 5782
f 5783 5812 5896
f 5886 5783 5896
f 5810 5783 5886
f 5657 5886 5850
f 5657 5810 5886
f 5830 5868 5788
f 5852 5760 5870
f 5814 5815 5679
f 5815 5819 5854
f 5815 5765 5819
f 5817 5820 5746
f 5873 5821 5822
f 5797 5856 5798
f 5821 5832 5822
f 5770 5833 5823
f 5771 5772 5874
f 5802 5752 5891
f 5834 5774 5827
f 5826 5836 5804
f 5839 5863 5805
f 5892 5863 5839
f 5837 5864 5838
f 5841 5843 5714
f 5714 5843 5778
f 5844 5842 5828
f 5847 5844 5829
f 5809 5829 5844
f 5866 5845 5843
f 5847 5829 5848
f 5845 5846 5849
f 5808 5847 5848
f 5849 5847 5808
f 5845 5849 5808
f 5786 5850 5869
f 5786 5811 5850
f 5896 5785 5897
f 5851 5813 5786
f 5870 5760 5851
f 5830 5763 5831
f 5831 5763 5853
f 5679 5815 5853
f 5853 5815 5854
f 5817 5852 5872
f 5854 5819 5855
f 5819 5821 5855
f 5797 5820 5901
f 5821 5799 5832
f 5857 5889 5767
f 5889 5833 5767
f 5800 5771 5923
f 5923 5771 5874
f 5875 5801 5890
f 5773 5875 5824
f 5858 5802 5891
f 5860 5861 5826
f 5862 5877 5774
f 5774 5834 5862
f 5836 5826 5861
f 5834 5835 5877
f 5879 5835 5834
f 5837 5804 5878
f 5863 5834 5805
f 5838 5864 5806
f 5895 5892 5839
f 5839 5840 5895
f 5864 5841 5806
f 5840 5828 5895
f 5841 5864 5843
f 5828 5842 5895
f 5844 5865 5842
f 5843 5884 5866
f 5847 5865 5844
f 5882 5865 5847
f 5846 5882 5847
f 5866 5846 5845
f 5846 5847 5849
f 5869 5850 5886
f 5812 5785 5896
f 5788 5868 5887
f 5870 5871 5852
f 5853 5854 5831
f 5855 5821 5873
f 5856 5797 5901
f 5857 5767 5856
f 5767 5798 5856
f 5833 5889 5823
f 5772 5802 5874
f 5875 5890 5903
f 5875 5876 5859
f 5875 5859 5803
f 5824 5875 5803
f 5862 5834 5877
f 5836 5906 5804
f 5906 5878 5804
f 5834 5863 5879
f 5837 5880 5864
f 5880 5881 5864
f 5865 5895 5842
f 5864 5881 5843
f 5843 5881 5884
f 5895 5865 5882
f 5866 5884 5885
f 5885 5916 5882
f 5866 5885 5846
f 5885 5882 5846
f 5897 5887 5917
f 5851 5786 5869
f 5868 5830 5831
f 5871 5900 5852
f 5852 5900 5872
f 5873 5854 5855
f 5820 5817 5901
f 5945 5873 5822
f 5959 5799 5800
f 5832 5799 5959
f 5888 5889 5857
f 5949 5800 5923
f 5889 5902 5823
f 5823 5902 5801
f 5876 5875 5903
f 5952 5970 5802
f 5952 5802 5858
f 5952 5891 5929
f 5859 5876 5803
f 5876 5860 5803
f 5825 5930 5891
f 5860 5931 5861
f 5774 5930 5825
f 5774 5877 5930
f 5861 5931 5836
f 5932 5877 5835
f 5931 5906 5836
f 5879 5908 5835
f 5878 5909 5837
f 5909 5880 5837
f 5863 5892 5879
f 5892 5895 5941
f 5914 5941 5895
f 5893 5914 5895
f 5881 5913 5894
f 5916 5893 5895
f 5881 5894 5884
f 5894 5916 5883
f 5882 5916 5895
f 5894 5883 5885
f 5884 5894 5885
f 5883 5916 5885
f 5896 5867 5886
f 5886 5898 5869
f 5869 5898 5899
f 5869 5899 5851
f 5851 5899 5870
f 5870 5899 5871
f 5899 5900 5871
f 5873 5956 5854
f 5872 5900 5817
f 5900 5901 5817
f 5856 5901 5888
f 5888 5857 5856
f 5947 5889 5888
f 5963 5800 5949
f 5925 5902 5889
f 5902 5890 5801
f 5891 5952 5858
f 5891 5930 5929
f 5876 5931 5860
f 5931 5904 5905
f 5877 5932 5930
f 5931 5905 5906
f 5908 5932 5835
f 5906 5905 5907
f 5906 5909 5878
f 5879 5892 5941
f 5910 5880 5909
f 5880 5910 5912
f 5880 5912 5881
f 5912 5910 5881
f 5881 5910 5911
f 5881 5911 5913
f 5911 5941 5914
f 5911 5914 5916
f 5913 5911 5894
f 5916 5914 5893
f 5911 5916 5915
f 5894 5911 5915
f 5894 5915 5916
f 5897 5918 5896
f 5886 5867 5898
f 5917 5918 5897
f 5867 5919 5898
f 5898 5919 5899
f 5868 5831 5942
f 5919 5920 5899
f 5942 5831 5854
f 5899 5920 5900
f 5900 5920 5944
f 5956 5873 5980
f 5822 5832 5945
f 5901 5921 5888
f 5888 5922 5947
f 5959 5800 5963
f 5889 5924 5925
f 5874 5949 5923
f 5966 5949 5874
f 5925 5890 5902
f 5890 5926 5903
f 5903 5953 5876
f 5930 5951 5952
f 5876 5927 5931
f 5929 5930 5952
f 5931 5927 5928
f 5932 5951 5930
f 5931 5928 5904
f 5908 5937 5932
f 5905 5909 5907
f 5907 5909 5906
f 5879 5937 5908
f 5909 5938 5935
f 5939 5937 5879
f 5935 5910 5909
f 5935 5938 5910
f 5879 5941 5939
f 5910 5938 5940
f 5910 5940 5911
f 5911 5940 5939
f 5911 5939 5941
f 5955 5867 5896
f 5896 5918 5955
f 5868 5917 5887
f 5868 5942 5917
f 5942 5854 5956
f 5919 5944 5920
f 5944 5943 5958
f 5873 5945 5946
f 5980 5873 5946
f 5944 5958 5900
f 5900 5958 5901
f 5946 5945 5832
f 5957 5832 5959
f 5921 5922 5888
f 5947 5948 5889
f 5889 5948 5924
f 5924 5967 5925
f 5874 5802 5966
f 5970 5966 5802
f 5890 5925 5926
f 5903 5926 5950
f 5903 5950 5953
f 5876 5953 5927
f 5927 5953 5928
f 5928 5953 5951
f 5932 5934 5951
f 5904 5928 5905
f 5933 5928 5951
f 5905 5928 5933
f 5933 5951 5934
f 5905 5933 5909
f 5938 5932 5937
f 5934 5932 5938
f 5909 5933 5934
f 5909 5934 5938
f 5938 5937 5936
f 5937 5954 5940
f 5936 5940 5938
f 5936 5937 5940
f 5937 5939 5954
f 5940 5954 5939
f 5867 5955 5919
f 5979 5919 5955
f 5919 5943 5944
f 5946 5832 5957
f 5901 5958 5921
f 5921 5960 5922
f 5961 5960 5921
f 5922 5960 5961
f 5922 5961 5947
f 5964 5963 5949
f 5948 5965 5924
f 5977 5964 5949
f 5966 5977 5949
f 5965 5967 5924
f 5925 5967 5968
f 5970 5969 5966
f 5968 5926 5925
f 5969 5970 5952
f 5969 5952 5971
f 5952 5951 5971
f 5951 5969 5971
f 5953 5969 5972
f 5972 5969 5951
f 5950 5969 5953
f 5953 5972 5951
f 5918 5979 5955
f 5956 5917 5942
f 5956 5980 5917
f 5979 5918 5989
f 5919 5979 5943
f 5957 5980 5946
f 5921 5973 5961
f 5958 5973 5921
f 5957 5959 5962
f 5961 5975 5947
f 5962 5959 5963
f 5947 5975 5974
f 5962 5963 5964
f 5976 5974 5962
f 5947 5976 5948
f 5974 5976 5947
f 5976 5962 5948
f 5977 5962 5964
f 5948 5962 5977
f 5965 5948 5967
f 5948 5977 5966
f 5967 5948 5968
f 5968 5948 5966
f 5968 5966 5978
f 5926 5968 5978
f 5966 5969 5978
f 5926 5978 5950
f 5950 5978 5969
f 5917 5989 5918
f 5917 5987 5989
f 5958 5943 5973
f 5973 5943 5983
f 5961 5983 5984
f 5973 5983 5961
f 5957 5962 5981
f 5961 5984 5982
f 5986 5981 5962
f 5985 5982 5986
f 5982 5985 5975
f 5961 5982 5975
f 5975 5985 5986
f 5974 5986 5962
f 5975 5986 5974
f 5987 5917 5980
f 5989 5987 5980
f 5989 5980 5988
f 5989 5988 5982
f 5979 5989 5943
f 5990 5980 5981
f 5982 5988 5990
f 5988 5980 5990
f 5989 5983 5943
f 5980 5957 5981
f 5990 5981 5982
f 5984 5989 5982
f 5983 5989 5984
f 5982 5981 5986

